date,open,close
2010-01-04,0.95000000,0.95000000
2010-01-05,0.95000000,0.95000000
2010-01-06,0.95000000,0.94000000
2010-01-07,0.95000000,0.94000000
2010-01-08,0.94000000,0.96000000
2010-01-11,0.96000000,0.95000000
2010-01-12,0.94000000,0.93000000
2010-01-13,0.93000000,0.95000000
2010-01-14,0.95000000,0.95000000
2010-01-15,0.96000000,0.93000000
2010-01-19,0.93000000,0.96000000
2010-01-20,0.95000000,0.93000000
2010-01-21,0.94000000,0.92000000
2010-01-22,0.91000000,0.86000000
2010-01-25,0.87000000,0.87000000
2010-01-26,0.87000000,0.87000000
2010-01-27,0.87000000,0.88000000
2010-01-28,0.87000000,0.84000000
2010-01-29,0.85000000,0.81000000
2010-02-01,0.81000000,0.83000000
2010-02-02,0.83000000,0.84000000
2010-02-03,0.83000000,0.85000000
2010-02-04,0.84000000,0.80000000
2010-02-05,0.81000000,0.81000000
2010-02-08,0.81000000,0.80000000
2010-02-09,0.82000000,0.82000000
2010-02-10,0.82000000,0.82000000
2010-02-11,0.82000000,0.84000000
2010-02-12,0.83000000,0.84000000
2010-02-16,0.86000000,0.87000000
2010-02-17,0.87000000,0.87000000
2010-02-18,0.87000000,0.89000000
2010-02-19,0.88000000,0.88000000
2010-02-22,0.89000000,0.88000000
2010-02-23,0.88000000,0.86000000
2010-02-24,0.87000000,0.88000000
2010-02-25,0.86000000,0.88000000
2010-02-26,0.88000000,0.88000000
2010-03-01,0.89000000,0.91000000
2010-03-02,0.91000000,0.91000000
2010-03-03,0.92000000,0.92000000
2010-03-04,0.92000000,0.92000000
2010-03-05,0.94000000,0.95000000
2010-03-08,0.95000000,0.95000000
2010-03-09,0.95000000,0.97000000
2010-03-10,0.96000000,0.98000000
2010-03-11,0.97000000,0.99000000
2010-03-12,0.99000000,0.99000000
2010-03-15,0.98000000,0.98000000
2010-03-16,0.99000000,0.99000000
2010-03-17,1.00000000,1.00000000
2010-03-18,1.00000000,1.01000000
2010-03-19,1.01000000,0.99000000
2010-03-22,0.99000000,1.01000000
2010-03-23,1.02000000,1.03000000
2010-03-24,1.02000000,1.02000000
2010-03-25,1.03000000,1.01000000
2010-03-26,1.02000000,1.02000000
2010-03-29,1.02000000,1.02000000
2010-03-30,1.03000000,1.03000000
2010-03-31,1.02000000,1.02000000
2010-04-01,1.03000000,1.02000000
2010-04-05,1.03000000,1.04000000
2010-04-06,1.03000000,1.05000000
2010-04-07,1.04000000,1.04000000
2010-04-08,1.04000000,1.04000000
2010-04-09,1.05000000,1.06000000
2010-04-12,1.06000000,1.06000000
2010-04-13,1.06000000,1.07000000
2010-04-14,1.08000000,1.10000000
2010-04-15,1.09000000,1.11000000
2010-04-16,1.10000000,1.08000000
2010-04-19,1.07000000,1.08000000
2010-04-20,1.09000000,1.09000000
2010-04-21,1.10000000,1.10000000
2010-04-22,1.08000000,1.11000000
2010-04-23,1.11000000,1.12000000
2010-04-26,1.12000000,1.12000000
2010-04-27,1.11000000,1.07000000
2010-04-28,1.08000000,1.07000000
2010-04-29,1.08000000,1.11000000
2010-04-30,1.11000000,1.07000000
2010-05-03,1.07000000,1.09000000
2010-05-04,1.07000000,1.03000000
2010-05-05,1.01000000,1.02000000
2010-05-06,1.01000000,0.95000000
2010-05-07,0.94000000,0.90000000
2010-05-10,0.98000000,1.00000000
2010-05-11,0.98000000,0.99000000
2010-05-12,1.00000000,1.03000000
2010-05-13,1.02000000,1.00000000
2010-05-14,0.98000000,0.96000000
2010-05-17,0.97000000,0.97000000
2010-05-18,0.98000000,0.94000000
2010-05-19,0.93000000,0.92000000
2010-05-20,0.89000000,0.86000000
2010-05-21,0.83000000,0.88000000
2010-05-24,0.87000000,0.87000000
2010-05-25,0.83000000,0.87000000
2010-05-26,0.88000000,0.85000000
2010-05-27,0.89000000,0.91000000
2010-05-28,0.92000000,0.90000000
2010-06-01,0.90000000,0.89000000
2010-06-02,0.90000000,0.93000000
2010-06-03,0.93000000,0.95000000
2010-06-04,0.91000000,0.88000000
2010-06-07,0.89000000,0.85000000
2010-06-08,0.85000000,0.85000000
2010-06-09,0.86000000,0.83000000
2010-06-10,0.85000000,0.88000000
2010-06-11,0.86000000,0.90000000
2010-06-14,0.91000000,0.90000000
2010-06-15,0.90000000,0.94000000
2010-06-16,0.94000000,0.95000000
2010-06-17,0.96000000,0.96000000
2010-06-18,0.96000000,0.96000000
2010-06-21,0.98000000,0.95000000
2010-06-22,0.95000000,0.93000000
2010-06-23,0.93000000,0.92000000
2010-06-24,0.91000000,0.89000000
2010-06-25,0.90000000,0.89000000
2010-06-28,0.89000000,0.88000000
2010-06-29,0.86000000,0.82000000
2010-06-30,0.81000000,0.79000000
2010-07-01,0.79000000,0.79000000
2010-07-02,0.79000000,0.78000000
2010-07-06,0.80000000,0.79000000
2010-07-07,0.79000000,0.84000000
2010-07-08,0.85000000,0.84000000
2010-07-09,0.84000000,0.86000000
2010-07-12,0.86000000,0.87000000
2010-07-13,0.88000000,0.89000000
2010-07-14,0.89000000,0.90000000
2010-07-15,0.89000000,0.90000000
2010-07-16,0.89000000,0.85000000
2010-07-19,0.85000000,0.86000000
2010-07-20,0.83000000,0.88000000
2010-07-21,0.90000000,0.86000000
2010-07-22,0.88000000,0.90000000
2010-07-23,0.89000000,0.92000000
2010-07-26,0.92000000,0.93000000
2010-07-27,0.94000000,0.93000000
2010-07-28,0.93000000,0.91000000
2010-07-29,0.92000000,0.90000000
2010-07-30,0.89000000,0.91000000
2010-08-02,0.93000000,0.94000000
2010-08-03,0.94000000,0.93000000
2010-08-04,0.94000000,0.95000000
2010-08-05,0.94000000,0.95000000
2010-08-06,0.92000000,0.94000000
2010-08-09,0.95000000,0.95000000
2010-08-10,0.94000000,0.94000000
2010-08-11,0.91000000,0.89000000
2010-08-12,0.85000000,0.87000000
2010-08-13,0.87000000,0.86000000
2010-08-16,0.85000000,0.86000000
2010-08-17,0.88000000,0.89000000
2010-08-18,0.88000000,0.89000000
2010-08-19,0.88000000,0.87000000
2010-08-20,0.86000000,0.87000000
2010-08-23,0.88000000,0.85000000
2010-08-24,0.83000000,0.82000000
2010-08-25,0.81000000,0.83000000
2010-08-26,0.84000000,0.81000000
2010-08-27,0.83000000,0.84000000
2010-08-30,0.83000000,0.82000000
2010-08-31,0.81000000,0.81000000
2010-09-01,0.83000000,0.86000000
2010-09-02,0.86000000,0.88000000
2010-09-03,0.90000000,0.91000000
2010-09-07,0.90000000,0.90000000
2010-09-08,0.90000000,0.92000000
2010-09-09,0.93000000,0.92000000
2010-09-10,0.93000000,0.93000000
2010-09-13,0.95000000,0.96000000
2010-09-14,0.95000000,0.97000000
2010-09-15,0.96000000,0.98000000
2010-09-16,0.97000000,0.99000000
2010-09-17,1.00000000,0.99000000
2010-09-20,1.00000000,1.03000000
2010-09-21,1.03000000,1.02000000
2010-09-22,1.02000000,1.02000000
2010-09-23,1.01000000,1.02000000
2010-09-24,1.04000000,1.06000000
2010-09-27,1.06000000,1.05000000
2010-09-28,1.05000000,1.05000000
2010-09-29,1.05000000,1.04000000
2010-09-30,1.06000000,1.04000000
2010-10-01,1.05000000,1.03000000
2010-10-04,1.03000000,1.01000000
2010-10-05,1.03000000,1.06000000
2010-10-06,1.06000000,1.04000000
2010-10-07,1.05000000,1.05000000
2010-10-08,1.05000000,1.06000000
2010-10-11,1.06000000,1.06000000
2010-10-12,1.06000000,1.08000000
2010-10-13,1.09000000,1.10000000
2010-10-14,1.10000000,1.09000000
2010-10-15,1.12000000,1.14000000
2010-10-18,1.14000000,1.14000000
2010-10-19,1.11000000,1.11000000
2010-10-20,1.12000000,1.12000000
2010-10-21,1.14000000,1.13000000
2010-10-22,1.13000000,1.14000000
2010-10-25,1.15000000,1.15000000
2010-10-26,1.14000000,1.16000000
2010-10-27,1.15000000,1.17000000
2010-10-28,1.18000000,1.17000000
2010-10-29,1.17000000,1.17000000
2010-11-01,1.18000000,1.17000000
2010-11-02,1.19000000,1.19000000
2010-11-03,1.20000000,1.21000000
2010-11-04,1.23000000,1.23000000
2010-11-05,1.24000000,1.24000000
2010-11-08,1.23000000,1.24000000
2010-11-09,1.25000000,1.22000000
2010-11-10,1.23000000,1.22000000
2010-11-11,1.20000000,1.22000000
2010-11-12,1.21000000,1.18000000
2010-11-15,1.19000000,1.17000000
2010-11-16,1.16000000,1.13000000
2010-11-17,1.14000000,1.14000000
2010-11-18,1.17000000,1.18000000
2010-11-19,1.17000000,1.18000000
2010-11-22,1.17000000,1.20000000
2010-11-23,1.17000000,1.16000000
2010-11-24,1.18000000,1.21000000
2010-11-26,1.19000000,1.20000000
2010-11-29,1.19000000,1.19000000
2010-11-30,1.16000000,1.16000000
2010-12-01,1.20000000,1.21000000
2010-12-02,1.21000000,1.23000000
2010-12-03,1.22000000,1.24000000
2010-12-06,1.24000000,1.24000000
2010-12-07,1.27000000,1.24000000
2010-12-08,1.25000000,1.25000000
2010-12-09,1.27000000,1.25000000
2010-12-10,1.26000000,1.27000000
2010-12-13,1.28000000,1.26000000
2010-12-14,1.27000000,1.26000000
2010-12-15,1.26000000,1.25000000
2010-12-16,1.26000000,1.27000000
2010-12-17,1.28000000,1.28000000
2010-12-20,1.28000000,1.28000000
2010-12-21,1.29000000,1.29000000
2010-12-22,1.29000000,1.29000000
2010-12-23,1.29000000,1.29000000
2010-12-27,1.28000000,1.29000000
2010-12-28,1.29000000,1.28000000
2010-12-29,1.29000000,1.29000000
2010-12-30,1.29000000,1.28000000
2010-12-31,1.28000000,1.27000000
2011-01-03,1.30000000,1.31000000
2011-01-04,1.32000000,1.31000000
2011-01-05,1.30000000,1.33000000
2011-01-06,1.33000000,1.34000000
2011-01-07,1.34000000,1.34000000
2011-01-10,1.33000000,1.35000000
2011-01-11,1.36000000,1.35000000
2011-01-12,1.36000000,1.37000000
2011-01-13,1.37000000,1.37000000
2011-01-14,1.37000000,1.39000000
2011-01-18,1.37000000,1.40000000
2011-01-19,1.40000000,1.37000000
2011-01-20,1.36000000,1.35000000
2011-01-21,1.36000000,1.33000000
2011-01-24,1.33000000,1.36000000
2011-01-25,1.35000000,1.37000000
2011-01-26,1.37000000,1.38000000
2011-01-27,1.39000000,1.40000000
2011-01-28,1.40000000,1.33000000
2011-01-31,1.33000000,1.34000000
2011-02-01,1.36000000,1.39000000
2011-02-02,1.39000000,1.39000000
2011-02-03,1.38000000,1.39000000
2011-02-04,1.39000000,1.41000000
2011-02-07,1.41000000,1.42000000
2011-02-08,1.42000000,1.44000000
2011-02-09,1.43000000,1.44000000
2011-02-10,1.42000000,1.44000000
2011-02-11,1.43000000,1.46000000
2011-02-14,1.46000000,1.47000000
2011-02-15,1.46000000,1.46000000
2011-02-16,1.47000000,1.48000000
2011-02-17,1.47000000,1.48000000
2011-02-18,1.48000000,1.48000000
2011-02-22,1.44000000,1.39000000
2011-02-23,1.39000000,1.37000000
2011-02-24,1.37000000,1.38000000
2011-02-25,1.39000000,1.42000000
2011-02-28,1.43000000,1.43000000
2011-03-01,1.43000000,1.38000000
2011-03-02,1.38000000,1.39000000
2011-03-03,1.42000000,1.45000000
2011-03-04,1.45000000,1.43000000
2011-03-07,1.44000000,1.40000000
2011-03-08,1.39000000,1.41000000
2011-03-09,1.39000000,1.39000000
2011-03-10,1.36000000,1.34000000
2011-03-11,1.33000000,1.36000000
2011-03-14,1.35000000,1.35000000
2011-03-15,1.27000000,1.31000000
2011-03-16,1.29000000,1.25000000
2011-03-17,1.29000000,1.27000000
2011-03-18,1.30000000,1.27000000
2011-03-21,1.30000000,1.31000000
2011-03-22,1.32000000,1.31000000
2011-03-23,1.30000000,1.32000000
2011-03-24,1.34000000,1.37000000
2011-03-25,1.38000000,1.38000000
2011-03-28,1.39000000,1.36000000
2011-03-29,1.36000000,1.39000000
2011-03-30,1.40000000,1.40000000
2011-03-31,1.40000000,1.41000000
2011-04-01,1.42000000,1.41000000
2011-04-04,1.41000000,1.40000000
2011-04-05,1.39000000,1.39000000
2011-04-06,1.41000000,1.40000000
2011-04-07,1.40000000,1.40000000
2011-04-08,1.41000000,1.38000000
2011-04-11,1.39000000,1.37000000
2011-04-12,1.36000000,1.35000000
2011-04-13,1.37000000,1.38000000
2011-04-14,1.36000000,1.37000000
2011-04-15,1.36000000,1.37000000
2011-04-18,1.34000000,1.35000000
2011-04-19,1.35000000,1.36000000
2011-04-20,1.41000000,1.42000000
2011-04-21,1.46000000,1.45000000
2011-04-25,1.45000000,1.46000000
2011-04-26,1.46000000,1.47000000
2011-04-27,1.48000000,1.49000000
2011-04-28,1.48000000,1.49000000
2011-04-29,1.48000000,1.49000000
2011-05-02,1.49000000,1.48000000
2011-05-03,1.48000000,1.47000000
2011-05-04,1.47000000,1.46000000
2011-05-05,1.45000000,1.44000000
2011-05-06,1.47000000,1.46000000
2011-05-09,1.46000000,1.47000000
2011-05-10,1.47000000,1.49000000
2011-05-11,1.49000000,1.47000000
2011-05-12,1.46000000,1.48000000
2011-05-13,1.48000000,1.45000000
2011-05-16,1.44000000,1.40000000
2011-05-17,1.39000000,1.41000000
2011-05-18,1.40000000,1.43000000
2011-05-19,1.44000000,1.44000000
2011-05-20,1.44000000,1.42000000
2011-05-23,1.38000000,1.38000000
2011-05-24,1.38000000,1.36000000
2011-05-25,1.36000000,1.37000000
2011-05-26,1.36000000,1.39000000
2011-05-27,1.39000000,1.40000000
2011-05-31,1.43000000,1.44000000
2011-06-01,1.44000000,1.38000000
2011-06-02,1.39000000,1.39000000
2011-06-03,1.36000000,1.35000000
2011-06-06,1.34000000,1.32000000
2011-06-07,1.33000000,1.32000000
2011-06-08,1.31000000,1.30000000
2011-06-09,1.30000000,1.30000000
2011-06-10,1.29000000,1.27000000
2011-06-13,1.27000000,1.26000000
2011-06-14,1.28000000,1.30000000
2011-06-15,1.27000000,1.25000000
2011-06-16,1.25000000,1.24000000
2011-06-17,1.26000000,1.23000000
2011-06-20,1.23000000,1.24000000
2011-06-21,1.25000000,1.30000000
2011-06-22,1.29000000,1.28000000
2011-06-23,1.25000000,1.30000000
2011-06-24,1.29000000,1.26000000
2011-06-27,1.26000000,1.30000000
2011-06-28,1.30000000,1.34000000
2011-06-29,1.34000000,1.35000000
2011-06-30,1.36000000,1.38000000
2011-07-01,1.38000000,1.42000000
2011-07-05,1.43000000,1.44000000
2011-07-06,1.44000000,1.45000000
2011-07-07,1.47000000,1.49000000
2011-07-08,1.46000000,1.48000000
2011-07-11,1.45000000,1.43000000
2011-07-12,1.42000000,1.40000000
2011-07-13,1.42000000,1.41000000
2011-07-14,1.42000000,1.38000000
2011-07-15,1.41000000,1.42000000
2011-07-18,1.40000000,1.40000000
2011-07-19,1.43000000,1.47000000
2011-07-20,1.48000000,1.45000000
2011-07-21,1.46000000,1.48000000
2011-07-22,1.47000000,1.51000000
2011-07-25,1.48000000,1.50000000
2011-07-26,1.50000000,1.51000000
2011-07-27,1.49000000,1.43000000
2011-07-28,1.43000000,1.43000000
2011-07-29,1.41000000,1.42000000
2011-08-01,1.46000000,1.41000000
2011-08-02,1.40000000,1.34000000
2011-08-03,1.34000000,1.36000000
2011-08-04,1.33000000,1.24000000
2011-08-05,1.27000000,1.22000000
2011-08-08,1.15000000,1.08000000
2011-08-09,1.11000000,1.18000000
2011-08-10,1.13000000,1.08000000
2011-08-11,1.11000000,1.18000000
2011-08-12,1.19000000,1.20000000
2011-08-15,1.21000000,1.23000000
2011-08-16,1.21000000,1.21000000
2011-08-17,1.22000000,1.20000000
2011-08-18,1.13000000,1.08000000
2011-08-19,1.06000000,1.04000000
2011-08-22,1.09000000,1.05000000
2011-08-23,1.06000000,1.13000000
2011-08-24,1.13000000,1.15000000
2011-08-25,1.15000000,1.12000000
2011-08-26,1.11000000,1.17000000
2011-08-29,1.19000000,1.24000000
2011-08-30,1.23000000,1.25000000
2011-08-31,1.27000000,1.26000000
2011-09-01,1.26000000,1.23000000
2011-09-02,1.19000000,1.18000000
2011-09-06,1.12000000,1.18000000
2011-09-07,1.21000000,1.24000000
2011-09-08,1.22000000,1.22000000
2011-09-09,1.21000000,1.17000000
2011-09-12,1.14000000,1.20000000
2011-09-13,1.21000000,1.23000000
2011-09-14,1.24000000,1.27000000
2011-09-15,1.29000000,1.30000000
2011-09-16,1.31000000,1.33000000
2011-09-19,1.30000000,1.33000000
2011-09-20,1.34000000,1.32000000
2011-09-21,1.33000000,1.27000000
2011-09-22,1.21000000,1.19000000
2011-09-23,1.17000000,1.21000000
2011-09-26,1.23000000,1.24000000
2011-09-27,1.28000000,1.27000000
2011-09-28,1.28000000,1.23000000
2011-09-29,1.27000000,1.20000000
2011-09-30,1.17000000,1.14000000
2011-10-03,1.12000000,1.08000000
2011-10-04,1.06000000,1.12000000
2011-10-05,1.12000000,1.18000000
2011-10-06,1.18000000,1.22000000
2011-10-07,1.22000000,1.21000000
2011-10-10,1.25000000,1.29000000
2011-10-11,1.28000000,1.30000000
2011-10-12,1.33000000,1.32000000
2011-10-13,1.31000000,1.34000000
2011-10-14,1.38000000,1.39000000
2011-10-17,1.38000000,1.35000000
2011-10-18,1.35000000,1.38000000
2011-10-19,1.37000000,1.33000000
2011-10-20,1.33000000,1.32000000
2011-10-21,1.35000000,1.35000000
2011-10-24,1.36000000,1.41000000
2011-10-25,1.40000000,1.35000000
2011-10-26,1.37000000,1.35000000
2011-10-27,1.41000000,1.42000000
2011-10-28,1.41000000,1.43000000
2011-10-31,1.40000000,1.38000000
2011-11-01,1.31000000,1.31000000
2011-11-02,1.33000000,1.33000000
2011-11-03,1.35000000,1.38000000
2011-11-04,1.37000000,1.37000000
2011-11-07,1.37000000,1.39000000
2011-11-08,1.41000000,1.42000000
2011-11-09,1.37000000,1.32000000
2011-11-10,1.35000000,1.32000000
2011-11-11,1.34000000,1.37000000
2011-11-14,1.36000000,1.35000000
2011-11-15,1.34000000,1.38000000
2011-11-16,1.36000000,1.33000000
2011-11-17,1.33000000,1.28000000
2011-11-18,1.28000000,1.25000000
2011-11-21,1.22000000,1.21000000
2011-11-22,1.20000000,1.21000000
2011-11-23,1.20000000,1.16000000
2011-11-25,1.15000000,1.14000000
2011-11-28,1.20000000,1.22000000
2011-11-29,1.22000000,1.21000000
2011-11-30,1.27000000,1.29000000
2011-12-01,1.29000000,1.31000000
2011-12-02,1.34000000,1.30000000
2011-12-05,1.34000000,1.33000000
2011-12-06,1.34000000,1.33000000
2011-12-07,1.32000000,1.33000000
2011-12-08,1.31000000,1.28000000
2011-12-09,1.29000000,1.32000000
2011-12-12,1.29000000,1.29000000
2011-12-13,1.31000000,1.26000000
2011-12-14,1.25000000,1.23000000
2011-12-15,1.25000000,1.22000000
2011-12-16,1.23000000,1.23000000
2011-12-19,1.24000000,1.21000000
2011-12-20,1.25000000,1.28000000
2011-12-21,1.26000000,1.24000000
2011-12-22,1.25000000,1.26000000
2011-12-23,1.27000000,1.28000000
2011-12-27,1.28000000,1.29000000
2011-12-28,1.29000000,1.26000000
2011-12-29,1.27000000,1.28000000
2011-12-30,1.27000000,1.27000000
2012-01-03,1.32000000,1.32000000
2012-01-04,1.32000000,1.33000000
2012-01-05,1.33000000,1.35000000
2012-01-06,1.35000000,1.36000000
2012-01-09,1.37000000,1.35000000
2012-01-10,1.38000000,1.37000000
2012-01-11,1.37000000,1.38000000
2012-01-12,1.39000000,1.39000000
2012-01-13,1.38000000,1.38000000
2012-01-17,1.41000000,1.40000000
2012-01-18,1.41000000,1.44000000
2012-01-19,1.46000000,1.46000000
2012-01-20,1.45000000,1.46000000
2012-01-23,1.46000000,1.46000000
2012-01-24,1.44000000,1.45000000
2012-01-25,1.48000000,1.49000000
2012-01-26,1.50000000,1.48000000
2012-01-27,1.47000000,1.49000000
2012-01-30,1.46000000,1.49000000
2012-01-31,1.50000000,1.49000000
2012-02-01,1.51000000,1.52000000
2012-02-02,1.53000000,1.53000000
2012-02-03,1.55000000,1.57000000
2012-02-06,1.56000000,1.57000000
2012-02-07,1.56000000,1.57000000
2012-02-08,1.57000000,1.59000000
2012-02-09,1.60000000,1.61000000
2012-02-10,1.59000000,1.59000000
2012-02-13,1.61000000,1.62000000
2012-02-14,1.61000000,1.63000000
2012-02-15,1.64000000,1.60000000
2012-02-16,1.61000000,1.65000000
2012-02-17,1.65000000,1.64000000
2012-02-21,1.64000000,1.65000000
2012-02-22,1.64000000,1.63000000
2012-02-23,1.64000000,1.65000000
2012-02-24,1.66000000,1.66000000
2012-02-27,1.65000000,1.67000000
2012-02-28,1.67000000,1.70000000
2012-02-29,1.71000000,1.69000000
2012-03-01,1.70000000,1.71000000
2012-03-02,1.71000000,1.71000000
2012-03-05,1.71000000,1.68000000
2012-03-06,1.65000000,1.64000000
2012-03-07,1.66000000,1.67000000
2012-03-08,1.69000000,1.70000000
2012-03-09,1.71000000,1.72000000
2012-03-12,1.72000000,1.72000000
2012-03-13,1.74000000,1.78000000
2012-03-14,1.79000000,1.80000000
2012-03-15,1.81000000,1.81000000
2012-03-16,1.81000000,1.80000000
2012-03-19,1.81000000,1.83000000
2012-03-20,1.81000000,1.84000000
2012-03-21,1.84000000,1.84000000
2012-03-22,1.81000000,1.83000000
2012-03-23,1.83000000,1.83000000
2012-03-26,1.85000000,1.89000000
2012-03-27,1.89000000,1.90000000
2012-03-28,1.90000000,1.88000000
2012-03-29,1.86000000,1.87000000
2012-03-30,1.88000000,1.86000000
2012-04-02,1.85000000,1.90000000
2012-04-03,1.90000000,1.90000000
2012-04-04,1.87000000,1.85000000
2012-04-05,1.84000000,1.87000000
2012-04-09,1.82000000,1.84000000
2012-04-10,1.84000000,1.78000000
2012-04-11,1.81000000,1.80000000
2012-04-12,1.80000000,1.84000000
2012-04-13,1.82000000,1.78000000
2012-04-16,1.80000000,1.74000000
2012-04-17,1.76000000,1.81000000
2012-04-18,1.80000000,1.80000000
2012-04-19,1.79000000,1.77000000
2012-04-20,1.78000000,1.75000000
2012-04-23,1.72000000,1.72000000
2012-04-24,1.72000000,1.70000000
2012-04-25,1.77000000,1.79000000
2012-04-26,1.79000000,1.82000000
2012-04-27,1.83000000,1.84000000
2012-04-30,1.82000000,1.81000000
2012-05-01,1.81000000,1.82000000
2012-05-02,1.80000000,1.82000000
2012-05-03,1.83000000,1.79000000
2012-05-04,1.75000000,1.70000000
2012-05-07,1.68000000,1.70000000
2012-05-08,1.68000000,1.69000000
2012-05-09,1.65000000,1.68000000
2012-05-10,1.69000000,1.67000000
2012-05-11,1.66000000,1.67000000
2012-05-14,1.64000000,1.64000000
2012-05-15,1.65000000,1.63000000
2012-05-16,1.64000000,1.61000000
2012-05-17,1.61000000,1.54000000
2012-05-18,1.55000000,1.50000000
2012-05-21,1.50000000,1.58000000
2012-05-22,1.59000000,1.58000000
2012-05-23,1.55000000,1.59000000
2012-05-24,1.59000000,1.57000000
2012-05-25,1.57000000,1.56000000
2012-05-29,1.59000000,1.60000000
2012-05-30,1.57000000,1.57000000
2012-05-31,1.57000000,1.56000000
2012-06-01,1.50000000,1.47000000
2012-06-04,1.48000000,1.50000000
2012-06-05,1.49000000,1.51000000
2012-06-06,1.53000000,1.58000000
2012-06-07,1.61000000,1.57000000
2012-06-08,1.56000000,1.60000000
2012-06-11,1.62000000,1.55000000
2012-06-12,1.56000000,1.58000000
2012-06-13,1.57000000,1.56000000
2012-06-14,1.56000000,1.57000000
2012-06-15,1.58000000,1.61000000
2012-06-18,1.60000000,1.64000000
2012-06-19,1.66000000,1.67000000
2012-06-20,1.68000000,1.68000000
2012-06-21,1.67000000,1.59000000
2012-06-22,1.60000000,1.62000000
2012-06-25,1.60000000,1.56000000
2012-06-26,1.57000000,1.58000000
2012-06-27,1.60000000,1.60000000
2012-06-28,1.58000000,1.57000000
2012-06-29,1.62000000,1.66000000
2012-07-02,1.67000000,1.67000000
2012-07-03,1.68000000,1.70000000
2012-07-05,1.70000000,1.70000000
2012-07-06,1.69000000,1.66000000
2012-07-09,1.66000000,1.66000000
2012-07-10,1.67000000,1.62000000
2012-07-11,1.62000000,1.60000000
2012-07-12,1.58000000,1.58000000
2012-07-13,1.58000000,1.62000000
2012-07-16,1.62000000,1.61000000
2012-07-17,1.63000000,1.63000000
2012-07-18,1.62000000,1.67000000
2012-07-19,1.70000000,1.71000000
2012-07-20,1.71000000,1.67000000
2012-07-23,1.60000000,1.63000000
2012-07-24,1.63000000,1.60000000
2012-07-25,1.58000000,1.58000000
2012-07-26,1.63000000,1.62000000
2012-07-27,1.64000000,1.70000000
2012-07-30,1.71000000,1.69000000
2012-07-31,1.70000000,1.69000000
2012-08-01,1.72000000,1.68000000
2012-08-02,1.66000000,1.67000000
2012-08-03,1.72000000,1.73000000
2012-08-06,1.75000000,1.76000000
2012-08-07,1.78000000,1.79000000
2012-08-08,1.78000000,1.79000000
2012-08-09,1.79000000,1.80000000
2012-08-10,1.79000000,1.80000000
2012-08-13,1.80000000,1.81000000
2012-08-14,1.82000000,1.81000000
2012-08-15,1.81000000,1.82000000
2012-08-16,1.83000000,1.86000000
2012-08-17,1.87000000,1.88000000
2012-08-20,1.88000000,1.88000000
2012-08-21,1.90000000,1.87000000
2012-08-22,1.86000000,1.88000000
2012-08-23,1.87000000,1.86000000
2012-08-24,1.85000000,1.88000000
2012-08-27,1.89000000,1.88000000
2012-08-28,1.88000000,1.88000000
2012-08-29,1.88000000,1.88000000
2012-08-30,1.87000000,1.85000000
2012-08-31,1.87000000,1.87000000
2012-09-04,1.86000000,1.87000000
2012-09-05,1.86000000,1.86000000
2012-09-06,1.88000000,1.94000000
2012-09-07,1.94000000,1.94000000
2012-09-10,1.93000000,1.89000000
2012-09-11,1.89000000,1.88000000
2012-09-12,1.90000000,1.90000000
2012-09-13,1.90000000,1.94000000
2012-09-14,1.96000000,1.98000000
2012-09-17,1.98000000,1.98000000
2012-09-18,1.97000000,1.99000000
2012-09-19,1.99000000,1.99000000
2012-09-20,1.97000000,1.99000000
2012-09-21,2.01000000,1.99000000
2012-09-24,1.96000000,1.96000000
2012-09-25,1.98000000,1.91000000
2012-09-26,1.90000000,1.88000000
2012-09-27,1.89000000,1.93000000
2012-09-28,1.92000000,1.90000000
2012-10-01,1.92000000,1.89000000
2012-10-02,1.91000000,1.91000000
2012-10-03,1.92000000,1.93000000
2012-10-04,1.94000000,1.94000000
2012-10-05,1.96000000,1.92000000
2012-10-08,1.90000000,1.89000000
2012-10-09,1.88000000,1.83000000
2012-10-10,1.83000000,1.81000000
2012-10-11,1.83000000,1.79000000
2012-10-12,1.80000000,1.79000000
2012-10-15,1.81000000,1.82000000
2012-10-16,1.83000000,1.87000000
2012-10-17,1.85000000,1.87000000
2012-10-18,1.86000000,1.83000000
2012-10-19,1.82000000,1.74000000
2012-10-22,1.74000000,1.76000000
2012-10-23,1.73000000,1.72000000
2012-10-24,1.74000000,1.71000000
2012-10-25,1.74000000,1.71000000
2012-10-26,1.71000000,1.72000000
2012-10-31,1.72000000,1.70000000
2012-11-01,1.72000000,1.75000000
2012-11-02,1.76000000,1.71000000
2012-11-05,1.71000000,1.73000000
2012-11-06,1.74000000,1.74000000
2012-11-07,1.70000000,1.66000000
2012-11-08,1.67000000,1.61000000
2012-11-09,1.61000000,1.62000000
2012-11-12,1.64000000,1.62000000
2012-11-13,1.59000000,1.60000000
2012-11-14,1.61000000,1.56000000
2012-11-15,1.56000000,1.55000000
2012-11-16,1.55000000,1.56000000
2012-11-19,1.59000000,1.63000000
2012-11-20,1.63000000,1.63000000
2012-11-21,1.64000000,1.64000000
2012-11-23,1.66000000,1.69000000
2012-11-26,1.68000000,1.71000000
2012-11-27,1.70000000,1.69000000
2012-11-28,1.68000000,1.72000000
2012-11-29,1.74000000,1.74000000
2012-11-30,1.75000000,1.74000000
2012-12-03,1.77000000,1.73000000
2012-12-04,1.73000000,1.73000000
2012-12-05,1.73000000,1.69000000
2012-12-06,1.68000000,1.71000000
2012-12-07,1.73000000,1.69000000
2012-12-10,1.68000000,1.70000000
2012-12-11,1.73000000,1.75000000
2012-12-12,1.76000000,1.74000000
2012-12-13,1.73000000,1.71000000
2012-12-14,1.69000000,1.68000000
2012-12-17,1.68000000,1.73000000
2012-12-18,1.75000000,1.78000000
2012-12-19,1.79000000,1.76000000
2012-12-20,1.77000000,1.76000000
2012-12-21,1.71000000,1.72000000
2012-12-24,1.71000000,1.72000000
2012-12-26,1.71000000,1.69000000
2012-12-27,1.69000000,1.68000000
2012-12-28,1.65000000,1.65000000
2012-12-31,1.64000000,1.71000000
2013-01-02,1.80000000,1.82000000
2013-01-03,1.82000000,1.81000000
2013-01-04,1.81000000,1.79000000
2013-01-07,1.78000000,1.80000000
2013-01-08,1.79000000,1.79000000
2013-01-09,1.79000000,1.80000000
2013-01-10,1.83000000,1.82000000
2013-01-11,1.82000000,1.83000000
2013-01-14,1.81000000,1.81000000
2013-01-15,1.79000000,1.79000000
2013-01-16,1.80000000,1.81000000
2013-01-17,1.82000000,1.82000000
2013-01-18,1.81000000,1.82000000
2013-01-22,1.82000000,1.82000000
2013-01-23,1.84000000,1.84000000
2013-01-24,1.80000000,1.79000000
2013-01-25,1.81000000,1.81000000
2013-01-28,1.81000000,1.82000000
2013-01-29,1.81000000,1.81000000
2013-01-30,1.83000000,1.81000000
2013-01-31,1.81000000,1.80000000
2013-02-01,1.83000000,1.85000000
2013-02-04,1.82000000,1.78000000
2013-02-05,1.80000000,1.84000000
2013-02-06,1.82000000,1.82000000
2013-02-07,1.83000000,1.83000000
2013-02-08,1.85000000,1.86000000
2013-02-11,1.87000000,1.86000000
2013-02-12,1.86000000,1.85000000
2013-02-13,1.86000000,1.86000000
2013-02-14,1.84000000,1.86000000
2013-02-15,1.86000000,1.85000000
2013-02-19,1.86000000,1.88000000
2013-02-20,1.88000000,1.82000000
2013-02-21,1.80000000,1.78000000
2013-02-22,1.80000000,1.82000000
2013-02-25,1.84000000,1.77000000
2013-02-26,1.77000000,1.78000000
2013-02-27,1.78000000,1.82000000
2013-02-28,1.82000000,1.81000000
2013-03-01,1.80000000,1.83000000
2013-03-04,1.82000000,1.84000000
2013-03-05,1.87000000,1.90000000
2013-03-06,1.91000000,1.89000000
2013-03-07,1.89000000,1.90000000
2013-03-08,1.91000000,1.90000000
2013-03-11,1.90000000,1.91000000
2013-03-12,1.90000000,1.90000000
2013-03-13,1.90000000,1.89000000
2013-03-14,1.91000000,1.91000000
2013-03-15,1.91000000,1.90000000
2013-03-18,1.86000000,1.89000000
2013-03-19,1.90000000,1.88000000
2013-03-20,1.90000000,1.90000000
2013-03-21,1.87000000,1.86000000
2013-03-22,1.88000000,1.90000000
2013-03-25,1.91000000,1.88000000
2013-03-26,1.90000000,1.90000000
2013-03-27,1.88000000,1.91000000
2013-03-28,1.91000000,1.92000000
2013-04-01,1.92000000,1.89000000
2013-04-02,1.91000000,1.92000000
2013-04-03,1.92000000,1.89000000
2013-04-04,1.88000000,1.89000000
2013-04-05,1.83000000,1.86000000
2013-04-08,1.86000000,1.88000000
2013-04-09,1.88000000,1.90000000
2013-04-10,1.91000000,1.97000000
2013-04-11,1.96000000,1.97000000
2013-04-12,1.96000000,1.97000000
2013-04-15,1.95000000,1.89000000
2013-04-16,1.91000000,1.94000000
2013-04-17,1.91000000,1.87000000
2013-04-18,1.88000000,1.81000000
2013-04-19,1.82000000,1.86000000
2013-04-22,1.88000000,1.90000000
2013-04-23,1.92000000,1.94000000
2013-04-24,1.93000000,1.94000000
2013-04-25,1.95000000,1.96000000
2013-04-26,1.95000000,1.95000000
2013-04-29,1.96000000,1.98000000
2013-04-30,1.98000000,2.01000000
2013-05-01,2.01000000,1.99000000
2013-05-02,2.00000000,2.04000000
2013-05-03,2.08000000,2.09000000
2013-05-06,2.10000000,2.10000000
2013-05-07,2.11000000,2.10000000
2013-05-08,2.10000000,2.12000000
2013-05-09,2.11000000,2.12000000
2013-05-10,2.12000000,2.14000000
2013-05-13,2.14000000,2.15000000
2013-05-14,2.15000000,2.17000000
2013-05-15,2.16000000,2.18000000
2013-05-16,2.18000000,2.17000000
2013-05-17,2.19000000,2.21000000
2013-05-20,2.20000000,2.21000000
2013-05-21,2.21000000,2.21000000
2013-05-22,2.22000000,2.18000000
2013-05-23,2.14000000,2.16000000
2013-05-24,2.13000000,2.16000000
2013-05-28,2.21000000,2.19000000
2013-05-29,2.17000000,2.17000000
2013-05-30,2.17000000,2.19000000
2013-05-31,2.18000000,2.15000000
2013-06-03,2.15000000,2.16000000
2013-06-04,2.17000000,2.14000000
2013-06-05,2.12000000,2.08000000
2013-06-06,2.09000000,2.10000000
2013-06-07,2.12000000,2.16000000
2013-06-10,2.17000000,2.16000000
2013-06-11,2.12000000,2.12000000
2013-06-12,2.14000000,2.07000000
2013-06-13,2.06000000,2.12000000
2013-06-14,2.12000000,2.09000000
2013-06-17,2.13000000,2.13000000
2013-06-18,2.14000000,2.17000000
2013-06-19,2.17000000,2.12000000
2013-06-20,2.07000000,2.01000000
2013-06-21,2.02000000,2.00000000
2013-06-24,1.96000000,1.96000000
2013-06-25,2.00000000,1.98000000
2013-06-26,2.02000000,2.02000000
2013-06-27,2.04000000,2.04000000
2013-06-28,2.02000000,2.04000000
2013-07-01,2.07000000,2.07000000
2013-07-02,2.07000000,2.07000000
2013-07-03,2.05000000,2.09000000
2013-07-05,2.11000000,2.12000000
2013-07-08,2.14000000,2.12000000
2013-07-09,2.14000000,2.15000000
2013-07-10,2.14000000,2.17000000
2013-07-11,2.22000000,2.26000000
2013-07-12,2.26000000,2.28000000
2013-07-15,2.28000000,2.29000000
2013-07-16,2.29000000,2.28000000
2013-07-17,2.30000000,2.29000000
2013-07-18,2.29000000,2.28000000
2013-07-19,2.24000000,2.24000000
2013-07-22,2.25000000,2.25000000
2013-07-23,2.26000000,2.22000000
2013-07-24,2.26000000,2.23000000
2013-07-25,2.25000000,2.26000000
2013-07-26,2.24000000,2.28000000
2013-07-29,2.27000000,2.27000000
2013-07-30,2.29000000,2.30000000
2013-07-31,2.31000000,2.31000000
2013-08-01,2.34000000,2.35000000
2013-08-02,2.35000000,2.38000000
2013-08-05,2.37000000,2.38000000
2013-08-06,2.38000000,2.35000000
2013-08-07,2.34000000,2.35000000
2013-08-08,2.37000000,2.37000000
2013-08-09,2.36000000,2.35000000
2013-08-12,2.33000000,2.36000000
2013-08-13,2.36000000,2.38000000
2013-08-14,2.38000000,2.37000000
2013-08-15,2.32000000,2.29000000
2013-08-16,2.29000000,2.28000000
2013-08-19,2.29000000,2.28000000
2013-08-20,2.29000000,2.30000000
2013-08-21,2.28000000,2.28000000
2013-08-22,2.30000000,2.32000000
2013-08-23,2.36000000,2.36000000
2013-08-26,2.36000000,2.36000000
2013-08-27,2.30000000,2.26000000
2013-08-28,2.26000000,2.28000000
2013-08-29,2.28000000,2.31000000
2013-08-30,2.32000000,2.28000000
2013-09-03,2.32000000,2.31000000
2013-09-04,2.32000000,2.36000000
2013-09-05,2.36000000,2.37000000
2013-09-06,2.38000000,2.37000000
2013-09-09,2.39000000,2.42000000
2013-09-10,2.45000000,2.45000000
2013-09-11,2.42000000,2.44000000
2013-09-12,2.44000000,2.44000000
2013-09-13,2.44000000,2.44000000
2013-09-16,2.48000000,2.43000000
2013-09-17,2.44000000,2.46000000
2013-09-18,2.47000000,2.52000000
2013-09-19,2.53000000,2.53000000
2013-09-20,2.54000000,2.51000000
2013-09-23,2.54000000,2.50000000
2013-09-24,2.51000000,2.50000000
2013-09-25,2.50000000,2.49000000
2013-09-26,2.50000000,2.52000000
2013-09-27,2.50000000,2.52000000
2013-09-30,2.46000000,2.50000000
2013-10-01,2.51000000,2.56000000
2013-10-02,2.52000000,2.55000000
2013-10-03,2.55000000,2.49000000
2013-10-04,2.49000000,2.54000000
2013-10-07,2.49000000,2.49000000
2013-10-08,2.49000000,2.40000000
2013-10-09,2.41000000,2.38000000
2013-10-10,2.43000000,2.48000000
2013-10-11,2.47000000,2.52000000
2013-10-14,2.49000000,2.56000000
2013-10-15,2.55000000,2.54000000
2013-10-16,2.56000000,2.60000000
2013-10-17,2.57000000,2.63000000
2013-10-18,2.67000000,2.71000000
2013-10-21,2.72000000,2.72000000
2013-10-22,2.74000000,2.73000000
2013-10-23,2.70000000,2.70000000
2013-10-24,2.70000000,2.72000000
2013-10-25,2.77000000,2.76000000
2013-10-28,2.76000000,2.76000000
2013-10-29,2.78000000,2.77000000
2013-10-30,2.79000000,2.76000000
2013-10-31,2.75000000,2.75000000
2013-11-01,2.77000000,2.75000000
2013-11-04,2.77000000,2.76000000
2013-11-05,2.74000000,2.77000000
2013-11-06,2.79000000,2.77000000
2013-11-07,2.76000000,2.66000000
2013-11-08,2.68000000,2.73000000
2013-11-11,2.72000000,2.72000000
2013-11-12,2.71000000,2.73000000
2013-11-13,2.70000000,2.80000000
2013-11-14,2.78000000,2.81000000
2013-11-15,2.82000000,2.83000000
2013-11-18,2.82000000,2.77000000
2013-11-19,2.77000000,2.75000000
2013-11-20,2.77000000,2.74000000
2013-11-21,2.76000000,2.80000000
2013-11-22,2.81000000,2.83000000
2013-11-25,2.85000000,2.84000000
2013-11-26,2.84000000,2.87000000
2013-11-27,2.88000000,2.91000000
2013-11-29,2.93000000,2.94000000
2013-12-02,2.95000000,2.93000000
2013-12-03,2.92000000,2.92000000
2013-12-04,2.90000000,2.93000000
2013-12-05,2.93000000,2.92000000
2013-12-06,2.97000000,2.96000000
2013-12-09,2.98000000,2.99000000
2013-12-10,2.98000000,2.98000000
2013-12-11,2.98000000,2.91000000
2013-12-12,2.91000000,2.89000000
2013-12-13,2.92000000,2.88000000
2013-12-16,2.91000000,2.91000000
2013-12-17,2.92000000,2.90000000
2013-12-18,2.91000000,2.97000000
2013-12-19,2.96000000,2.95000000
2013-12-20,2.96000000,3.01000000
2013-12-23,3.06000000,3.08000000
2013-12-24,3.08000000,3.08000000
2013-12-26,3.09000000,3.10000000
2013-12-27,3.11000000,3.08000000
2013-12-30,3.07000000,3.07000000
2013-12-31,3.08000000,3.11000000
2014-01-02,3.09000000,3.06000000
2014-01-03,3.07000000,3.02000000
2014-01-06,3.02000000,3.00000000
2014-01-07,3.02000000,3.05000000
2014-01-08,3.05000000,3.07000000
2014-01-09,3.09000000,3.05000000
2014-01-10,3.06000000,3.06000000
2014-01-13,3.05000000,2.97000000
2014-01-14,2.99000000,3.09000000
2014-01-15,3.11000000,3.14000000
2014-01-16,3.13000000,3.14000000
2014-01-17,3.12000000,3.10000000
2014-01-21,3.14000000,3.15000000
2014-01-22,3.17000000,3.17000000
2014-01-23,3.15000000,3.15000000
2014-01-24,3.12000000,3.02000000
2014-01-27,3.02000000,2.96000000
2014-01-28,2.93000000,2.96000000
2014-01-29,2.91000000,2.90000000
2014-01-30,2.97000000,3.00000000
2014-01-31,2.94000000,2.99000000
2014-02-03,2.98000000,2.85000000
2014-02-04,2.88000000,2.89000000
2014-02-05,2.87000000,2.88000000
2014-02-06,2.89000000,2.95000000
2014-02-07,2.98000000,3.05000000
2014-02-10,3.05000000,3.09000000
2014-02-11,3.10000000,3.16000000
2014-02-12,3.17000000,3.17000000
2014-02-13,3.12000000,3.22000000
2014-02-14,3.21000000,3.23000000
2014-02-18,3.24000000,3.26000000
2014-02-19,3.25000000,3.22000000
2014-02-20,3.22000000,3.24000000
2014-02-21,3.27000000,3.23000000
2014-02-24,3.25000000,3.27000000
2014-02-25,3.28000000,3.26000000
2014-02-26,3.28000000,3.26000000
2014-02-27,3.26000000,3.30000000
2014-02-28,3.30000000,3.29000000
2014-03-03,3.23000000,3.24000000
2014-03-04,3.31000000,3.33000000
2014-03-05,3.34000000,3.35000000
2014-03-06,3.36000000,3.34000000
2014-03-07,3.36000000,3.30000000
2014-03-10,3.30000000,3.31000000
2014-03-11,3.33000000,3.28000000
2014-03-12,3.25000000,3.31000000
2014-03-13,3.33000000,3.21000000
2014-03-14,3.19000000,3.17000000
2014-03-17,3.21000000,3.23000000
2014-03-18,3.23000000,3.30000000
2014-03-19,3.31000000,3.27000000
2014-03-20,3.25000000,3.28000000
2014-03-21,3.32000000,3.20000000
2014-03-24,3.23000000,3.15000000
2014-03-25,3.18000000,3.17000000
2014-03-26,3.20000000,3.09000000
2014-03-27,3.08000000,3.05000000
2014-03-28,3.07000000,3.07000000
2014-03-31,3.11000000,3.11000000
2014-04-01,3.14000000,3.22000000
2014-04-02,3.24000000,3.23000000
2014-04-03,3.24000000,3.18000000
2014-04-04,3.22000000,3.01000000
2014-04-07,2.98000000,2.96000000
2014-04-08,2.96000000,3.01000000
2014-04-09,3.03000000,3.11000000
2014-04-10,3.11000000,2.92000000
2014-04-11,2.87000000,2.85000000
2014-04-14,2.90000000,2.90000000
2014-04-15,2.92000000,2.91000000
2014-04-16,2.97000000,2.99000000
2014-04-17,2.97000000,2.99000000
2014-04-21,3.01000000,3.04000000
2014-04-22,3.06000000,3.09000000
2014-04-23,3.09000000,3.03000000
2014-04-24,3.13000000,3.09000000
2014-04-25,3.05000000,2.99000000
2014-04-28,3.02000000,3.01000000
2014-04-29,3.03000000,3.06000000
2014-04-30,3.03000000,3.07000000
2014-05-01,3.08000000,3.09000000
2014-05-02,3.11000000,3.08000000
2014-05-05,3.05000000,3.11000000
2014-05-06,3.10000000,3.03000000
2014-05-07,3.05000000,3.01000000
2014-05-08,2.99000000,3.01000000
2014-05-09,3.00000000,3.03000000
2014-05-12,3.07000000,3.13000000
2014-05-13,3.14000000,3.13000000
2014-05-14,3.12000000,3.10000000
2014-05-15,3.10000000,3.05000000
2014-05-16,3.06000000,3.09000000
2014-05-19,3.08000000,3.14000000
2014-05-20,3.13000000,3.11000000
2014-05-21,3.12000000,3.17000000
2014-05-22,3.18000000,3.20000000
2014-05-23,3.21000000,3.25000000
2014-05-27,3.28000000,3.33000000
2014-05-28,3.32000000,3.31000000
2014-05-29,3.33000000,3.35000000
2014-05-30,3.35000000,3.35000000
2014-06-02,3.36000000,3.34000000
2014-06-03,3.32000000,3.34000000
2014-06-04,3.32000000,3.36000000
2014-06-05,3.37000000,3.42000000
2014-06-06,3.45000000,3.46000000
2014-06-09,3.46000000,3.45000000
2014-06-10,3.45000000,3.46000000
2014-06-11,3.44000000,3.46000000
2014-06-12,3.45000000,3.40000000
2014-06-13,3.43000000,3.42000000
2014-06-16,3.41000000,3.43000000
2014-06-17,3.42000000,3.43000000
2014-06-18,3.44000000,3.47000000
2014-06-19,3.48000000,3.47000000
2014-06-20,3.47000000,3.47000000
2014-06-23,3.47000000,3.47000000
2014-06-24,3.47000000,3.47000000
2014-06-25,3.45000000,3.51000000
2014-06-26,3.51000000,3.51000000
2014-06-27,3.50000000,3.54000000
2014-06-30,3.54000000,3.55000000
2014-07-01,3.58000000,3.63000000
2014-07-02,3.63000000,3.64000000
2014-07-03,3.66000000,3.69000000
2014-07-07,3.68000000,3.66000000
2014-07-08,3.65000000,3.58000000
2014-07-09,3.60000000,3.63000000
2014-07-10,3.54000000,3.61000000
2014-07-11,3.62000000,3.65000000
2014-07-14,3.69000000,3.70000000
2014-07-15,3.71000000,3.67000000
2014-07-16,3.72000000,3.70000000
2014-07-17,3.68000000,3.60000000
2014-07-18,3.64000000,3.71000000
2014-07-21,3.70000000,3.70000000
2014-07-22,3.74000000,3.76000000
2014-07-23,3.78000000,3.80000000
2014-07-24,3.81000000,3.79000000
2014-07-25,3.76000000,3.76000000
2014-07-28,3.77000000,3.76000000
2014-07-29,3.78000000,3.75000000
2014-07-30,3.79000000,3.78000000
2014-07-31,3.72000000,3.63000000
2014-08-01,3.61000000,3.60000000
2014-08-04,3.62000000,3.65000000
2014-08-05,3.62000000,3.59000000
2014-08-06,3.55000000,3.59000000
2014-08-07,3.62000000,3.57000000
2014-08-08,3.58000000,3.62000000
2014-08-11,3.64000000,3.66000000
2014-08-12,3.65000000,3.65000000
2014-08-13,3.69000000,3.73000000
2014-08-14,3.74000000,3.77000000
2014-08-15,3.81000000,3.81000000
2014-08-18,3.84000000,3.87000000
2014-08-19,3.89000000,3.91000000
2014-08-20,3.90000000,3.91000000
2014-08-21,3.92000000,3.93000000
2014-08-22,3.93000000,3.94000000
2014-08-25,3.97000000,3.97000000
2014-08-26,3.98000000,3.97000000
2014-08-27,3.98000000,3.98000000
2014-08-28,3.95000000,3.96000000
2014-08-29,3.98000000,4.00000000
2014-09-02,4.02000000,4.02000000
2014-09-03,4.04000000,3.97000000
2014-09-04,3.99000000,3.96000000
2014-09-05,3.98000000,4.01000000
2014-09-08,4.00000000,4.02000000
2014-09-09,4.01000000,3.95000000
2014-09-10,3.96000000,4.01000000
2014-09-11,3.98000000,4.01000000
2014-09-12,4.00000000,3.97000000
2014-09-15,3.98000000,3.89000000
2014-09-16,3.86000000,3.96000000
2014-09-17,3.96000000,3.97000000
2014-09-18,3.99000000,4.03000000
2014-09-19,4.06000000,4.02000000
2014-09-22,4.00000000,3.95000000
2014-09-23,3.92000000,3.93000000
2014-09-24,3.93000000,4.01000000
2014-09-25,3.99000000,3.84000000
2014-09-26,3.87000000,3.93000000
2014-09-29,3.85000000,3.92000000
2014-09-30,3.94000000,3.93000000
2014-10-01,3.91000000,3.80000000
2014-10-02,3.80000000,3.80000000
2014-10-03,3.84000000,3.88000000
2014-10-06,3.90000000,3.86000000
2014-10-07,3.82000000,3.75000000
2014-10-08,3.76000000,3.90000000
2014-10-09,3.88000000,3.77000000
2014-10-10,3.72000000,3.58000000
2014-10-13,3.57000000,3.47000000
2014-10-14,3.51000000,3.47000000
2014-10-15,3.36000000,3.42000000
2014-10-16,3.28000000,3.38000000
2014-10-17,3.47000000,3.47000000
2014-10-20,3.47000000,3.57000000
2014-10-21,3.66000000,3.76000000
2014-10-22,3.78000000,3.72000000
2014-10-23,3.79000000,3.83000000
2014-10-24,3.85000000,3.89000000
2014-10-27,3.88000000,3.90000000
2014-10-28,3.93000000,4.02000000
2014-10-29,3.99000000,3.99000000
2014-10-30,3.95000000,4.01000000
2014-10-31,4.14000000,4.11000000
2014-11-03,4.12000000,4.14000000
2014-11-04,4.11000000,4.11000000
2014-11-05,4.16000000,4.11000000
2014-11-06,4.11000000,4.14000000
2014-11-07,4.15000000,4.13000000
2014-11-10,4.13000000,4.16000000
2014-11-11,4.16000000,4.18000000
2014-11-12,4.15000000,4.20000000
2014-11-13,4.22000000,4.23000000
2014-11-14,4.23000000,4.26000000
2014-11-17,4.24000000,4.23000000
2014-11-18,4.24000000,4.30000000
2014-11-19,4.29000000,4.26000000
2014-11-20,4.22000000,4.30000000
2014-11-21,4.38000000,4.31000000
2014-11-24,4.34000000,4.38000000
2014-11-25,4.39000000,4.40000000
2014-11-26,4.40000000,4.45000000
2014-11-28,4.48000000,4.49000000
2014-12-01,4.47000000,4.39000000
2014-12-02,4.40000000,4.43000000
2014-12-03,4.44000000,4.44000000
2014-12-04,4.43000000,4.44000000
2014-12-05,4.45000000,4.44000000
2014-12-08,4.42000000,4.37000000
2014-12-09,4.27000000,4.40000000
2014-12-10,4.39000000,4.26000000
2014-12-11,4.29000000,4.30000000
2014-12-12,4.22000000,4.21000000
2014-12-15,4.25000000,4.13000000
2014-12-16,4.07000000,3.99000000
2014-12-17,3.99000000,4.13000000
2014-12-18,4.25000000,4.34000000
2014-12-19,4.34000000,4.36000000
2014-12-22,4.36000000,4.39000000
2014-12-23,4.42000000,4.36000000
2014-12-24,4.37000000,4.37000000
2014-12-26,4.39000000,4.43000000
2014-12-29,4.42000000,4.43000000
2014-12-30,4.40000000,4.36000000
2014-12-31,4.38000000,4.27000000
2015-01-02,4.32000000,4.26000000
2015-01-05,4.21000000,4.13000000
2015-01-06,4.14000000,4.02000000
2015-01-07,4.07000000,4.12000000
2015-01-08,4.19000000,4.27000000
2015-01-09,4.30000000,4.22000000
2015-01-12,4.24000000,4.13000000
2015-01-13,4.21000000,4.13000000
2015-01-14,4.04000000,4.09000000
2015-01-15,4.12000000,3.98000000
2015-01-16,3.96000000,4.07000000
2015-01-20,4.12000000,4.13000000
2015-01-21,4.11000000,4.18000000
2015-01-22,4.21000000,4.33000000
2015-01-23,4.33000000,4.35000000
2015-01-26,4.34000000,4.34000000
2015-01-27,4.20000000,4.12000000
2015-01-28,4.25000000,4.07000000
2015-01-29,4.06000000,4.15000000
2015-01-30,4.14000000,4.09000000
2015-02-02,4.10000000,4.16000000
2015-02-03,4.19000000,4.24000000
2015-02-04,4.20000000,4.23000000
2015-02-05,4.25000000,4.30000000
2015-02-06,4.32000000,4.25000000
2015-02-09,4.22000000,4.22000000
2015-02-10,4.27000000,4.35000000
2015-02-11,4.36000000,4.39000000
2015-02-12,4.44000000,4.49000000
2015-02-13,4.51000000,4.56000000
2015-02-17,4.56000000,4.57000000
2015-02-18,4.56000000,4.58000000
2015-02-19,4.58000000,4.63000000
2015-02-20,4.62000000,4.69000000
2015-02-23,4.69000000,4.70000000
2015-02-24,4.69000000,4.71000000
2015-02-25,4.69000000,4.68000000
2015-02-26,4.69000000,4.73000000
2015-02-27,4.73000000,4.69000000
2015-03-02,4.71000000,4.77000000
2015-03-03,4.74000000,4.73000000
2015-03-04,4.70000000,4.69000000
2015-03-05,4.72000000,4.71000000
2015-03-06,4.70000000,4.60000000
2015-03-09,4.62000000,4.62000000
2015-03-10,4.56000000,4.46000000
2015-03-11,4.47000000,4.40000000
2015-03-12,4.40000000,4.46000000
2015-03-13,4.45000000,4.42000000
2015-03-16,4.45000000,4.54000000
2015-03-17,4.51000000,4.55000000
2015-03-18,4.53000000,4.64000000
2015-03-19,4.65000000,4.65000000
2015-03-20,4.73000000,4.72000000
2015-03-23,4.71000000,4.69000000
2015-03-24,4.69000000,4.66000000
2015-03-25,4.68000000,4.44000000
2015-03-26,4.37000000,4.41000000
2015-03-27,4.41000000,4.45000000
2015-03-30,4.51000000,4.56000000
2015-03-31,4.53000000,4.45000000
2015-04-01,4.45000000,4.41000000
2015-04-02,4.42000000,4.41000000
2015-04-06,4.36000000,4.49000000
2015-04-07,4.48000000,4.47000000
2015-04-08,4.47000000,4.54000000
2015-04-09,4.54000000,4.60000000
2015-04-10,4.60000000,4.63000000
2015-04-13,4.64000000,4.61000000
2015-04-14,4.60000000,4.59000000
2015-04-15,4.61000000,4.64000000
2015-04-16,4.62000000,4.63000000
2015-04-17,4.54000000,4.49000000
2015-04-20,4.53000000,4.62000000
2015-04-21,4.67000000,4.66000000
2015-04-22,4.68000000,4.71000000
2015-04-23,4.68000000,4.74000000
2015-04-24,4.84000000,4.87000000
2015-04-27,4.91000000,4.85000000
2015-04-28,4.85000000,4.83000000
2015-04-29,4.77000000,4.77000000
2015-04-30,4.71000000,4.61000000
2015-05-01,4.65000000,4.74000000
2015-05-04,4.77000000,4.75000000
2015-05-05,4.72000000,4.60000000
2015-05-06,4.61000000,4.54000000
2015-05-07,4.53000000,4.59000000
2015-05-08,4.68000000,4.70000000
2015-05-11,4.71000000,4.66000000
2015-05-12,4.61000000,4.63000000
2015-05-13,4.67000000,4.64000000
2015-05-14,4.72000000,4.78000000
2015-05-15,4.80000000,4.78000000
2015-05-18,4.76000000,4.82000000
2015-05-19,4.83000000,4.81000000
2015-05-20,4.81000000,4.81000000
2015-05-21,4.80000000,4.86000000
2015-05-22,4.85000000,4.86000000
2015-05-26,4.83000000,4.74000000
2015-05-27,4.77000000,4.89000000
2015-05-28,4.88000000,4.87000000
2015-05-29,4.87000000,4.82000000
2015-06-01,4.87000000,4.85000000
2015-06-02,4.81000000,4.82000000
2015-06-03,4.86000000,4.84000000
2015-06-04,4.79000000,4.77000000
2015-06-05,4.76000000,4.75000000
2015-06-08,4.74000000,4.65000000
2015-06-09,4.63000000,4.64000000
2015-06-10,4.67000000,4.76000000
2015-06-11,4.80000000,4.78000000
2015-06-12,4.73000000,4.70000000
2015-06-15,4.63000000,4.65000000
2015-06-16,4.64000000,4.70000000
2015-06-17,4.72000000,4.73000000
2015-06-18,4.76000000,4.86000000
2015-06-19,4.87000000,4.81000000
2015-06-22,4.89000000,4.89000000
2015-06-23,4.90000000,4.89000000
2015-06-24,4.88000000,4.85000000
2015-06-25,4.88000000,4.82000000
2015-06-26,4.82000000,4.76000000
2015-06-29,4.65000000,4.54000000
2015-06-30,4.61000000,4.57000000
2015-07-01,4.66000000,4.64000000
2015-07-02,4.66000000,4.64000000
2015-07-06,4.59000000,4.62000000
2015-07-07,4.63000000,4.64000000
2015-07-08,4.58000000,4.48000000
2015-07-09,4.60000000,4.48000000
2015-07-10,4.60000000,4.62000000
2015-07-13,4.69000000,4.77000000
2015-07-14,4.79000000,4.84000000
2015-07-15,4.85000000,4.85000000
2015-07-16,4.93000000,4.98000000
2015-07-17,5.06000000,5.13000000
2015-07-20,5.16000000,5.17000000
2015-07-21,5.17000000,5.16000000
2015-07-22,5.00000000,5.05000000
2015-07-23,5.05000000,5.00000000
2015-07-24,5.06000000,4.91000000
2015-07-27,4.85000000,4.82000000
2015-07-28,4.87000000,4.91000000
2015-07-29,4.93000000,4.95000000
2015-07-30,4.92000000,4.99000000
2015-07-31,5.02000000,4.98000000
2015-08-03,4.98000000,4.95000000
2015-08-04,4.94000000,4.93000000
2015-08-05,4.98000000,5.00000000
2015-08-06,5.01000000,4.85000000
2015-08-07,4.82000000,4.83000000
2015-08-10,4.89000000,4.94000000
2015-08-11,4.89000000,4.82000000
2015-08-12,4.75000000,4.85000000
2015-08-13,4.86000000,4.83000000
2015-08-14,4.81000000,4.84000000
2015-08-17,4.82000000,4.92000000
2015-08-18,4.91000000,4.88000000
2015-08-19,4.85000000,4.81000000
2015-08-20,4.72000000,4.55000000
2015-08-21,4.42000000,4.16000000
2015-08-24,3.49000000,3.84000000
2015-08-25,4.11000000,3.80000000
2015-08-26,4.02000000,4.18000000
2015-08-27,4.30000000,4.39000000
2015-08-28,4.35000000,4.39000000
2015-08-31,4.34000000,4.28000000
2015-09-01,4.07000000,4.02000000
2015-09-02,4.16000000,4.24000000
2015-09-03,4.28000000,4.20000000
2015-09-04,4.08000000,4.10000000
2015-09-08,4.26000000,4.33000000
2015-09-09,4.43000000,4.23000000
2015-09-10,4.22000000,4.32000000
2015-09-11,4.28000000,4.37000000
2015-09-14,4.40000000,4.34000000
2015-09-15,4.36000000,4.44000000
2015-09-16,4.45000000,4.49000000
2015-09-17,4.49000000,4.50000000
2015-09-18,4.36000000,4.37000000
2015-09-21,4.42000000,4.40000000
2015-09-22,4.26000000,4.27000000
2015-09-23,4.29000000,4.27000000
2015-09-24,4.19000000,4.24000000
2015-09-25,4.33000000,4.17000000
2015-09-28,4.13000000,3.93000000
2015-09-29,3.95000000,3.89000000
2015-09-30,4.00000000,4.07000000
2015-10-01,4.08000000,4.10000000
2015-10-02,3.99000000,4.25000000
2015-10-05,4.31000000,4.37000000
2015-10-06,4.35000000,4.33000000
2015-10-07,4.38000000,4.38000000
2015-10-08,4.35000000,4.41000000
2015-10-09,4.42000000,4.45000000
2015-10-12,4.47000000,4.48000000
2015-10-13,4.42000000,4.42000000
2015-10-14,4.42000000,4.41000000
2015-10-15,4.44000000,4.55000000
2015-10-16,4.57000000,4.59000000
2015-10-19,4.57000000,4.64000000
2015-10-20,4.63000000,4.59000000
2015-10-21,4.63000000,4.54000000
2015-10-22,4.61000000,4.72000000
2015-10-23,4.97000000,4.99000000
2015-10-26,4.97000000,4.99000000
2015-10-27,4.96000000,5.01000000
2015-10-28,5.03000000,5.09000000
2015-10-29,5.04000000,5.08000000
2015-10-30,5.08000000,5.03000000
2015-11-02,5.06000000,5.15000000
2015-11-03,5.13000000,5.18000000
2015-11-04,5.22000000,5.18000000
2015-11-05,5.19000000,5.15000000
2015-11-06,5.13000000,5.16000000
2015-11-09,5.12000000,5.05000000
2015-11-10,5.00000000,5.02000000
2015-11-11,5.05000000,5.01000000
2015-11-12,4.97000000,4.91000000
2015-11-13,4.87000000,4.72000000
2015-11-16,4.71000000,4.86000000
2015-11-17,4.88000000,4.86000000
2015-11-18,4.90000000,5.05000000
2015-11-19,5.05000000,5.05000000
2015-11-20,5.10000000,5.12000000
2015-11-23,5.12000000,5.09000000
2015-11-24,5.03000000,5.09000000
2015-11-25,5.10000000,5.09000000
2015-11-27,5.11000000,5.11000000
2015-11-30,5.13000000,5.08000000
2015-12-01,5.12000000,5.18000000
2015-12-02,5.19000000,5.12000000
2015-12-03,5.15000000,4.95000000
2015-12-04,4.97000000,5.17000000
2015-12-07,5.18000000,5.13000000
2015-12-08,5.02000000,5.13000000
2015-12-09,5.08000000,4.97000000
2015-12-10,5.00000000,5.02000000
2015-12-11,4.90000000,4.79000000
2015-12-14,4.80000000,4.86000000
2015-12-15,4.94000000,4.92000000
2015-12-16,4.98000000,5.06000000
2015-12-17,5.11000000,4.92000000
2015-12-18,4.88000000,4.74000000
2015-12-21,4.82000000,4.83000000
2015-12-22,4.88000000,4.89000000
2015-12-23,4.94000000,4.97000000
2015-12-24,4.96000000,4.96000000
2015-12-28,4.94000000,4.95000000
2015-12-29,5.01000000,5.11000000
2015-12-30,5.10000000,5.02000000
2015-12-31,4.98000000,4.90000000
2016-01-04,4.68000000,4.69000000
2016-01-05,4.73000000,4.67000000
2016-01-06,4.51000000,4.58000000
2016-01-07,4.39000000,4.30000000
2016-01-08,4.36000000,4.22000000
2016-01-11,4.28000000,4.25000000
2016-01-12,4.33000000,4.35000000
2016-01-13,4.38000000,4.05000000
2016-01-14,4.08000000,4.22000000
2016-01-15,3.94000000,3.96000000
2016-01-19,4.07000000,3.97000000
2016-01-20,3.85000000,3.95000000
2016-01-21,3.98000000,3.96000000
2016-01-22,4.11000000,4.19000000
2016-01-25,4.16000000,4.07000000
2016-01-26,4.09000000,4.14000000
2016-01-27,4.09000000,3.93000000
2016-01-28,4.05000000,4.04000000
2016-01-29,4.04000000,4.21000000
2016-02-01,4.16000000,4.22000000
2016-02-02,4.19000000,4.05000000
2016-02-03,4.10000000,4.01000000
2016-02-04,3.99000000,4.01000000
2016-02-05,3.98000000,3.73000000
2016-02-08,3.59000000,3.61000000
2016-02-09,3.52000000,3.59000000
2016-02-10,3.68000000,3.62000000
2016-02-11,3.52000000,3.61000000
2016-02-12,3.69000000,3.72000000
2016-02-16,3.82000000,3.88000000
2016-02-17,3.94000000,4.06000000
2016-02-18,4.08000000,3.97000000
2016-02-19,3.93000000,3.99000000
2016-02-22,4.07000000,4.12000000
2016-02-23,4.07000000,3.98000000
2016-02-24,3.89000000,4.06000000
2016-02-25,4.08000000,4.14000000
2016-02-26,4.20000000,4.13000000
2016-02-29,4.12000000,4.05000000
2016-03-01,4.13000000,4.31000000
2016-03-02,4.30000000,4.32000000
2016-03-03,4.31000000,4.30000000
2016-03-04,4.31000000,4.31000000
2016-03-07,4.26000000,4.25000000
2016-03-08,4.19000000,4.18000000
2016-03-09,4.22000000,4.24000000
2016-03-10,4.28000000,4.22000000
2016-03-11,4.32000000,4.37000000
2016-03-14,4.34000000,4.38000000
2016-03-15,4.35000000,4.38000000
2016-03-16,4.36000000,4.46000000
2016-03-17,4.43000000,4.45000000
2016-03-18,4.47000000,4.47000000
2016-03-21,4.45000000,4.50000000
2016-03-22,4.45000000,4.53000000
2016-03-23,4.51000000,4.45000000
2016-03-24,4.40000000,4.45000000
2016-03-28,4.48000000,4.44000000
2016-03-29,4.42000000,4.58000000
2016-03-30,4.63000000,4.63000000
2016-03-31,4.62000000,4.61000000
2016-04-01,4.55000000,4.71000000
2016-04-04,4.70000000,4.67000000
2016-04-05,4.60000000,4.59000000
2016-04-06,4.59000000,4.73000000
2016-04-07,4.68000000,4.59000000
2016-04-08,4.65000000,4.59000000
2016-04-11,4.63000000,4.55000000
2016-04-12,4.56000000,4.63000000
2016-04-13,4.70000000,4.75000000
2016-04-14,4.75000000,4.75000000
2016-04-15,4.74000000,4.72000000
2016-04-18,4.70000000,4.78000000
2016-04-19,4.79000000,4.72000000
2016-04-20,4.72000000,4.72000000
2016-04-21,4.72000000,4.72000000
2016-04-22,4.61000000,4.58000000
2016-04-25,4.55000000,4.58000000
2016-04-26,4.60000000,4.54000000
2016-04-27,4.45000000,4.46000000
2016-04-28,4.47000000,4.36000000
2016-04-29,4.35000000,4.31000000
2016-05-02,4.33000000,4.39000000
2016-05-03,4.33000000,4.31000000
2016-05-04,4.26000000,4.25000000
2016-05-05,4.28000000,4.25000000
2016-05-06,4.21000000,4.30000000
2016-05-09,4.30000000,4.32000000
2016-05-10,4.35000000,4.44000000
2016-05-11,4.43000000,4.36000000
2016-05-12,4.38000000,4.32000000
2016-05-13,4.31000000,4.29000000
2016-05-16,4.30000000,4.39000000
2016-05-17,4.39000000,4.28000000
2016-05-18,4.27000000,4.32000000
2016-05-19,4.28000000,4.27000000
2016-05-20,4.30000000,4.36000000
2016-05-23,4.37000000,4.35000000
2016-05-24,4.40000000,4.53000000
2016-05-25,4.56000000,4.59000000
2016-05-26,4.61000000,4.62000000
2016-05-27,4.62000000,4.66000000
2016-05-31,4.68000000,4.68000000
2016-06-01,4.65000000,4.68000000
2016-06-02,4.66000000,4.70000000
2016-06-03,4.68000000,4.66000000
2016-06-06,4.68000000,4.69000000
2016-06-07,4.70000000,4.67000000
2016-06-08,4.68000000,4.68000000
2016-06-09,4.65000000,4.67000000
2016-06-10,4.58000000,4.56000000
2016-06-13,4.51000000,4.48000000
2016-06-14,4.47000000,4.49000000
2016-06-15,4.51000000,4.46000000
2016-06-16,4.41000000,4.49000000
2016-06-17,4.47000000,4.38000000
2016-06-20,4.48000000,4.43000000
2016-06-21,4.45000000,4.46000000
2016-06-22,4.47000000,4.44000000
2016-06-23,4.51000000,4.56000000
2016-06-24,4.24000000,4.19000000
2016-06-27,4.14000000,4.03000000
2016-06-28,4.11000000,4.20000000
2016-06-29,4.26000000,4.35000000
2016-06-30,4.36000000,4.45000000
2016-07-01,4.45000000,4.49000000
2016-07-05,4.45000000,4.44000000
2016-07-06,4.40000000,4.51000000
2016-07-07,4.52000000,4.54000000
2016-07-08,4.58000000,4.68000000
2016-07-11,4.70000000,4.73000000
2016-07-12,4.79000000,4.78000000
2016-07-13,4.80000000,4.76000000
2016-07-14,4.82000000,4.82000000
2016-07-15,4.84000000,4.80000000
2016-07-18,4.81000000,4.87000000
2016-07-19,4.83000000,4.83000000
2016-07-20,4.88000000,4.94000000
2016-07-21,4.95000000,4.92000000
2016-07-22,4.93000000,4.96000000
2016-07-25,4.95000000,4.96000000
2016-07-26,4.96000000,4.97000000
2016-07-27,5.06000000,5.04000000
2016-07-28,5.06000000,5.08000000
2016-07-29,5.10000000,5.10000000
2016-08-01,5.10000000,5.15000000
2016-08-02,5.14000000,5.07000000
2016-08-03,5.06000000,5.11000000
2016-08-04,5.11000000,5.14000000
2016-08-05,5.19000000,5.23000000
2016-08-08,5.24000000,5.22000000
2016-08-09,5.23000000,5.25000000
2016-08-10,5.25000000,5.22000000
2016-08-11,5.25000000,5.26000000
2016-08-12,5.24000000,5.27000000
2016-08-15,5.28000000,5.32000000
2016-08-16,5.29000000,5.26000000
2016-08-17,5.26000000,5.27000000
2016-08-18,5.27000000,5.28000000
2016-08-19,5.26000000,5.27000000
2016-08-22,5.26000000,5.28000000
2016-08-23,5.32000000,5.30000000
2016-08-24,5.29000000,5.23000000
2016-08-25,5.20000000,5.21000000
2016-08-26,5.22000000,5.23000000
2016-08-29,5.23000000,5.24000000
2016-08-30,5.22000000,5.21000000
2016-08-31,5.19000000,5.19000000
2016-09-01,5.20000000,5.22000000
2016-09-02,5.27000000,5.25000000
2016-09-06,5.27000000,5.32000000
2016-09-07,5.33000000,5.33000000
2016-09-08,5.30000000,5.26000000
2016-09-09,5.18000000,5.00000000
2016-09-12,4.95000000,5.18000000
2016-09-13,5.13000000,5.09000000
2016-09-14,5.10000000,5.14000000
2016-09-15,5.14000000,5.30000000
2016-09-16,5.28000000,5.29000000
2016-09-19,5.31000000,5.24000000
2016-09-20,5.28000000,5.26000000
2016-09-21,5.30000000,5.36000000
2016-09-22,5.43000000,5.45000000
2016-09-23,5.43000000,5.38000000
2016-09-26,5.32000000,5.29000000
2016-09-27,5.29000000,5.39000000
2016-09-28,5.41000000,5.41000000
2016-09-29,5.40000000,5.33000000
2016-09-30,5.36000000,5.41000000
2016-10-03,5.39000000,5.40000000
2016-10-04,5.42000000,5.38000000
2016-10-05,5.41000000,5.42000000
2016-10-06,5.40000000,5.41000000
2016-10-07,5.42000000,5.39000000
2016-10-10,5.44000000,5.45000000
2016-10-11,5.44000000,5.30000000
2016-10-12,5.30000000,5.29000000
2016-10-13,5.22000000,5.25000000
2016-10-14,5.30000000,5.26000000
2016-10-17,5.26000000,5.24000000
2016-10-18,5.36000000,5.33000000
2016-10-19,5.32000000,5.32000000
2016-10-20,5.31000000,5.32000000
2016-10-21,5.32000000,5.36000000
2016-10-24,5.42000000,5.48000000
2016-10-25,5.49000000,5.45000000
2016-10-26,5.38000000,5.37000000
2016-10-27,5.42000000,5.33000000
2016-10-28,5.29000000,5.25000000
2016-10-31,5.29000000,5.24000000
2016-11-01,5.26000000,5.17000000
2016-11-02,5.16000000,5.08000000
2016-11-03,5.07000000,4.99000000
2016-11-04,4.96000000,4.95000000
2016-11-07,5.10000000,5.19000000
2016-11-08,5.17000000,5.25000000
2016-11-09,5.12000000,5.30000000
2016-11-10,5.34000000,5.13000000
2016-11-11,5.08000000,5.13000000
2016-11-14,5.14000000,5.03000000
2016-11-15,5.10000000,5.17000000
2016-11-16,5.12000000,5.23000000
2016-11-17,5.22000000,5.30000000
2016-11-18,5.31000000,5.26000000
2016-11-21,5.29000000,5.37000000
2016-11-22,5.41000000,5.41000000
2016-11-23,5.37000000,5.36000000
2016-11-25,5.37000000,5.40000000
2016-11-28,5.38000000,5.37000000
2016-11-29,5.38000000,5.41000000
2016-11-30,5.42000000,5.27000000
2016-12-01,5.27000000,5.10000000
2016-12-02,5.10000000,5.11000000
2016-12-05,5.17000000,5.19000000
2016-12-06,5.21000000,5.22000000
2016-12-07,5.19000000,5.35000000
2016-12-08,5.35000000,5.37000000
2016-12-09,5.41000000,5.45000000
2016-12-12,5.40000000,5.40000000
2016-12-13,5.44000000,5.54000000
2016-12-14,5.55000000,5.51000000
2016-12-15,5.53000000,5.53000000
2016-12-16,5.55000000,5.49000000
2016-12-19,5.50000000,5.54000000
2016-12-20,5.57000000,5.58000000
2016-12-21,5.58000000,5.56000000
2016-12-22,5.56000000,5.53000000
2016-12-23,5.51000000,5.54000000
2016-12-27,5.56000000,5.60000000
2016-12-28,5.62000000,5.51000000
2016-12-29,5.50000000,5.49000000
2016-12-30,5.51000000,5.38000000
2017-01-03,5.45000000,5.48000000
2017-01-04,5.49000000,5.53000000
2017-01-05,5.53000000,5.59000000
2017-01-06,5.61000000,5.69000000
2017-01-09,5.70000000,5.73000000
2017-01-10,5.73000000,5.76000000
2017-01-11,5.76000000,5.78000000
2017-01-12,5.74000000,5.77000000
2017-01-13,5.78000000,5.81000000
2017-01-17,5.77000000,5.77000000
2017-01-18,5.79000000,5.80000000
2017-01-19,5.81000000,5.79000000
2017-01-20,5.84000000,5.81000000
2017-01-23,5.80000000,5.82000000
2017-01-24,5.84000000,5.90000000
2017-01-25,5.97000000,6.02000000
2017-01-26,6.03000000,6.03000000
2017-01-27,6.05000000,6.05000000
2017-01-30,6.01000000,5.96000000
2017-01-31,5.92000000,5.94000000
2017-02-01,6.01000000,6.02000000
2017-02-02,5.99000000,6.01000000
2017-02-03,6.02000000,6.04000000
2017-02-06,6.01000000,6.05000000
2017-02-07,6.07000000,6.10000000
2017-02-08,6.08000000,6.12000000
2017-02-09,6.13000000,6.16000000
2017-02-10,6.18000000,6.20000000
2017-02-13,6.24000000,6.27000000
2017-02-14,6.28000000,6.31000000
2017-02-15,6.30000000,6.39000000
2017-02-16,6.39000000,6.38000000
2017-02-17,6.37000000,6.44000000
2017-02-21,6.46000000,6.50000000
2017-02-22,6.49000000,6.51000000
2017-02-23,6.52000000,6.46000000
2017-02-24,6.40000000,6.48000000
2017-02-27,6.46000000,6.50000000
2017-02-28,6.49000000,6.46000000
2017-03-01,6.53000000,6.60000000
2017-03-02,6.59000000,6.53000000
2017-03-03,6.52000000,6.55000000
2017-03-06,6.51000000,6.53000000
2017-03-07,6.50000000,6.50000000
2017-03-08,6.51000000,6.52000000
2017-03-09,6.52000000,6.53000000
2017-03-10,6.59000000,6.59000000
2017-03-13,6.58000000,6.61000000
2017-03-14,6.58000000,6.57000000
2017-03-15,6.60000000,6.66000000
2017-03-16,6.68000000,6.65000000
2017-03-17,6.66000000,6.64000000
2017-03-20,6.64000000,6.65000000
2017-03-21,6.70000000,6.45000000
2017-03-22,6.46000000,6.54000000
2017-03-23,6.52000000,6.51000000
2017-03-24,6.54000000,6.53000000
2017-03-27,6.44000000,6.55000000
2017-03-28,6.55000000,6.63000000
2017-03-29,6.64000000,6.69000000
2017-03-30,6.69000000,6.71000000
2017-03-31,6.69000000,6.70000000
2017-04-03,6.71000000,6.69000000
2017-04-04,6.66000000,6.71000000
2017-04-05,6.73000000,6.66000000
2017-04-06,6.68000000,6.67000000
2017-04-07,6.66000000,6.66000000
2017-04-10,6.67000000,6.67000000
2017-04-11,6.65000000,6.61000000
2017-04-12,6.61000000,6.55000000
2017-04-13,6.54000000,6.50000000
2017-04-17,6.54000000,6.61000000
2017-04-18,6.56000000,6.59000000
2017-04-19,6.64000000,6.61000000
2017-04-20,6.66000000,6.71000000
2017-04-21,6.73000000,6.71000000
2017-04-24,6.86000000,6.87000000
2017-04-25,6.92000000,6.97000000
2017-04-26,6.98000000,6.95000000
2017-04-27,6.99000000,7.04000000
2017-04-28,7.09000000,7.06000000
2017-05-01,7.11000000,7.18000000
2017-05-02,7.21000000,7.21000000
2017-05-03,7.18000000,7.16000000
2017-05-04,7.16000000,7.17000000
2017-05-05,7.20000000,7.22000000
2017-05-08,7.22000000,7.25000000
2017-05-09,7.27000000,7.30000000
2017-05-10,7.31000000,7.31000000
2017-05-11,7.27000000,7.30000000
2017-05-12,7.30000000,7.33000000
2017-05-15,7.33000000,7.37000000
2017-05-16,7.41000000,7.44000000
2017-05-17,7.32000000,7.06000000
2017-05-18,7.05000000,7.18000000
2017-05-19,7.23000000,7.24000000
2017-05-22,7.27000000,7.36000000
2017-05-23,7.41000000,7.37000000
2017-05-24,7.42000000,7.44000000
2017-05-25,7.50000000,7.57000000
2017-05-26,7.57000000,7.59000000
2017-05-30,7.58000000,7.61000000
2017-05-31,7.66000000,7.60000000
2017-06-01,7.63000000,7.66000000
2017-06-02,7.72000000,7.83000000
2017-06-05,7.83000000,7.83000000
2017-06-06,7.81000000,7.77000000
2017-06-07,7.81000000,7.83000000
2017-06-08,7.86000000,7.85000000
2017-06-09,7.86000000,7.45000000
2017-06-12,7.33000000,7.37000000
2017-06-13,7.45000000,7.49000000
2017-06-14,7.55000000,7.42000000
2017-06-15,7.27000000,7.35000000
2017-06-16,7.35000000,7.30000000
2017-06-19,7.43000000,7.53000000
2017-06-20,7.52000000,7.42000000
2017-06-21,7.45000000,7.56000000
2017-06-22,7.58000000,7.56000000
2017-06-23,7.54000000,7.61000000
2017-06-26,7.70000000,7.54000000
2017-06-27,7.49000000,7.27000000
2017-06-28,7.32000000,7.47000000
2017-06-29,7.41000000,7.22000000
2017-06-30,7.26000000,7.21000000
2017-07-03,7.28000000,7.07000000
2017-07-05,7.11000000,7.21000000
2017-07-06,7.10000000,7.07000000
2017-07-07,7.12000000,7.22000000
2017-07-10,7.24000000,7.32000000
2017-07-11,7.30000000,7.36000000
2017-07-12,7.49000000,7.54000000
2017-07-13,7.55000000,7.57000000
2017-07-14,7.63000000,7.69000000
2017-07-17,7.70000000,7.70000000
2017-07-18,7.68000000,7.80000000
2017-07-19,7.84000000,7.89000000
2017-07-20,7.93000000,7.91000000
2017-07-21,7.84000000,7.90000000
2017-07-24,7.90000000,7.97000000
2017-07-25,7.92000000,7.93000000
2017-07-26,7.97000000,7.98000000
2017-07-27,8.09000000,7.89000000
2017-07-28,7.79000000,7.87000000
2017-07-31,7.91000000,7.80000000
2017-08-01,7.85000000,7.83000000
2017-08-02,7.94000000,7.88000000
2017-08-03,7.89000000,7.82000000
2017-08-04,7.84000000,7.84000000
2017-08-07,7.87000000,7.94000000
2017-08-08,7.91000000,7.91000000
2017-08-09,7.79000000,7.89000000
2017-08-10,7.81000000,7.55000000
2017-08-11,7.57000000,7.66000000
2017-08-14,7.78000000,7.86000000
2017-08-15,7.90000000,7.87000000
2017-08-16,7.91000000,7.90000000
2017-08-17,7.84000000,7.58000000
2017-08-18,7.59000000,7.56000000
2017-08-21,7.57000000,7.55000000
2017-08-22,7.63000000,7.78000000
2017-08-23,7.70000000,7.72000000
2017-08-24,7.75000000,7.68000000
2017-08-25,7.73000000,7.64000000
2017-08-28,7.68000000,7.68000000
2017-08-29,7.55000000,7.74000000
2017-08-30,7.76000000,7.93000000
2017-08-31,7.97000000,8.08000000
2017-09-01,8.12000000,8.08000000
2017-09-05,8.02000000,7.93000000
2017-09-06,7.97000000,7.97000000
2017-09-07,8.01000000,8.01000000
2017-09-08,7.99000000,7.88000000
2017-09-11,7.99000000,8.05000000
2017-09-12,8.10000000,8.09000000
2017-09-13,8.06000000,8.11000000
2017-09-14,8.05000000,8.02000000
2017-09-15,8.02000000,8.07000000
2017-09-18,8.08000000,8.05000000
2017-09-19,8.08000000,8.08000000
2017-09-20,8.07000000,8.03000000
2017-09-21,8.02000000,7.93000000
2017-09-22,7.88000000,7.91000000
2017-09-25,7.85000000,7.75000000
2017-09-26,7.82000000,7.78000000
2017-09-27,7.86000000,7.92000000
2017-09-28,7.89000000,7.92000000
2017-09-29,7.95000000,8.03000000
2017-10-02,8.05000000,8.04000000
2017-10-03,8.06000000,8.08000000
2017-10-04,8.05000000,8.09000000
2017-10-05,8.15000000,8.25000000
2017-10-06,8.19000000,8.27000000
2017-10-09,8.30000000,8.25000000
2017-10-10,8.31000000,8.26000000
2017-10-11,8.26000000,8.31000000
2017-10-12,8.28000000,8.28000000
2017-10-13,8.35000000,8.34000000
2017-10-16,8.38000000,8.40000000
2017-10-17,8.39000000,8.42000000
2017-10-18,8.44000000,8.40000000
2017-10-19,8.31000000,8.34000000
2017-10-20,8.41000000,8.38000000
2017-10-23,8.41000000,8.27000000
2017-10-24,8.30000000,8.30000000
2017-10-25,8.27000000,8.23000000
2017-10-26,8.23000000,8.19000000
2017-10-27,8.45000000,8.65000000
2017-10-30,8.64000000,8.70000000
2017-10-31,8.75000000,8.76000000
2017-11-01,8.82000000,8.76000000
2017-11-02,8.73000000,8.72000000
2017-11-03,8.79000000,8.88000000
2017-11-06,8.87000000,8.94000000
2017-11-07,8.93000000,8.95000000
2017-11-08,8.95000000,9.03000000
2017-11-09,8.88000000,8.93000000
2017-11-10,8.89000000,8.93000000
2017-11-13,8.86000000,8.95000000
2017-11-14,8.88000000,8.89000000
2017-11-15,8.81000000,8.80000000
2017-11-16,8.89000000,9.02000000
2017-11-17,9.03000000,8.95000000
2017-11-20,8.97000000,8.94000000
2017-11-21,9.02000000,9.13000000
2017-11-22,9.15000000,9.15000000
2017-11-24,9.17000000,9.22000000
2017-11-27,9.21000000,9.21000000
2017-11-28,9.25000000,9.26000000
2017-11-29,9.23000000,8.94000000
2017-11-30,9.01000000,9.09000000
2017-12-01,8.97000000,9.01000000
2017-12-04,9.12000000,8.80000000
2017-12-05,8.78000000,8.80000000
2017-12-06,8.74000000,8.88000000
2017-12-07,8.89000000,8.94000000
2017-12-08,9.07000000,9.02000000
2017-12-11,9.03000000,9.16000000
2017-12-12,9.15000000,9.14000000
2017-12-13,9.21000000,9.17000000
2017-12-14,9.20000000,9.16000000
2017-12-15,9.23000000,9.36000000
2017-12-18,9.48000000,9.52000000
2017-12-19,9.48000000,9.41000000
2017-12-20,9.48000000,9.39000000
2017-12-21,9.41000000,9.39000000
2017-12-22,9.35000000,9.36000000
2017-12-26,9.27000000,9.26000000
2017-12-27,9.26000000,9.27000000
2017-12-28,9.32000000,9.28000000
2017-12-29,9.30000000,9.17000000
2018-01-02,9.26000000,9.48000000
2018-01-03,9.51000000,9.67000000
2018-01-04,9.74000000,9.70000000
2018-01-05,9.79000000,9.90000000
2018-01-08,9.90000000,9.97000000
2018-01-09,10.02000000,9.98000000
2018-01-10,9.88000000,9.92000000
2018-01-11,9.96000000,10.06000000
2018-01-12,10.04000000,10.20000000
2018-01-16,10.34000000,10.15000000
2018-01-17,10.24000000,10.36000000
2018-01-18,10.34000000,10.37000000
2018-01-19,10.44000000,10.44000000
2018-01-22,10.42000000,10.66000000
2018-01-23,10.73000000,10.83000000
2018-01-24,10.88000000,10.70000000
2018-01-25,10.83000000,10.68000000
2018-01-26,10.80000000,11.00000000
2018-01-29,10.95000000,10.90000000
2018-01-30,10.70000000,10.72000000
2018-01-31,10.84000000,10.80000000
2018-02-01,10.64000000,10.62000000
2018-02-02,10.54000000,10.19000000
2018-02-05,10.00000000,9.40000000
2018-02-06,9.13000000,9.88000000
2018-02-07,9.83000000,9.63000000
2018-02-08,9.68000000,8.83000000
2018-02-09,9.07000000,9.12000000
2018-02-12,9.31000000,9.45000000
2018-02-13,9.35000000,9.53000000
2018-02-14,9.43000000,9.90000000
2018-02-15,10.07000000,10.26000000
2018-02-16,10.20000000,10.18000000
2018-02-20,10.10000000,10.20000000
2018-02-21,10.30000000,10.14000000
2018-02-22,10.24000000,10.15000000
2018-02-23,10.30000000,10.56000000
2018-02-26,10.65000000,10.83000000
2018-02-27,10.85000000,10.56000000
2018-02-28,10.69000000,10.43000000
2018-03-01,10.45000000,10.10000000
2018-03-02,9.85000000,10.28000000
2018-03-05,10.18000000,10.50000000
2018-03-06,10.60000000,10.59000000
2018-03-07,10.43000000,10.64000000
2018-03-08,10.72000000,10.75000000
2018-03-09,10.91000000,11.16000000
2018-03-12,11.23000000,11.27000000
2018-03-13,11.38000000,10.99000000
2018-03-14,11.09000000,10.98000000
2018-03-15,11.00000000,10.95000000
2018-03-16,10.99000000,10.90000000
2018-03-19,10.70000000,10.43000000
2018-03-20,10.42000000,10.49000000
2018-03-21,10.44000000,10.40000000
2018-03-22,10.12000000,9.88000000
2018-03-23,9.86000000,9.35000000
2018-03-26,9.73000000,10.06000000
2018-03-27,10.20000000,9.39000000
2018-03-28,9.30000000,9.19000000
2018-03-29,9.29000000,9.52000000
2018-04-02,9.39000000,8.98000000
2018-04-03,9.14000000,9.17000000
2018-04-04,8.82000000,9.41000000
2018-04-05,9.64000000,9.56000000
2018-04-06,9.36000000,9.10000000
2018-04-09,9.25000000,9.20000000
2018-04-10,9.50000000,9.61000000
2018-04-11,9.51000000,9.51000000
2018-04-12,9.63000000,9.73000000
2018-04-13,9.83000000,9.64000000
2018-04-16,9.76000000,9.77000000
2018-04-17,9.97000000,10.19000000
2018-04-18,10.21000000,10.24000000
2018-04-19,10.14000000,10.06000000
2018-04-20,10.00000000,9.73000000
2018-04-23,9.82000000,9.68000000
2018-04-24,9.77000000,9.27000000
2018-04-25,9.30000000,9.30000000
2018-04-26,9.53000000,9.68000000
2018-04-27,9.96000000,9.69000000
2018-04-30,9.74000000,9.55000000
2018-05-01,9.51000000,9.76000000
2018-05-02,9.81000000,9.65000000
2018-05-03,9.56000000,9.65000000
2018-05-04,9.57000000,10.01000000
2018-05-07,10.11000000,10.17000000
2018-05-08,10.13000000,10.15000000
2018-05-09,10.20000000,10.38000000
2018-05-10,10.44000000,10.59000000
2018-05-11,10.55000000,10.57000000
2018-05-14,10.62000000,10.60000000
2018-05-15,10.44000000,10.37000000
2018-05-16,10.40000000,10.51000000
2018-05-17,10.44000000,10.42000000
2018-05-18,10.35000000,10.31000000
2018-05-21,10.47000000,10.43000000
2018-05-22,10.52000000,10.40000000
2018-05-23,10.24000000,10.58000000
2018-05-24,10.57000000,10.57000000
2018-05-25,10.56000000,10.59000000
2018-05-29,10.48000000,10.49000000
2018-05-30,10.57000000,10.64000000
2018-05-31,10.63000000,10.63000000
2018-06-01,10.73000000,10.96000000
2018-06-04,11.01000000,11.15000000
2018-06-05,11.20000000,11.22000000
2018-06-06,11.25000000,11.35000000
2018-06-07,11.35000000,11.18000000
2018-06-08,11.05000000,11.16000000
2018-06-11,11.15000000,11.23000000
2018-06-12,11.26000000,11.34000000
2018-06-13,11.38000000,11.33000000
2018-06-14,11.44000000,11.57000000
2018-06-15,11.49000000,11.49000000
2018-06-18,11.34000000,11.48000000
2018-06-19,11.18000000,11.40000000
2018-06-20,11.51000000,11.57000000
2018-06-21,11.62000000,11.36000000
2018-06-22,11.44000000,11.29000000
2018-06-25,11.11000000,10.80000000
2018-06-26,10.88000000,10.89000000
2018-06-27,10.98000000,10.58000000
2018-06-28,10.56000000,10.77000000
2018-06-29,10.88000000,10.81000000
2018-07-02,10.62000000,10.97000000
2018-07-03,11.04000000,10.71000000
2018-07-05,10.86000000,10.98000000
2018-07-06,11.02000000,11.31000000
2018-07-09,11.43000000,11.52000000
2018-07-10,11.55000000,11.54000000
2018-07-11,11.36000000,11.42000000
2018-07-12,11.52000000,11.80000000
2018-07-13,11.80000000,11.82000000
2018-07-16,11.83000000,11.77000000
2018-07-17,11.52000000,11.92000000
2018-07-18,11.91000000,11.87000000
2018-07-19,11.79000000,11.75000000
2018-07-20,11.82000000,11.73000000
2018-07-23,11.66000000,11.81000000
2018-07-24,12.06000000,11.91000000
2018-07-25,11.92000000,12.24000000
2018-07-26,11.90000000,11.88000000
2018-07-27,12.02000000,11.56000000
2018-07-30,11.55000000,11.22000000
2018-07-31,11.30000000,11.35000000
2018-08-01,11.44000000,11.47000000
2018-08-02,11.31000000,11.78000000
2018-08-03,11.82000000,11.85000000
2018-08-06,11.85000000,12.00000000
2018-08-07,12.06000000,12.07000000
2018-08-08,12.04000000,12.09000000
2018-08-09,12.09000000,12.08000000
2018-08-10,11.93000000,11.90000000
2018-08-13,11.94000000,11.88000000
2018-08-14,11.97000000,12.02000000
2018-08-15,11.84000000,11.74000000
2018-08-16,11.91000000,11.80000000
2018-08-17,11.74000000,11.81000000
2018-08-20,11.86000000,11.79000000
2018-08-21,11.86000000,11.87000000
2018-08-22,11.81000000,11.96000000
2018-08-23,11.92000000,11.92000000
2018-08-24,12.00000000,12.14000000
2018-08-27,12.27000000,12.39000000
2018-08-28,12.46000000,12.43000000
2018-08-29,12.46000000,12.71000000
2018-08-30,12.66000000,12.66000000
2018-08-31,12.63000000,12.69000000
2018-09-04,12.62000000,12.59000000
2018-09-05,12.54000000,12.26000000
2018-09-06,12.27000000,12.04000000
2018-09-07,11.87000000,11.97000000
2018-09-10,12.07000000,12.02000000
2018-09-11,11.92000000,12.20000000
2018-09-12,12.16000000,12.14000000
2018-09-13,12.27000000,12.38000000
2018-09-14,12.40000000,12.31000000
2018-09-17,12.27000000,11.96000000
2018-09-18,11.98000000,12.15000000
2018-09-19,12.15000000,12.14000000
2018-09-20,12.30000000,12.39000000
2018-09-21,12.48000000,12.27000000
2018-09-24,12.09000000,12.32000000
2018-09-25,12.31000000,12.36000000
2018-09-26,12.38000000,12.37000000
2018-09-27,12.47000000,12.58000000
2018-09-28,12.51000000,12.59000000
2018-10-01,12.72000000,12.63000000
2018-10-02,12.60000000,12.57000000
2018-10-03,12.68000000,12.60000000
2018-10-04,12.49000000,12.11000000
2018-10-05,12.11000000,11.82000000
2018-10-08,11.71000000,11.67000000
2018-10-09,11.69000000,11.74000000
2018-10-10,11.60000000,10.72000000
2018-10-11,10.62000000,10.45000000
2018-10-12,10.99000000,11.03000000
2018-10-15,10.95000000,10.75000000
2018-10-16,10.97000000,11.37000000
2018-10-17,11.49000000,11.39000000
2018-10-18,11.29000000,10.88000000
2018-10-19,11.01000000,10.84000000
2018-10-22,10.96000000,10.95000000
2018-10-23,10.55000000,10.88000000
2018-10-24,10.84000000,9.87000000
2018-10-25,10.18000000,10.53000000
2018-10-26,9.83000000,10.03000000
2018-10-29,10.30000000,9.64000000
2018-10-30,9.54000000,9.90000000
2018-10-31,10.22000000,10.35000000
2018-11-01,10.40000000,10.65000000
2018-11-02,10.58000000,10.33000000
2018-11-05,10.34000000,10.26000000
2018-11-06,10.25000000,10.41000000
2018-11-07,10.66000000,11.06000000
2018-11-08,10.96000000,10.92000000
2018-11-09,10.71000000,10.55000000
2018-11-12,10.40000000,9.93000000
2018-11-13,10.00000000,9.93000000
2018-11-14,10.12000000,9.77000000
2018-11-15,9.73000000,10.11000000
2018-11-16,9.92000000,10.05000000
2018-11-19,9.95000000,9.38000000
2018-11-20,8.95000000,9.06000000
2018-11-21,9.28000000,9.18000000
2018-11-23,9.04000000,9.05000000
2018-11-26,9.30000000,9.47000000
2018-11-27,9.36000000,9.53000000
2018-11-28,9.67000000,10.14000000
2018-11-29,10.06000000,10.07000000
2018-11-30,10.10000000,10.23000000
2018-12-03,10.67000000,10.57000000
2018-12-04,10.46000000,9.76000000
2018-12-06,9.38000000,9.90000000
2018-12-07,9.81000000,9.24000000
2018-12-10,9.21000000,9.44000000
2018-12-11,9.73000000,9.49000000
2018-12-12,9.78000000,9.66000000
2018-12-13,9.77000000,9.67000000
2018-12-14,9.44000000,9.17000000
2018-12-17,9.12000000,8.79000000
2018-12-18,8.91000000,8.88000000
2018-12-19,8.86000000,8.46000000
2018-12-20,8.41000000,8.21000000
2018-12-21,8.27000000,7.68000000
2018-12-24,7.57000000,7.32000000
2018-12-26,7.46000000,8.21000000
2018-12-27,7.99000000,8.28000000
2018-12-28,8.37000000,8.27000000
2018-12-31,8.42000000,8.40000000
2019-01-02,8.04000000,8.46000000
2019-01-03,8.22000000,7.89000000
2019-01-04,8.16000000,8.60000000
2019-01-07,8.62000000,8.77000000
2019-01-08,8.95000000,8.95000000
2019-01-09,9.01000000,9.08000000
2019-01-10,8.95000000,9.13000000
2019-01-11,9.03000000,9.07000000
2019-01-14,8.91000000,8.91000000
2019-01-15,8.99000000,9.26000000
2019-01-16,9.29000000,9.26000000
2019-01-17,9.19000000,9.39000000
2019-01-18,9.53000000,9.57000000
2019-01-22,9.44000000,9.21000000
2019-01-23,9.29000000,9.22000000
2019-01-24,9.27000000,9.33000000
2019-01-25,9.48000000,9.56000000
2019-01-28,9.31000000,9.32000000
2019-01-29,9.33000000,9.14000000
2019-01-30,9.35000000,9.62000000
2019-01-31,9.72000000,9.90000000
2019-02-01,9.80000000,9.81000000
2019-02-04,9.81000000,10.05000000
2019-02-05,10.07000000,10.23000000
2019-02-06,10.23000000,10.16000000
2019-02-07,9.98000000,9.89000000
2019-02-08,9.71000000,9.92000000
2019-02-11,9.99000000,9.90000000
2019-02-12,10.04000000,10.20000000
2019-02-13,10.28000000,10.21000000
2019-02-14,10.13000000,10.23000000
2019-02-15,10.39000000,10.32000000
2019-02-19,10.25000000,10.35000000
2019-02-20,10.37000000,10.35000000
2019-02-21,10.30000000,10.27000000
2019-02-22,10.32000000,10.43000000
2019-02-25,10.58000000,10.50000000
2019-02-26,10.44000000,10.52000000
2019-02-27,10.43000000,10.50000000
2019-02-28,10.44000000,10.45000000
2019-03-01,10.60000000,10.60000000
2019-03-04,10.72000000,10.60000000
2019-03-05,10.61000000,10.61000000
2019-03-06,10.63000000,10.49000000
2019-03-07,10.43000000,10.23000000
2019-03-08,10.00000000,10.20000000
2019-03-11,10.28000000,10.63000000
2019-03-12,10.68000000,10.74000000
2019-03-13,10.85000000,10.90000000
2019-03-14,10.91000000,10.86000000
2019-03-15,10.94000000,11.05000000
2019-03-18,11.05000000,11.10000000
2019-03-19,11.20000000,11.18000000
2019-03-20,11.18000000,11.27000000
2019-03-21,11.19000000,11.61000000
2019-03-22,11.51000000,11.09000000
2019-03-25,11.02000000,11.06000000
2019-03-26,11.23000000,11.16000000
2019-03-27,11.19000000,11.03000000
2019-03-28,11.07000000,11.07000000
2019-03-29,11.23000000,11.24000000
2019-04-01,11.45000000,11.54000000
2019-04-02,11.55000000,11.61000000
2019-04-03,11.74000000,11.75000000
2019-04-04,11.75000000,11.74000000
2019-04-05,11.81000000,11.85000000
2019-04-08,11.81000000,11.91000000
2019-04-09,11.82000000,11.83000000
2019-04-10,11.86000000,11.96000000
2019-04-11,11.98000000,11.90000000
2019-04-12,12.00000000,12.00000000
2019-04-15,11.99000000,12.00000000
2019-04-16,12.08000000,12.08000000
2019-04-17,12.23000000,12.16000000
2019-04-18,12.20000000,12.19000000
2019-04-22,12.08000000,12.26000000
2019-04-23,12.31000000,12.57000000
2019-04-24,12.58000000,12.49000000
2019-04-25,12.67000000,12.57000000
2019-04-26,12.55000000,12.61000000
2019-04-29,12.60000000,12.65000000
2019-04-30,12.45000000,12.46000000
2019-05-01,12.62000000,12.36000000
2019-05-02,12.37000000,12.27000000
2019-05-03,12.47000000,12.65000000
2019-05-06,12.12000000,12.51000000
2019-05-07,12.22000000,12.01000000
2019-05-08,11.93000000,11.93000000
2019-05-09,11.69000000,11.82000000
2019-05-10,11.73000000,11.85000000
2019-05-13,11.24000000,11.02000000
2019-05-14,11.14000000,11.26000000
2019-05-15,11.11000000,11.56000000
2019-05-16,11.58000000,11.80000000
2019-05-17,11.57000000,11.56000000
2019-05-20,11.24000000,11.18000000
2019-05-21,11.36000000,11.40000000
2019-05-22,11.27000000,11.30000000
2019-05-23,11.05000000,10.95000000
2019-05-24,11.08000000,10.93000000
2019-05-28,10.99000000,10.85000000
2019-05-29,10.73000000,10.68000000
2019-05-30,10.73000000,10.77000000
2019-05-31,10.51000000,10.41000000
2019-06-03,10.36000000,9.97000000
2019-06-04,10.18000000,10.52000000
2019-06-05,10.72000000,10.67000000
2019-06-06,10.70000000,10.84000000
2019-06-07,10.95000000,11.25000000
2019-06-10,11.40000000,11.51000000
2019-06-11,11.76000000,11.55000000
2019-06-12,11.48000000,11.42000000
2019-06-13,11.51000000,11.55000000
2019-06-14,11.42000000,11.44000000
2019-06-17,11.49000000,11.58000000
2019-06-18,11.85000000,11.92000000
2019-06-19,11.96000000,12.01000000
2019-06-20,12.34000000,12.23000000
2019-06-21,12.19000000,12.20000000
2019-06-24,12.24000000,12.19000000
2019-06-25,12.17000000,11.77000000
2019-06-26,11.92000000,11.87000000
2019-06-27,11.96000000,11.97000000
2019-06-28,12.02000000,12.00000000
2019-07-01,12.45000000,12.31000000
2019-07-02,12.30000000,12.41000000
2019-07-03,12.46000000,12.59000000
2019-07-05,12.42000000,12.55000000
2019-07-08,12.38000000,12.36000000
2019-07-09,12.24000000,12.49000000
2019-07-10,12.64000000,12.73000000
2019-07-11,12.78000000,12.71000000
2019-07-12,12.74000000,12.86000000
2019-07-15,12.91000000,12.93000000
2019-07-16,12.90000000,12.80000000
2019-07-17,12.81000000,12.68000000
2019-07-18,12.56000000,12.72000000
2019-07-19,12.89000000,12.50000000
2019-07-22,12.58000000,12.72000000
2019-07-23,12.85000000,12.88000000
2019-07-24,12.78000000,13.06000000
2019-07-25,12.96000000,12.80000000
2019-07-26,12.97000000,13.06000000
2019-07-29,13.05000000,12.98000000
2019-07-30,12.78000000,12.86000000
2019-07-31,12.93000000,12.52000000
2019-08-01,12.55000000,12.38000000
2019-08-02,12.20000000,12.02000000
2019-08-05,11.51000000,11.15000000
2019-08-06,11.37000000,11.47000000
2019-08-07,11.23000000,11.57000000
2019-08-08,11.71000000,12.10000000
2019-08-09,11.98000000,11.86000000
2019-08-12,11.72000000,11.60000000
2019-08-13,11.58000000,12.11000000
2019-08-14,11.70000000,11.36000000
2019-08-15,11.41000000,11.35000000
2019-08-16,11.54000000,11.70000000
2019-08-19,12.03000000,12.06000000
2019-08-20,12.02000000,11.90000000
2019-08-21,12.11000000,12.11000000
2019-08-22,12.15000000,12.03000000
2019-08-23,11.86000000,11.27000000
2019-08-26,11.52000000,11.60000000
2019-08-27,11.76000000,11.56000000
2019-08-28,11.47000000,11.63000000
2019-08-29,11.91000000,11.98000000
2019-08-30,12.11000000,11.93000000
2019-09-03,11.77000000,11.69000000
2019-09-04,11.91000000,12.03000000
2019-09-05,12.29000000,12.47000000
2019-09-06,12.50000000,12.44000000
2019-09-09,12.52000000,12.39000000
2019-09-10,12.25000000,12.33000000
2019-09-11,12.36000000,12.55000000
2019-09-12,12.70000000,12.64000000
2019-09-13,12.61000000,12.56000000
2019-09-16,12.39000000,12.43000000
2019-09-17,12.44000000,12.55000000
2019-09-18,12.51000000,12.55000000
2019-09-19,12.59000000,12.59000000
2019-09-20,12.63000000,12.32000000
2019-09-23,12.31000000,12.33000000
2019-09-24,12.44000000,11.99000000
2019-09-25,11.97000000,12.26000000
2019-09-26,12.24000000,12.17000000
2019-09-27,12.21000000,11.88000000
2019-09-30,11.96000000,12.09000000
2019-10-01,12.18000000,11.89000000
2019-10-02,11.74000000,11.48000000
2019-10-03,11.49000000,11.74000000
2019-10-04,11.85000000,12.09000000
2019-10-07,12.01000000,12.01000000
2019-10-08,11.85000000,11.63000000
2019-10-09,11.83000000,11.88000000
2019-10-10,11.87000000,12.05000000
2019-10-11,12.32000000,12.35000000
2019-10-14,12.32000000,12.36000000
2019-10-15,12.43000000,12.67000000
2019-10-16,12.59000000,12.60000000
2019-10-17,12.76000000,12.67000000
2019-10-18,12.64000000,12.43000000
2019-10-21,12.55000000,12.65000000
2019-10-22,12.73000000,12.44000000
2019-10-23,12.38000000,12.49000000
2019-10-24,12.67000000,12.73000000
2019-10-25,12.60000000,12.92000000
2019-10-28,13.05000000,13.19000000
2019-10-29,13.14000000,12.99000000
2019-10-30,13.03000000,13.09000000
2019-10-31,13.18000000,13.11000000
2019-11-01,13.23000000,13.36000000
2019-11-04,13.53000000,13.51000000
2019-11-05,13.55000000,13.52000000
2019-11-06,13.50000000,13.47000000
2019-11-07,13.60000000,13.56000000
2019-11-08,13.51000000,13.66000000
2019-11-11,13.53000000,13.63000000
2019-11-12,13.65000000,13.70000000
2019-11-13,13.61000000,13.68000000
2019-11-14,13.60000000,13.69000000
2019-11-15,13.85000000,13.85000000
2019-11-18,13.84000000,13.91000000
2019-11-19,14.01000000,13.94000000
2019-11-20,13.88000000,13.77000000
2019-11-21,13.74000000,13.71000000
2019-11-22,13.77000000,13.73000000
2019-11-25,13.84000000,14.05000000
2019-11-26,14.07000000,14.10000000
2019-11-27,14.18000000,14.30000000
2019-11-29,14.23000000,14.16000000
2019-12-02,14.17000000,13.85000000
2019-12-03,13.51000000,13.65000000
2019-12-04,13.80000000,13.79000000
2019-12-05,13.89000000,13.84000000
2019-12-06,14.04000000,14.13000000
2019-12-09,14.09000000,14.01000000
2019-12-10,14.02000000,13.99000000
2019-12-11,14.05000000,14.14000000
2019-12-12,14.10000000,14.35000000
2019-12-13,14.33000000,14.44000000
2019-12-16,14.62000000,14.71000000
2019-12-17,14.76000000,14.73000000
2019-12-18,14.77000000,14.75000000
2019-12-19,14.78000000,14.94000000
2019-12-20,15.09000000,15.07000000
2019-12-23,15.17000000,15.14000000
2019-12-24,15.16000000,15.14000000
2019-12-26,15.19000000,15.41000000
2019-12-27,15.52000000,15.38000000
2019-12-30,15.36000000,15.17000000
2019-12-31,15.09000000,15.24000000
2020-01-02,15.49000000,15.74000000
2020-01-03,15.32000000,15.46000000
2020-01-06,15.20000000,15.64000000
2020-01-07,15.66000000,15.63000000
2020-01-08,15.63000000,15.87000000
2020-01-09,16.14000000,16.15000000
2020-01-10,16.27000000,16.07000000
2020-01-13,16.18000000,16.43000000
2020-01-14,16.40000000,16.31000000
2020-01-15,16.32000000,16.31000000
2020-01-16,16.46000000,16.61000000
2020-01-17,16.76000000,16.78000000
2020-01-21,16.69000000,16.77000000
2020-01-22,16.93000000,16.85000000
2020-01-23,16.83000000,16.95000000
2020-01-24,17.13000000,16.66000000
2020-01-27,15.93000000,15.98000000
2020-01-28,16.20000000,16.46000000
2020-01-29,16.65000000,16.51000000
2020-01-30,16.30000000,16.63000000
2020-01-31,16.76000000,16.09000000
2020-02-03,16.25000000,16.57000000
2020-02-04,17.04000000,17.33000000
2020-02-05,17.77000000,17.47000000
2020-02-06,17.55000000,17.76000000
2020-02-07,17.60000000,17.60000000
2020-02-10,17.49000000,18.03000000
2020-02-11,18.23000000,18.03000000
2020-02-12,18.24000000,18.39000000
2020-02-13,18.13000000,18.33000000
2020-02-14,18.39000000,18.42000000
2020-02-18,18.25000000,18.45000000
2020-02-19,18.66000000,18.80000000
2020-02-20,18.72000000,18.43000000
2020-02-21,18.27000000,17.75000000
2020-02-24,16.38000000,16.37000000
2020-02-25,16.64000000,15.49000000
2020-02-26,15.66000000,15.62000000
2020-02-27,14.84000000,14.06000000
2020-02-28,13.14000000,14.20000000
2020-03-02,14.50000000,15.53000000
2020-03-03,15.64000000,14.54000000
2020-03-04,15.09000000,15.74000000
2020-03-05,14.94000000,14.79000000
2020-03-06,13.81000000,14.29000000
2020-03-09,12.31000000,12.32000000
2020-03-10,13.26000000,13.64000000
2020-03-11,13.00000000,12.45000000
2020-03-12,10.78000000,10.15000000
2020-03-13,11.27000000,12.08000000
2020-03-16,9.56000000,9.15000000
2020-03-17,9.66000000,10.38000000
2020-03-18,9.20000000,9.73000000
2020-03-19,9.63000000,9.87000000
2020-03-20,10.31000000,9.08000000
2020-03-23,9.14000000,9.12000000
2020-03-24,10.07000000,10.51000000
2020-03-25,10.58000000,10.32000000
2020-03-26,10.52000000,11.44000000
2020-03-27,10.84000000,10.60000000
2020-03-30,10.84000000,11.41000000
2020-03-31,11.36000000,11.20000000
2020-04-01,10.55000000,10.26000000
2020-04-02,10.16000000,10.67000000
2020-04-03,10.61000000,10.38000000
2020-04-06,11.16000000,11.86000000
2020-04-07,12.53000000,11.81000000
2020-04-08,12.04000000,12.32000000
2020-04-09,12.54000000,12.35000000
2020-04-13,12.26000000,12.64000000
2020-04-14,13.15000000,13.73000000
2020-04-15,13.30000000,13.42000000
2020-04-16,13.72000000,13.93000000
2020-04-17,14.26000000,14.16000000
2020-04-20,13.91000000,13.83000000
2020-04-21,13.56000000,12.80000000
2020-04-22,13.35000000,13.59000000
2020-04-23,13.68000000,13.53000000
2020-04-24,13.57000000,13.97000000
2020-04-27,14.24000000,14.14000000
2020-04-28,14.40000000,13.64000000
2020-04-29,14.24000000,14.57000000
2020-04-30,14.73000000,14.62000000
2020-05-01,13.99000000,13.74000000
2020-05-04,13.61000000,14.08000000
2020-05-05,14.36000000,14.40000000
2020-05-06,14.62000000,14.57000000
2020-05-07,14.94000000,14.96000000
2020-05-08,15.18000000,15.35000000
2020-05-11,15.17000000,15.60000000
2020-05-12,15.71000000,14.98000000
2020-05-13,15.06000000,14.61000000
2020-05-14,14.43000000,14.93000000
2020-05-15,14.52000000,15.12000000
2020-05-18,15.53000000,15.70000000
2020-05-19,15.72000000,15.60000000
2020-05-20,15.97000000,16.23000000
2020-05-21,16.25000000,15.88000000
2020-05-22,15.81000000,15.97000000
2020-05-26,16.49000000,15.91000000
2020-05-27,15.82000000,16.06000000
2020-05-28,15.90000000,16.00000000
2020-05-29,16.09000000,16.43000000
2020-06-01,16.35000000,16.61000000
2020-06-02,16.65000000,16.82000000
2020-06-03,16.90000000,16.96000000
2020-06-04,16.90000000,16.72000000
2020-06-05,16.87000000,17.38000000
2020-06-08,17.36000000,17.66000000
2020-06-09,17.52000000,17.90000000
2020-06-10,18.16000000,18.35000000
2020-06-11,17.75000000,16.53000000
2020-06-12,17.25000000,16.76000000
2020-06-15,16.28000000,17.18000000
2020-06-16,17.92000000,17.80000000
2020-06-17,18.01000000,17.89000000
2020-06-18,17.85000000,18.00000000
2020-06-19,18.36000000,17.98000000
2020-06-22,17.98000000,18.42000000
2020-06-23,18.66000000,18.72000000
2020-06-24,18.60000000,17.97000000
2020-06-25,17.97000000,18.31000000
2020-06-26,18.25000000,17.42000000
2020-06-29,17.39000000,17.78000000
2020-06-30,17.79000000,18.46000000
2020-07-01,18.50000000,18.93000000
2020-07-02,19.31000000,19.19000000
2020-07-06,19.70000000,20.14000000
2020-07-07,20.09000000,19.85000000
2020-07-08,20.07000000,20.37000000
2020-07-09,20.67000000,20.70000000
2020-07-10,20.67000000,21.01000000
2020-07-13,21.46000000,20.14000000
2020-07-14,19.75000000,20.43000000
2020-07-15,20.63000000,20.48000000
2020-07-16,20.04000000,20.19000000
2020-07-17,20.32000000,20.26000000
2020-07-20,20.38000000,21.42000000
2020-07-21,21.68000000,20.97000000
2020-07-22,21.04000000,21.12000000
2020-07-23,21.04000000,20.00000000
2020-07-24,19.40000000,19.62000000
2020-07-27,19.89000000,20.33000000
2020-07-28,20.20000000,19.82000000
2020-07-29,20.05000000,20.28000000
2020-07-30,19.95000000,20.48000000
2020-07-31,21.21000000,21.21000000
2020-08-03,21.57000000,21.77000000
2020-08-04,21.68000000,21.94000000
2020-08-05,22.02000000,22.06000000
2020-08-06,22.01000000,22.62000000
2020-08-07,22.53000000,22.11000000
2020-08-10,22.16000000,21.91000000
2020-08-11,21.72000000,21.09000000
2020-08-12,21.43000000,22.15000000
2020-08-13,22.27000000,22.24000000
2020-08-14,22.33000000,22.20000000
2020-08-17,22.48000000,22.69000000
2020-08-18,22.89000000,23.14000000
2020-08-19,23.14000000,22.83000000
2020-08-20,22.69000000,23.47000000
2020-08-21,23.51000000,23.78000000
2020-08-24,24.34000000,24.08000000
2020-08-25,23.94000000,24.46000000
2020-08-26,24.67000000,25.50000000
2020-08-27,25.69000000,25.33000000
2020-08-28,25.56000000,25.59000000
2020-08-31,25.70000000,26.04000000
2020-09-01,26.50000000,26.90000000
2020-09-02,27.50000000,27.40000000
2020-09-03,26.59000000,24.59000000
2020-09-04,24.34000000,23.94000000
2020-09-08,22.07000000,21.66000000
2020-09-09,22.55000000,22.92000000
2020-09-10,23.44000000,21.98000000
2020-09-11,22.34000000,21.70000000
2020-09-14,22.33000000,22.46000000
2020-09-15,23.07000000,23.10000000
2020-09-16,23.21000000,22.33000000
2020-09-17,21.20000000,21.67000000
2020-09-18,21.86000000,21.10000000
2020-09-21,20.48000000,21.28000000
2020-09-22,21.67000000,22.04000000
2020-09-23,22.00000000,20.69000000
2020-09-24,20.30000000,20.90000000
2020-09-25,20.97000000,21.89000000
2020-09-28,22.67000000,22.76000000
2020-09-29,22.70000000,22.56000000
2020-09-30,22.58000000,22.91000000
2020-10-01,23.53000000,23.61000000
2020-10-02,22.56000000,22.28000000
2020-10-05,22.60000000,23.24000000
2020-10-06,23.08000000,22.38000000
2020-10-07,22.83000000,23.20000000
2020-10-08,23.57000000,23.41000000
2020-10-09,23.67000000,24.12000000
2020-10-12,24.93000000,25.60000000
2020-10-13,25.93000000,25.58000000
2020-10-14,25.76000000,25.18000000
2020-10-15,24.33000000,24.82000000
2020-10-16,25.13000000,24.56000000
2020-10-19,24.90000000,23.74000000
2020-10-20,23.89000000,23.88000000
2020-10-21,23.90000000,23.82000000
2020-10-22,23.97000000,23.83000000
2020-10-23,23.94000000,23.94000000
2020-10-26,23.50000000,23.18000000
2020-10-27,23.35000000,23.54000000
2020-10-28,22.80000000,21.72000000
2020-10-29,21.95000000,22.44000000
2020-10-30,22.14000000,21.38000000
2020-11-02,21.70000000,21.43000000
2020-11-03,21.71000000,22.15000000
2020-11-04,23.60000000,24.14000000
2020-11-05,25.25000000,25.41000000
2020-11-06,25.26000000,25.45000000
2020-11-09,25.90000000,24.37000000
2020-11-10,23.82000000,23.53000000
2020-11-11,23.92000000,24.58000000
2020-11-12,24.71000000,24.34000000
2020-11-13,24.62000000,24.79000000
2020-11-16,24.71000000,25.12000000
2020-11-17,25.18000000,24.96000000
2020-11-18,24.89000000,24.61000000
2020-11-19,24.52000000,24.98000000
2020-11-20,25.00000000,24.66000000
2020-11-23,24.83000000,24.66000000
2020-11-24,24.84000000,25.36000000
2020-11-25,25.52000000,25.68000000
2020-11-27,25.99000000,26.14000000
2020-11-30,26.18000000,26.20000000
2020-12-01,26.63000000,26.95000000
2020-12-02,26.68000000,26.97000000
2020-12-03,27.00000000,27.03000000
2020-12-04,27.06000000,27.29000000
2020-12-07,27.30000000,27.58000000
2020-12-08,27.49000000,27.75000000
2020-12-09,27.74000000,26.53000000
2020-12-10,26.13000000,26.70000000
2020-12-11,26.41000000,26.60000000
2020-12-14,26.78000000,26.95000000
2020-12-15,27.40000000,27.55000000
2020-12-16,27.64000000,27.85000000
2020-12-17,28.16000000,28.22000000
2020-12-18,28.35000000,28.02000000
2020-12-21,27.50000000,27.95000000
2020-12-22,28.11000000,28.08000000
2020-12-23,28.10000000,27.81000000
2020-12-24,27.86000000,28.05000000
2020-12-28,28.53000000,28.62000000
2020-12-29,28.87000000,28.67000000
2020-12-30,28.88000000,28.65000000
2020-12-31,28.65000000,28.78000000
2021-01-04,29.06000000,27.97000000
2021-01-05,27.80000000,28.42000000
2021-01-06,27.57000000,27.66000000
2021-01-07,28.15000000,29.01000000
2021-01-08,29.42000000,29.74000000
2021-01-11,29.16000000,28.85000000
2021-01-12,28.89000000,28.78000000
2021-01-13,28.83000000,29.16000000
2021-01-14,29.24000000,28.84000000
2021-01-15,28.82000000,28.39000000
2021-01-19,28.82000000,29.23000000
2021-01-20,29.89000000,30.57000000
2021-01-21,30.76000000,31.08000000
2021-01-22,30.89000000,30.89000000
2021-01-25,31.55000000,31.43000000
2021-01-26,31.54000000,31.48000000
2021-01-27,31.03000000,29.78000000
2021-01-28,29.94000000,30.08000000
2021-01-29,29.74000000,28.84000000
2021-02-01,29.47000000,30.26000000
2021-02-02,30.83000000,31.25000000
2021-02-03,31.63000000,30.98000000
2021-02-04,31.27000000,31.72000000
2021-02-05,31.91000000,31.94000000
2021-02-08,32.26000000,32.35000000
2021-02-09,32.17000000,32.33000000
2021-02-10,32.61000000,32.18000000
2021-02-11,32.50000000,32.53000000
2021-02-12,32.38000000,32.90000000
2021-02-16,33.06000000,32.72000000
2021-02-17,32.12000000,32.41000000
2021-02-18,31.68000000,32.11000000
2021-02-19,32.39000000,31.84000000
2021-02-22,30.97000000,30.19000000
2021-02-23,29.16000000,30.00000000
2021-02-24,29.49000000,30.50000000
2021-02-25,29.97000000,28.33000000
2021-02-26,28.91000000,28.64000000
2021-03-01,29.56000000,30.33000000
2021-03-02,30.44000000,29.34000000
2021-03-03,29.14000000,27.66000000
2021-03-04,27.56000000,26.73000000
2021-03-05,27.22000000,27.55000000
2021-03-08,27.43000000,25.98000000
2021-03-09,27.27000000,28.03000000
2021-03-10,28.82000000,27.87000000
2021-03-11,28.75000000,29.16000000
2021-03-12,28.37000000,28.67000000
2021-03-15,28.73000000,29.29000000
2021-03-16,29.69000000,29.61000000
2021-03-17,29.02000000,29.85000000
2021-03-18,28.91000000,28.01000000
2021-03-19,27.99000000,28.26000000
2021-03-22,28.63000000,29.27000000
2021-03-23,29.45000000,28.97000000
2021-03-24,29.27000000,28.01000000
2021-03-25,27.68000000,27.93000000
2021-03-26,27.89000000,28.76000000
2021-03-29,28.67000000,28.74000000
2021-03-30,28.38000000,28.46000000
2021-03-31,28.79000000,29.30000000
2021-04-01,30.06000000,30.33000000
2021-04-05,30.80000000,31.54000000
2021-04-06,31.47000000,31.47000000
2021-04-07,31.40000000,31.63000000
2021-04-08,32.20000000,32.29000000
2021-04-09,32.02000000,32.69000000
2021-04-12,32.47000000,32.59000000
2021-04-13,32.90000000,33.35000000
2021-04-14,33.40000000,32.55000000
2021-04-15,33.12000000,33.53000000
2021-04-16,33.64000000,33.62000000
2021-04-19,33.31000000,33.00000000
2021-04-20,32.85000000,32.49000000
2021-04-21,32.26000000,33.07000000
2021-04-22,32.98000000,32.28000000
2021-04-23,32.40000000,33.08000000
2021-04-26,33.13000000,33.51000000
2021-04-27,33.56000000,33.21000000
2021-04-28,33.15000000,32.94000000
2021-04-29,33.64000000,33.22000000
2021-04-30,32.73000000,32.77000000
2021-05-03,33.02000000,32.43000000
2021-05-04,31.92000000,31.26000000
2021-05-05,31.66000000,31.03000000
2021-05-06,31.00000000,31.52000000
2021-05-07,32.06000000,32.01000000
2021-05-10,31.75000000,30.39000000
2021-05-11,29.26000000,30.33000000
2021-05-12,29.37000000,28.76000000
2021-05-13,29.30000000,29.20000000
2021-05-14,29.80000000,30.48000000
2021-05-17,30.14000000,30.11000000
2021-05-18,30.30000000,29.70000000
2021-05-19,28.68000000,29.77000000
2021-05-20,30.05000000,30.92000000
2021-05-21,31.23000000,30.57000000
2021-05-24,31.02000000,31.61000000
2021-05-25,31.91000000,31.69000000
2021-05-26,31.83000000,31.90000000
2021-05-27,31.82000000,31.67000000
2021-05-28,31.91000000,31.84000000
2021-06-01,32.13000000,31.65000000
2021-06-02,31.74000000,31.77000000
2021-06-03,31.21000000,31.08000000
2021-06-04,31.46000000,32.18000000
2021-06-07,32.03000000,32.35000000
2021-06-08,32.70000000,32.37000000
2021-06-09,32.66000000,32.40000000
2021-06-10,32.47000000,33.08000000
2021-06-11,33.08000000,33.24000000
2021-06-14,33.33000000,33.88000000
2021-06-15,33.81000000,33.42000000
2021-06-16,33.53000000,33.19000000
2021-06-17,32.99000000,34.03000000
2021-06-18,33.71000000,33.49000000
2021-06-21,33.53000000,33.90000000
2021-06-22,33.87000000,34.53000000
2021-06-23,34.53000000,34.56000000
2021-06-24,34.98000000,34.99000000
2021-06-25,35.11000000,34.92000000
2021-06-28,35.20000000,35.76000000
2021-06-29,35.72000000,36.01000000
2021-06-30,35.98000000,35.90000000
2021-07-01,35.82000000,35.93000000
2021-07-02,36.32000000,36.74000000
2021-07-06,36.87000000,37.05000000
2021-07-07,37.52000000,37.18000000
2021-07-08,36.13000000,36.78000000
2021-07-09,36.64000000,37.22000000
2021-07-12,37.51000000,37.51000000
2021-07-13,37.44000000,37.49000000
2021-07-14,38.01000000,37.63000000
2021-07-15,37.62000000,37.10000000
2021-07-16,37.30000000,36.50000000
2021-07-19,35.76000000,35.90000000
2021-07-20,36.11000000,36.74000000
2021-07-21,36.65000000,37.28000000
2021-07-22,37.35000000,37.79000000
2021-07-23,38.08000000,38.65000000
2021-07-26,38.53000000,38.74000000
2021-07-27,38.67000000,37.89000000
2021-07-28,38.12000000,38.16000000
2021-07-29,38.06000000,38.31000000
2021-07-30,37.46000000,37.90000000
2021-08-02,38.26000000,37.90000000
2021-08-03,38.06000000,38.35000000
2021-08-04,38.35000000,38.48000000
2021-08-05,38.64000000,38.97000000
2021-08-06,38.67000000,38.61000000
2021-08-09,38.71000000,38.75000000
2021-08-10,38.85000000,38.36000000
2021-08-11,38.63000000,38.24000000
2021-08-12,38.10000000,38.51000000
2021-08-13,38.57000000,38.76000000
2021-08-16,38.51000000,38.78000000
2021-08-17,38.19000000,38.10000000
2021-08-18,38.00000000,37.37000000
2021-08-19,36.95000000,37.74000000
2021-08-20,37.94000000,38.52000000
2021-08-23,38.74000000,39.66000000
2021-08-24,39.80000000,39.90000000
2021-08-25,39.97000000,39.95000000
2021-08-26,39.81000000,39.49000000
2021-08-27,39.63000000,40.26000000
2021-08-30,40.42000000,41.17000000
2021-08-31,41.21000000,41.08000000
2021-09-01,41.32000000,41.22000000
2021-09-02,41.51000000,41.17000000
2021-09-03,40.91000000,41.44000000
2021-09-07,41.44000000,41.53000000
2021-09-08,41.50000000,41.26000000
2021-09-09,41.29000000,40.94000000
2021-09-10,41.38000000,40.33000000
2021-09-13,40.85000000,40.28000000
2021-09-14,40.60000000,40.04000000
2021-09-15,40.15000000,40.63000000
2021-09-16,40.36000000,40.71000000
2021-09-17,40.60000000,39.74000000
2021-09-20,38.45000000,38.08000000
2021-09-21,38.47000000,38.16000000
2021-09-22,38.38000000,38.89000000
2021-09-23,39.13000000,39.60000000
2021-09-24,39.10000000,39.67000000
2021-09-27,39.00000000,39.05000000
2021-09-28,38.06000000,36.82000000
2021-09-29,37.10000000,36.73000000
2021-09-30,37.06000000,36.38000000
2021-10-01,36.54000000,36.88000000
2021-10-04,36.53000000,35.35000000
2021-10-05,35.53000000,36.29000000
2021-10-06,35.62000000,36.74000000
2021-10-07,37.38000000,37.42000000
2021-10-08,37.65000000,37.04000000
2021-10-11,36.73000000,36.47000000
2021-10-12,36.78000000,36.23000000
2021-10-13,36.69000000,36.80000000
2021-10-14,37.55000000,38.15000000
2021-10-15,38.41000000,38.63000000
2021-10-18,38.35000000,39.41000000
2021-10-19,39.64000000,39.99000000
2021-10-20,40.10000000,39.89000000
2021-10-21,39.72000000,40.38000000
2021-10-22,40.10000000,39.69000000
2021-10-25,40.01000000,40.50000000
2021-10-26,41.00000000,40.72000000
2021-10-27,40.87000000,40.94000000
2021-10-28,41.37000000,41.86000000
2021-10-29,41.16000000,42.27000000
2021-11-01,42.37000000,42.56000000
2021-11-02,42.41000000,42.92000000
2021-11-03,43.01000000,43.82000000
2021-11-04,44.10000000,44.93000000
2021-11-05,45.35000000,45.02000000
2021-11-08,45.01000000,44.90000000
2021-11-09,45.15000000,44.26000000
2021-11-10,43.62000000,42.97000000
2021-11-11,43.65000000,43.22000000
2021-11-12,43.46000000,44.12000000
2021-11-15,44.38000000,44.10000000
2021-11-16,43.93000000,44.72000000
2021-11-17,44.79000000,44.76000000
2021-11-18,45.24000000,45.69000000
2021-11-19,46.06000000,46.19000000
2021-11-22,46.56000000,45.13000000
2021-11-23,44.85000000,44.71000000
2021-11-24,44.13000000,45.03000000
2021-11-26,44.37000000,43.22000000
2021-11-29,44.32000000,45.15000000
2021-11-30,44.94000000,43.81000000
2021-12-01,44.83000000,42.32000000
2021-12-02,42.05000000,42.94000000
2021-12-03,43.22000000,41.45000000
2021-12-06,41.54000000,42.13000000
2021-12-07,43.58000000,44.67000000
2021-12-08,44.71000000,45.04000000
2021-12-09,44.76000000,43.71000000
2021-12-10,44.34000000,44.65000000
2021-12-13,44.65000000,43.36000000
2021-12-14,42.24000000,42.49000000
2021-12-15,42.40000000,44.39000000
2021-12-16,44.62000000,42.12000000
2021-12-17,41.32000000,41.69000000
2021-12-20,40.60000000,40.85000000
2021-12-21,41.58000000,42.68000000
2021-12-22,42.62000000,43.73000000
2021-12-23,43.80000000,44.40000000
2021-12-27,44.70000000,45.83000000
2021-12-28,46.05000000,45.45000000
2021-12-29,45.46000000,45.41000000
2021-12-30,45.35000000,45.10000000
2021-12-31,44.97000000,44.51000000
2022-01-03,44.83000000,45.44000000
2022-01-04,45.54000000,44.24000000
2022-01-05,43.85000000,41.49000000
2022-01-06,41.10000000,41.47000000
2022-01-07,41.44000000,40.55000000
2022-01-10,39.49000000,40.65000000
2022-01-11,40.42000000,41.84000000
2022-01-12,42.42000000,42.17000000
2022-01-13,42.44000000,40.03000000
2022-01-14,39.49000000,40.54000000
2022-01-18,39.25000000,38.55000000
2022-01-19,38.82000000,37.66000000
2022-01-20,38.33000000,36.67000000
2022-01-21,36.22000000,34.60000000
2022-01-24,33.51000000,35.02000000
2022-01-25,33.62000000,33.27000000
2022-01-26,34.83000000,33.33000000
2022-01-27,34.16000000,32.55000000
2022-01-28,32.92000000,34.63000000
2022-01-31,34.85000000,36.85000000
2022-02-01,37.07000000,37.29000000
2022-02-02,38.19000000,37.92000000
2022-02-03,35.85000000,34.81000000
2022-02-04,34.92000000,35.70000000
2022-02-07,35.79000000,35.14000000
2022-02-08,34.89000000,35.93000000
2022-02-09,36.81000000,37.46000000
2022-02-10,35.94000000,35.75000000
2022-02-11,35.73000000,33.49000000
2022-02-14,33.33000000,33.58000000
2022-02-15,34.59000000,35.23000000
2022-02-16,34.75000000,35.19000000
2022-02-17,34.51000000,33.10000000
2022-02-18,33.26000000,32.34000000
2022-02-22,31.75000000,31.68000000
2022-02-23,32.28000000,30.08000000
2022-02-24,28.12000000,32.09000000
2022-02-25,32.22000000,33.08000000
2022-02-28,32.44000000,33.33000000
2022-03-01,33.06000000,32.24000000
2022-03-02,32.54000000,33.30000000
2022-03-03,33.86000000,32.35000000
2022-03-04,31.90000000,31.44000000
2022-03-07,31.42000000,29.10000000
2022-03-08,28.95000000,28.82000000
2022-03-09,30.34000000,30.93000000
2022-03-10,30.12000000,30.24000000
2022-03-11,30.77000000,28.95000000
2022-03-14,28.74000000,27.86000000
2022-03-15,28.32000000,29.58000000
2022-03-16,30.32000000,31.80000000
2022-03-17,31.43000000,32.53000000
2022-03-18,32.22000000,33.89000000
2022-03-21,33.72000000,33.70000000
2022-03-22,33.79000000,35.01000000
2022-03-23,34.45000000,34.01000000
2022-03-24,34.39000000,35.52000000
2022-03-25,35.49000000,35.47000000
2022-03-28,35.45000000,36.56000000
2022-03-29,37.36000000,37.79000000
2022-03-30,37.42000000,36.99000000
2022-03-31,37.00000000,35.96000000
2022-04-01,36.11000000,35.94000000
2022-04-04,36.08000000,37.38000000
2022-04-05,37.08000000,35.74000000
2022-04-06,34.63000000,34.15000000
2022-04-07,33.97000000,34.33000000
2022-04-08,33.99000000,33.36000000
2022-04-11,32.53000000,31.79000000
2022-04-12,32.71000000,31.54000000
2022-04-13,31.58000000,32.79000000
2022-04-14,32.80000000,31.28000000
2022-04-18,31.08000000,31.39000000
2022-04-19,31.22000000,32.72000000
2022-04-20,32.91000000,31.76000000
2022-04-21,32.53000000,30.49000000
2022-04-22,30.50000000,28.86000000
2022-04-25,28.56000000,29.62000000
2022-04-26,29.24000000,27.33000000
2022-04-27,27.38000000,27.31000000
2022-04-28,28.18000000,29.23000000
2022-04-29,28.47000000,26.60000000
2022-05-02,26.53000000,27.50000000
2022-05-03,27.49000000,27.58000000
2022-05-04,27.65000000,29.43000000
2022-05-05,28.60000000,26.50000000
2022-05-06,26.09000000,25.84000000
2022-05-09,24.86000000,23.79000000
2022-05-10,24.97000000,24.38000000
2022-05-11,23.99000000,22.91000000
2022-05-12,22.22000000,22.81000000
2022-05-13,23.52000000,24.48000000
2022-05-16,24.19000000,23.92000000
2022-05-17,24.88000000,25.16000000
2022-05-18,24.38000000,22.66000000
2022-05-19,22.36000000,22.43000000
2022-05-20,22.99000000,22.28000000
2022-05-23,22.46000000,23.02000000
2022-05-24,22.18000000,22.04000000
2022-05-25,21.81000000,22.67000000
2022-05-26,22.53000000,23.92000000
2022-05-27,24.43000000,25.50000000
2022-05-31,25.48000000,25.33000000
2022-06-01,25.70000000,24.97000000
2022-06-02,24.77000000,26.34000000
2022-06-03,25.42000000,24.93000000
2022-06-06,25.69000000,25.12000000
2022-06-07,24.55000000,25.57000000
2022-06-08,25.41000000,25.18000000
2022-06-09,24.88000000,23.81000000
2022-06-10,22.90000000,22.11000000
2022-06-13,20.74000000,20.08000000
2022-06-14,20.41000000,20.17000000
2022-06-15,20.66000000,21.16000000
2022-06-16,20.06000000,19.46000000
2022-06-17,19.55000000,19.91000000
2022-06-21,20.57000000,20.92000000
2022-06-22,20.50000000,20.84000000
2022-06-23,21.23000000,21.47000000
2022-06-24,21.90000000,22.98000000
2022-06-27,23.15000000,22.58000000
2022-06-28,22.68000000,21.20000000
2022-06-29,21.17000000,21.26000000
2022-06-30,20.78000000,20.70000000
2022-07-01,20.49000000,20.98000000
2022-07-05,20.41000000,21.69000000
2022-07-06,21.75000000,21.96000000
2022-07-07,22.10000000,22.90000000
2022-07-08,22.44000000,22.97000000
2022-07-11,22.58000000,21.96000000
2022-07-12,22.17000000,21.55000000
2022-07-13,20.69000000,21.47000000
2022-07-14,21.05000000,21.61000000
2022-07-15,22.07000000,22.38000000
2022-07-18,22.82000000,22.00000000
2022-07-19,22.58000000,23.34000000
2022-07-20,23.42000000,24.08000000
2022-07-21,24.15000000,24.77000000
2022-07-22,24.64000000,23.91000000
2022-07-25,23.90000000,23.65000000
2022-07-26,23.36000000,22.69000000
2022-07-27,23.41000000,24.61000000
2022-07-28,24.58000000,25.08000000
2022-07-29,25.34000000,26.01000000
2022-08-01,25.71000000,25.98000000
2022-08-02,25.58000000,25.81000000
2022-08-03,26.10000000,27.21000000
2022-08-04,27.22000000,27.44000000
2022-08-05,26.58000000,27.01000000
2022-08-08,27.17000000,26.83000000
2022-08-09,26.50000000,26.22000000
2022-08-10,27.48000000,27.68000000
2022-08-11,28.08000000,27.36000000
2022-08-12,27.72000000,28.44000000
2022-08-15,28.25000000,28.88000000
2022-08-16,28.69000000,28.74000000
2022-08-17,28.17000000,28.08000000
2022-08-18,28.05000000,28.22000000
2022-08-19,27.67000000,27.11000000
2022-08-22,26.36000000,25.67000000
2022-08-23,25.63000000,25.63000000
2022-08-24,25.54000000,25.77000000
2022-08-25,26.06000000,26.67000000
2022-08-26,26.63000000,24.48000000
2022-08-29,24.00000000,24.00000000
2022-08-30,24.26000000,23.46000000
2022-08-31,23.92000000,23.18000000
2022-09-01,22.77000000,23.20000000
2022-09-02,23.66000000,22.53000000
2022-09-06,22.59000000,22.21000000
2022-09-07,22.26000000,23.10000000
2022-09-08,22.75000000,23.33000000
2022-09-09,23.69000000,24.34000000
2022-09-12,24.57000000,24.92000000
2022-09-13,23.47000000,22.17000000
2022-09-14,22.36000000,22.54000000
2022-09-15,22.21000000,21.76000000
2022-09-16,21.26000000,21.50000000
2022-09-19,21.09000000,21.84000000
2022-09-20,21.44000000,21.48000000
2022-09-21,21.62000000,20.70000000
2022-09-22,20.46000000,20.20000000
2022-09-23,19.83000000,19.54000000
2022-09-26,19.45000000,19.34000000
2022-09-27,19.85000000,19.40000000
2022-09-28,19.38000000,20.15000000
2022-09-29,19.56000000,19.01000000
2022-09-30,18.87000000,18.33000000
2022-10-03,18.57000000,19.19000000
2022-10-04,19.96000000,20.40000000
2022-10-05,19.83000000,20.36000000
2022-10-06,20.22000000,20.04000000
2022-10-07,19.36000000,18.50000000
2022-10-10,18.52000000,18.11000000
2022-10-11,17.90000000,17.66000000
2022-10-12,17.73000000,17.63000000
2022-10-13,16.60000000,18.43000000
2022-10-14,18.76000000,17.31000000
2022-10-17,18.13000000,18.49000000
2022-10-18,19.44000000,18.77000000
2022-10-19,18.53000000,18.61000000
2022-10-20,18.48000000,18.41000000
2022-10-21,18.25000000,19.28000000
2022-10-24,19.31000000,19.70000000
2022-10-25,19.83000000,20.51000000
2022-10-26,19.67000000,19.59000000
2022-10-27,19.42000000,18.86000000
2022-10-28,18.77000000,20.03000000
2022-10-31,19.68000000,19.54000000
2022-11-01,20.06000000,19.15000000
2022-11-02,19.15000000,17.83000000
2022-11-03,17.46000000,17.14000000
2022-11-04,17.80000000,17.68000000
2022-11-07,17.83000000,18.07000000
2022-11-08,18.27000000,18.32000000
2022-11-09,18.07000000,17.46000000
2022-11-10,19.17000000,20.04000000
2022-11-11,20.02000000,20.78000000
2022-11-14,20.48000000,20.41000000
2022-11-15,21.39000000,20.98000000
2022-11-16,20.68000000,20.40000000
2022-11-17,19.72000000,20.29000000
2022-11-18,20.74000000,20.30000000
2022-11-21,20.09000000,19.87000000
2022-11-22,19.98000000,20.44000000
2022-11-23,20.44000000,20.84000000
2022-11-25,20.60000000,20.56000000
2022-11-28,20.27000000,19.95000000
2022-11-29,19.98000000,19.66000000
2022-11-30,19.68000000,21.45000000
2022-12-01,21.49000000,21.49000000
2022-12-02,20.73000000,21.32000000
2022-12-05,20.99000000,20.58000000
2022-12-06,20.56000000,19.73000000
2022-12-07,19.55000000,19.56000000
2022-12-08,19.75000000,20.03000000
2022-12-09,19.88000000,19.77000000
2022-12-12,19.78000000,20.25000000
2022-12-13,21.83000000,20.69000000
2022-12-14,20.59000000,20.38000000
2022-12-15,19.76000000,19.00000000
2022-12-16,18.90000000,18.63000000
2022-12-19,18.66000000,18.13000000
2022-12-20,17.94000000,18.08000000
2022-12-21,18.22000000,18.60000000
2022-12-22,18.11000000,17.63000000
2022-12-23,17.44000000,17.72000000
2022-12-27,17.61000000,17.18000000
2022-12-28,17.13000000,16.73000000
2022-12-29,17.08000000,17.53000000
2022-12-30,17.16000000,17.52000000
2023-01-03,17.82000000,17.27000000
2023-01-04,17.56000000,17.44000000
2023-01-05,17.20000000,16.87000000
2023-01-06,17.09000000,17.80000000
2023-01-09,18.07000000,18.03000000
2023-01-10,17.89000000,18.34000000
2023-01-11,18.48000000,18.96000000
2023-01-12,19.02000000,19.14000000
2023-01-13,18.80000000,19.41000000
2023-01-17,19.38000000,19.47000000
2023-01-18,19.71000000,18.97000000
2023-01-19,18.74000000,18.59000000
2023-01-20,18.81000000,19.63000000
2023-01-23,19.72000000,20.49000000
2023-01-24,20.24000000,20.40000000
2023-01-25,19.74000000,20.28000000
2023-01-26,20.77000000,21.07000000
2023-01-27,20.88000000,21.49000000
2023-01-30,21.00000000,20.60000000
2023-01-31,20.61000000,21.24000000
2023-02-01,21.20000000,22.16000000
2023-02-02,23.10000000,23.72000000
2023-02-03,22.68000000,22.86000000
2023-02-06,22.47000000,22.48000000
2023-02-07,22.45000000,23.42000000
2023-02-08,23.19000000,22.56000000
2023-02-09,23.21000000,22.15000000
2023-02-10,21.83000000,21.86000000
2023-02-13,22.07000000,22.57000000
2023-02-14,22.32000000,22.88000000
2023-02-15,22.60000000,23.25000000
2023-02-16,22.50000000,22.33000000
2023-02-17,22.02000000,22.01000000
2023-02-21,21.45000000,20.97000000
2023-02-22,21.06000000,21.00000000
2023-02-23,21.52000000,21.36000000
2023-02-24,20.63000000,20.63000000
2023-02-27,21.09000000,20.93000000
2023-02-28,20.83000000,20.86000000
2023-03-01,20.82000000,20.53000000
2023-03-02,20.16000000,20.88000000
2023-03-03,21.11000000,21.73000000
2023-03-06,21.91000000,21.76000000
2023-03-07,21.77000000,21.23000000
2023-03-08,21.27000000,21.44000000
2023-03-09,21.50000000,20.66000000
2023-03-10,20.69000000,20.08000000
2023-03-13,19.85000000,20.39000000
2023-03-14,20.90000000,21.33000000
2023-03-15,20.94000000,21.54000000
2023-03-16,21.39000000,22.67000000
2023-03-17,22.66000000,22.44000000
2023-03-20,22.36000000,22.60000000
2023-03-21,22.89000000,23.24000000
2023-03-22,23.24000000,22.60000000
2023-03-23,23.16000000,23.15000000
2023-03-24,23.07000000,23.31000000
2023-03-27,23.41000000,22.97000000
2023-03-28,22.90000000,22.74000000
2023-03-29,23.28000000,23.58000000
2023-03-30,23.93000000,23.99000000
2023-03-31,24.02000000,24.78000000
2023-04-03,24.44000000,24.66000000
2023-04-04,24.73000000,24.50000000
2023-04-05,24.33000000,23.99000000
2023-04-06,23.73000000,24.33000000
2023-04-10,23.84000000,24.27000000
2023-04-11,24.27000000,23.97000000
2023-04-12,24.26000000,23.53000000
2023-04-13,23.79000000,24.45000000
2023-04-14,24.18000000,24.34000000
2023-04-17,24.28000000,24.37000000
2023-04-18,24.70000000,24.39000000
2023-04-19,24.01000000,24.35000000
2023-04-20,23.88000000,23.98000000
2023-04-21,23.90000000,24.01000000
2023-04-24,23.98000000,23.91000000
2023-04-25,23.65000000,23.01000000
2023-04-26,23.50000000,23.27000000
2023-04-27,23.84000000,24.53000000
2023-04-28,24.49000000,24.87000000
2023-05-01,24.80000000,24.81000000
2023-05-02,24.80000000,24.36000000
2023-05-03,24.42000000,24.06000000
2023-05-04,24.00000000,23.88000000
2023-05-05,24.20000000,24.88000000
2023-05-08,24.79000000,24.99000000
2023-05-09,24.73000000,24.67000000
2023-05-10,25.06000000,25.21000000
2023-05-11,25.27000000,25.36000000
2023-05-12,25.42000000,25.17000000
2023-05-15,25.24000000,25.44000000
2023-05-16,25.32000000,25.49000000
2023-05-17,25.65000000,26.11000000
2023-05-18,26.16000000,27.06000000
2023-05-19,27.09000000,26.93000000
2023-05-22,26.89000000,27.09000000
2023-05-23,26.83000000,26.42000000
2023-05-24,26.10000000,26.14000000
2023-05-25,27.31000000,27.39000000
2023-05-26,27.57000000,28.80000000
2023-05-30,29.50000000,29.04000000
2023-05-31,28.76000000,28.66000000
2023-06-01,28.65000000,29.37000000
2023-06-02,29.66000000,29.80000000
2023-06-05,29.76000000,29.83000000
2023-06-06,29.72000000,29.83000000
2023-06-07,29.86000000,28.80000000
2023-06-08,28.83000000,29.50000000
2023-06-09,29.75000000,29.71000000
2023-06-12,30.00000000,30.73000000
2023-06-13,31.20000000,31.17000000
2023-06-14,31.18000000,31.63000000
2023-06-15,31.40000000,32.36000000
2023-06-16,32.78000000,31.94000000
2023-06-20,31.68000000,31.86000000
2023-06-21,31.64000000,31.00000000
2023-06-22,30.75000000,31.71000000
2023-06-23,31.00000000,31.07000000
2023-06-26,30.97000000,30.24000000
2023-06-27,30.50000000,31.26000000
2023-06-28,30.92000000,31.37000000
2023-06-29,31.32000000,31.23000000
2023-06-30,31.86000000,32.19000000
2023-07-03,32.29000000,32.35000000
2023-07-05,32.03000000,32.32000000
2023-07-06,31.63000000,31.82000000
2023-07-07,31.75000000,31.59000000
2023-07-10,31.52000000,31.63000000
2023-07-11,31.67000000,31.92000000
2023-07-12,32.63000000,32.73000000
2023-07-13,33.26000000,33.81000000
2023-07-14,33.88000000,33.79000000
2023-07-17,33.90000000,34.40000000
2023-07-18,34.29000000,34.98000000
2023-07-19,35.17000000,34.89000000
2023-07-20,34.37000000,33.31000000
2023-07-21,33.74000000,33.10000000
2023-07-24,33.28000000,33.21000000
2023-07-25,33.33000000,33.67000000
2023-07-26,33.47000000,33.44000000
2023-07-27,34.39000000,33.25000000
2023-07-28,33.97000000,34.46000000
2023-07-31,34.51000000,34.51000000
2023-08-01,34.24000000,34.32000000
2023-08-02,33.68000000,32.80000000
2023-08-03,32.35000000,32.68000000
2023-08-04,33.03000000,32.37000000
2023-08-07,32.69000000,32.92000000
2023-08-08,32.46000000,32.34000000
2023-08-09,32.38000000,31.62000000
2023-08-10,32.13000000,31.73000000
2023-08-11,31.26000000,31.31000000
2023-08-14,31.18000000,32.02000000
2023-08-15,31.83000000,31.33000000
2023-08-16,31.23000000,30.65000000
2023-08-17,30.88000000,29.96000000
2023-08-18,29.40000000,29.88000000
2023-08-21,30.13000000,30.85000000
2023-08-22,31.27000000,30.75000000
2023-08-23,30.94000000,31.72000000
2023-08-24,32.31000000,30.32000000
2023-08-25,30.48000000,30.82000000
2023-08-28,31.31000000,31.28000000
2023-08-29,31.23000000,32.62000000
2023-08-30,32.65000000,32.98000000
2023-08-31,32.97000000,33.14000000
2023-09-01,33.58000000,33.10000000
2023-09-05,32.93000000,33.15000000
2023-09-06,33.00000000,32.57000000
2023-09-07,31.76000000,32.08000000
2023-09-08,32.06000000,32.15000000
2023-09-11,32.69000000,32.92000000
2023-09-12,32.62000000,32.19000000
2023-09-13,32.22000000,32.42000000
2023-09-14,32.71000000,32.94000000
2023-09-15,32.68000000,31.78000000
2023-09-18,31.61000000,31.86000000
2023-09-19,31.61000000,31.72000000
2023-09-20,31.90000000,30.80000000
2023-09-21,30.14000000,29.64000000
2023-09-22,29.94000000,29.66000000
2023-09-25,29.48000000,29.92000000
2023-09-26,29.48000000,29.01000000
2023-09-27,29.20000000,29.17000000
2023-09-28,28.98000000,29.63000000
2023-09-29,30.19000000,29.67000000
2023-10-02,29.69000000,30.15000000
2023-10-03,29.72000000,29.08000000
2023-10-04,29.22000000,29.87000000
2023-10-05,29.86000000,29.67000000
2023-10-06,29.17000000,30.66000000
2023-10-09,30.27000000,30.98000000
2023-10-10,31.02000000,31.30000000
2023-10-11,31.53000000,31.75000000
2023-10-12,31.83000000,31.50000000
2023-10-13,31.61000000,30.72000000
2023-10-16,30.94000000,31.42000000
2023-10-17,30.77000000,31.20000000
2023-10-18,30.75000000,30.33000000
2023-10-19,30.58000000,29.78000000
2023-10-20,29.70000000,28.90000000
2023-10-23,28.65000000,29.05000000
2023-10-24,29.35000000,29.63000000
2023-10-25,29.19000000,28.16000000
2023-10-26,27.95000000,27.08000000
2023-10-27,27.50000000,27.33000000
2023-10-30,27.72000000,27.92000000
2023-10-31,27.94000000,28.21000000
2023-11-01,28.33000000,29.19000000
2023-11-02,29.90000000,30.23000000
2023-11-03,30.42000000,30.92000000
2023-11-06,31.05000000,31.17000000
2023-11-07,31.33000000,31.75000000
2023-11-08,31.82000000,31.80000000
2023-11-09,31.89000000,31.29000000
2023-11-10,31.56000000,32.66000000
2023-11-13,32.40000000,32.47000000
2023-11-14,33.58000000,33.85000000
2023-11-15,34.17000000,33.90000000
2023-11-16,33.75000000,33.96000000
2023-11-17,33.81000000,33.95000000
2023-11-20,33.96000000,34.78000000
2023-11-21,34.46000000,34.33000000
2023-11-22,34.71000000,34.63000000
2023-11-24,34.53000000,34.51000000
2023-11-27,34.42000000,34.45000000
2023-11-28,34.31000000,34.62000000
2023-11-29,35.06000000,34.54000000
2023-11-30,34.58000000,34.35000000
2023-12-01,34.15000000,34.56000000
2023-12-04,33.85000000,33.89000000
2023-12-05,33.55000000,34.06000000
2023-12-06,34.58000000,33.66000000
2023-12-07,34.17000000,34.60000000
2023-12-08,34.26000000,34.88000000
2023-12-11,34.79000000,35.47000000
2023-12-12,35.47000000,36.04000000
2023-12-13,36.19000000,36.94000000
2023-12-14,37.15000000,36.86000000
2023-12-15,37.01000000,37.13000000
2023-12-18,37.28000000,37.67000000
2023-12-19,37.74000000,38.04000000
2023-12-20,37.86000000,36.85000000
2023-12-21,37.58000000,37.71000000
2023-12-22,37.92000000,37.81000000
2023-12-26,37.96000000,38.26000000
2023-12-27,38.31000000,38.40000000
2023-12-28,38.61000000,38.33000000
2023-12-29,38.33000000,38.00000000
2024-01-02,37.32000000,36.72000000
2024-01-03,36.22000000,35.94000000
2024-01-04,35.57000000,35.54000000
2024-01-05,35.56000000,35.63000000
2024-01-08,35.84000000,37.09000000
2024-01-09,36.52000000,37.24000000
2024-01-10,37.27000000,37.72000000
2024-01-11,37.94000000,37.84000000
2024-01-12,38.04000000,37.89000000
2024-01-16,37.65000000,37.88000000
2024-01-17,37.24000000,37.43000000
2024-01-18,38.01000000,38.50000000
2024-01-19,38.88000000,39.99000000
2024-01-22,40.42000000,40.10000000
2024-01-23,40.22000000,40.42000000
2024-01-24,41.15000000,40.85000000
2024-01-25,41.31000000,40.92000000
2024-01-26,40.56000000,40.42000000
2024-01-29,40.51000000,41.26000000
2024-01-30,41.06000000,40.69000000
2024-01-31,39.85000000,39.10000000
2024-02-01,39.42000000,40.03000000
2024-02-02,40.35000000,41.37000000
2024-02-05,41.34000000,41.22000000
2024-02-06,41.43000000,41.07000000
2024-02-07,41.59000000,41.90000000
2024-02-08,41.90000000,42.03000000
2024-02-09,42.24000000,42.84000000
2024-02-12,42.80000000,42.49000000
2024-02-13,40.92000000,41.15000000
2024-02-14,41.67000000,42.06000000
2024-02-15,42.17000000,42.27000000
2024-02-16,42.34000000,41.51000000
2024-02-20,41.10000000,40.87000000
2024-02-21,40.32000000,40.53000000
2024-02-22,42.19000000,42.90000000
2024-02-23,43.17000000,42.62000000
2024-02-26,42.75000000,42.57000000
2024-02-27,42.78000000,42.78000000
2024-02-28,42.34000000,42.29000000
2024-02-29,42.85000000,43.02000000
2024-03-01,43.17000000,44.31000000
2024-03-04,44.28000000,43.94000000
2024-03-05,43.33000000,42.38000000
2024-03-06,43.19000000,42.90000000
2024-03-07,43.58000000,44.19000000
2024-03-08,44.24000000,42.88000000
2024-03-11,42.58000000,42.56000000
2024-03-12,43.01000000,43.79000000
2024-03-13,43.56000000,43.08000000
2024-03-14,43.32000000,42.85000000
2024-03-15,42.26000000,41.82000000
2024-03-18,42.85000000,42.61000000
2024-03-19,42.21000000,42.81000000
2024-03-20,43.01000000,43.80000000
2024-03-21,44.78000000,44.18000000
2024-03-22,44.08000000,44.26000000
2024-03-25,43.71000000,43.94000000
2024-03-26,44.26000000,43.66000000
2024-03-27,44.24000000,43.95000000
2024-03-28,43.92000000,43.74000000
2024-04-01,43.92000000,43.94000000
2024-04-02,42.96000000,43.17000000
2024-04-03,42.74000000,43.33000000
2024-04-04,44.17000000,41.99000000
2024-04-05,42.27000000,42.99000000
2024-04-08,43.16000000,43.01000000
2024-04-09,43.46000000,43.31000000
2024-04-10,42.28000000,42.52000000
2024-04-11,42.90000000,43.90000000
2024-04-12,43.03000000,42.47000000
2024-04-15,43.20000000,41.06000000
2024-04-16,41.03000000,41.06000000
2024-04-17,41.43000000,40.06000000
2024-04-18,40.13000000,39.56000000
2024-04-19,39.34000000,37.94000000
2024-04-22,38.42000000,38.69000000
2024-04-23,39.04000000,39.85000000
2024-04-24,40.42000000,40.10000000
2024-04-25,38.71000000,39.68000000
2024-04-26,40.27000000,40.92000000
2024-04-29,41.30000000,41.23000000
2024-04-30,40.90000000,39.66000000
2024-05-01,39.38000000,39.08000000
2024-05-02,39.76000000,40.06000000
2024-05-03,41.47000000,41.66000000
2024-05-06,42.01000000,42.59000000
2024-05-07,42.65000000,42.57000000
2024-05-08,42.06000000,42.53000000
2024-05-09,42.56000000,42.68000000
2024-05-10,42.97000000,42.88000000
2024-05-13,43.24000000,43.08000000
2024-05-14,42.96000000,43.61000000
2024-05-15,44.10000000,44.95000000
2024-05-16,44.90000000,44.76000000
2024-05-17,44.78000000,44.72000000
2024-05-20,44.74000000,45.33000000
2024-05-21,44.94000000,45.49000000
2024-05-22,45.53000000,45.47000000
2024-05-23,46.40000000,45.03000000
2024-05-24,45.33000000,45.88000000
2024-05-28,46.10000000,46.21000000
2024-05-29,45.33000000,45.56000000
2024-05-30,45.35000000,44.56000000
2024-05-31,44.58000000,44.56000000
2024-06-03,45.12000000,44.85000000
2024-06-04,44.78000000,45.07000000
2024-06-05,45.79000000,46.89000000
2024-06-06,47.02000000,46.85000000
2024-06-07,46.74000000,46.74000000
2024-06-10,46.50000000,47.11000000
2024-06-11,46.83000000,47.74000000
2024-06-12,48.54000000,48.99000000
2024-06-13,49.72000000,49.49000000
2024-06-14,49.44000000,49.99000000
2024-06-17,50.03000000,51.20000000
2024-06-18,51.19000000,51.22000000
2024-06-20,51.47000000,50.40000000
2024-06-21,50.33000000,50.10000000
2024-06-24,49.86000000,48.97000000
2024-06-25,49.40000000,50.09000000
2024-06-26,49.85000000,50.24000000
2024-06-27,50.17000000,50.47000000
2024-06-28,50.62000000,49.90000000
2024-07-01,50.12000000,50.51000000
2024-07-02,50.18000000,51.56000000
2024-07-03,51.38000000,52.40000000
2024-07-05,52.55000000,53.46000000
2024-07-08,53.53000000,53.72000000
2024-07-09,54.03000000,53.78000000
2024-07-10,54.20000000,54.92000000
2024-07-11,54.92000000,52.47000000
2024-07-12,52.58000000,53.06000000
2024-07-15,53.45000000,53.36000000
2024-07-16,53.65000000,53.39000000
2024-07-17,51.63000000,50.24000000
2024-07-18,50.99000000,49.75000000
2024-07-19,49.67000000,48.85000000
2024-07-22,50.04000000,50.28000000
2024-07-23,50.08000000,49.93000000
2024-07-24,48.51000000,46.32000000
2024-07-25,46.40000000,45.31000000
2024-07-26,46.14000000,46.22000000
2024-07-29,46.74000000,46.36000000
2024-07-30,46.76000000,45.08000000
2024-07-31,47.13000000,47.76000000
2024-08-01,47.88000000,45.44000000
2024-08-02,43.69000000,43.25000000
2024-08-05,38.60000000,40.74000000
2024-08-06,41.03000000,41.45000000
2024-08-07,42.74000000,40.53000000
2024-08-08,41.69000000,43.02000000
2024-08-09,42.72000000,43.46000000
2024-08-12,43.60000000,43.62000000
2024-08-13,44.45000000,45.76000000
2024-08-14,45.94000000,45.80000000
2024-08-15,46.97000000,48.09000000
2024-08-16,47.69000000,48.17000000
2024-08-19,48.21000000,49.44000000
2024-08-20,49.24000000,49.22000000
2024-08-21,49.38000000,49.69000000
2024-08-22,50.15000000,48.08000000
2024-08-23,48.96000000,49.12000000
2024-08-26,48.92000000,48.15000000
2024-08-27,47.81000000,48.43000000
2024-08-28,48.31000000,47.31000000
2024-08-29,47.69000000,47.17000000
2024-08-30,48.01000000,48.28000000
2024-09-03,47.61000000,45.31000000
2024-09-04,44.69000000,45.07000000
2024-09-05,44.72000000,45.16000000
2024-09-06,44.97000000,42.72000000
2024-09-09,43.52000000,43.79000000
2024-09-10,44.13000000,44.58000000
2024-09-11,44.81000000,46.49000000
2024-09-12,46.51000000,47.44000000
2024-09-13,47.25000000,47.81000000
2024-09-16,47.38000000,47.38000000
2024-09-17,47.99000000,47.43000000
2024-09-18,47.66000000,46.99000000
2024-09-19,49.24000000,49.38000000
2024-09-20,49.19000000,49.16000000
2024-09-23,49.40000000,49.42000000
2024-09-24,49.70000000,49.89000000
2024-09-25,49.73000000,49.99000000
2024-09-26,51.49000000,50.69000000
2024-09-27,50.90000000,50.10000000
2024-09-30,49.88000000,50.35000000
2024-10-01,50.28000000,48.92000000
2024-10-02,48.75000000,49.09000000
2024-10-03,48.63000000,49.01000000
2024-10-04,50.17000000,50.17000000
2024-10-07,49.78000000,49.04000000
2024-10-08,49.57000000,50.51000000
2024-10-09,50.44000000,51.29000000
2024-10-10,50.81000000,51.19000000
2024-10-11,50.76000000,51.29000000
2024-10-14,51.81000000,52.15000000
2024-10-15,52.22000000,50.75000000
2024-10-16,50.81000000,50.76000000
2024-10-17,51.90000000,50.85000000
2024-10-18,51.38000000,51.47000000
2024-10-21,51.21000000,51.66000000
2024-10-22,51.08000000,51.76000000
2024-10-23,51.25000000,50.16000000
2024-10-24,50.91000000,50.97000000
2024-10-25,51.53000000,51.55000000
2024-10-28,52.22000000,51.57000000
2024-10-29,51.62000000,52.54000000
2024-10-30,52.37000000,51.75000000
2024-10-31,50.90000000,49.14000000
2024-11-01,49.42000000,49.83000000
2024-11-04,49.70000000,49.51000000
2024-11-05,49.85000000,50.78000000
2024-11-06,52.51000000,53.54000000
2024-11-07,54.13000000,55.22000000
2024-11-08,55.06000000,55.30000000
2024-11-11,55.54000000,55.23000000
2024-11-12,55.21000000,55.03000000
2024-11-13,54.92000000,54.88000000
2024-11-14,54.79000000,54.09000000
2024-11-15,52.86000000,51.47000000
2024-11-18,51.81000000,52.21000000
2024-11-19,51.64000000,52.90000000
2024-11-20,52.84000000,52.84000000
2024-11-21,53.48000000,53.22000000
2024-11-22,53.07000000,53.36000000
2024-11-25,54.22000000,53.53000000
2024-11-26,53.83000000,54.08000000
2024-11-27,53.83000000,53.22000000
2024-11-29,53.31000000,54.10000000
2024-12-02,54.38000000,55.28000000
2024-12-03,54.99000000,55.63000000
2024-12-04,56.36000000,56.99000000
2024-12-05,56.99000000,56.67000000
2024-12-06,56.78000000,57.67000000
2024-12-09,57.42000000,56.74000000
2024-12-10,56.99000000,56.33000000
2024-12-11,57.28000000,58.35000000
2024-12-12,57.85000000,57.59000000
2024-12-13,58.43000000,58.44000000
2024-12-16,59.01000000,60.13000000
2024-12-17,59.71000000,59.59000000
2024-12-18,59.42000000,55.29000000
2024-12-19,56.27000000,54.76000000
2024-12-20,53.94000000,55.72000000
2024-12-23,56.01000000,56.74000000
2024-12-24,57.15000000,58.27000000
2024-12-26,57.88000000,58.17000000
2024-12-27,57.35000000,56.58000000
2024-12-30,55.04000000,55.06000000
2024-12-31,55.33000000,54.12000000
2025-01-02,54.77000000,53.88000000
2025-01-03,54.53000000,55.64000000
2025-01-06,56.79000000,56.90000000
2025-01-07,57.15000000,54.85000000
2025-01-08,54.85000000,54.87000000
2025-01-10,54.05000000,53.12000000
2025-01-13,51.83000000,52.78000000
2025-01-14,53.44000000,52.66000000
2025-01-15,54.31000000,55.04000000
2025-01-16,55.56000000,54.31000000
2025-01-17,56.37000000,56.10000000
2025-01-21,56.69000000,56.70000000
2025-01-22,57.76000000,58.18000000
2025-01-23,57.63000000,58.44000000
2025-01-24,58.48000000,57.74000000
2025-01-27,53.67000000,54.33000000
2025-01-28,54.57000000,55.97000000
2025-01-29,56.10000000,55.74000000
2025-01-30,56.36000000,56.21000000
2025-01-31,57.03000000,56.01000000
2025-02-03,54.13000000,55.12000000
2025-02-04,55.19000000,56.46000000
2025-02-05,55.88000000,56.96000000
2025-02-06,57.06000000,57.53000000
2025-02-07,57.65000000,56.08000000
2025-02-10,56.99000000,57.40000000
2025-02-11,56.69000000,57.13000000
2025-02-12,55.88000000,57.19000000
2025-02-13,57.56000000,58.82000000
2025-02-14,58.79000000,59.27000000
2025-02-18,59.63000000,59.53000000
2025-02-19,59.35000000,59.56000000
2025-02-20,59.38000000,59.03000000
2025-02-21,59.27000000,56.57000000
2025-02-24,56.94000000,55.21000000
2025-02-25,55.08000000,53.81000000
2025-02-26,54.28000000,54.05000000
2025-02-27,54.83000000,51.07000000
2025-02-28,51.01000000,52.65000000
2025-03-03,53.33000000,50.40000000
2025-03-04,49.76000000,50.03000000
2025-03-05,50.14000000,51.33000000
2025-03-06,49.60000000,48.51000000
2025-03-07,48.24000000,49.18000000
2025-03-10,47.50000000,45.46000000
2025-03-11,45.24000000,45.13000000
2025-03-12,46.56000000,46.17000000
2025-03-13,45.99000000,44.47000000
2025-03-14,45.47000000,46.60000000
2025-03-17,46.57000000,47.19000000
2025-03-18,46.53000000,45.60000000
2025-03-19,45.99000000,46.76000000
2025-03-20,45.98000000,46.45000000
2025-03-21,45.44000000,46.78000000
2025-03-24,48.22000000,48.75000000
2025-03-25,48.92000000,49.33000000
2025-03-26,49.09000000,47.51000000
2025-03-27,47.09000000,46.94000000
2025-03-28,46.58000000,44.47000000
2025-03-31,43.12000000,44.44000000
2025-04-01,44.12000000,45.13000000
2025-04-02,43.88000000,45.79000000
2025-04-03,41.99000000,40.90000000
2025-04-04,38.59000000,35.90000000
2025-04-07,33.35000000,36.01000000
2025-04-08,38.44000000,34.67000000
2025-04-09,34.56000000,42.81000000
2025-04-10,40.68000000,39.31000000
2025-04-11,39.06000000,40.71000000
2025-04-14,42.53000000,41.27000000
2025-04-15,41.46000000,41.37000000
2025-04-16,39.72000000,38.88000000
2025-04-17,39.35000000,38.82000000
2025-04-21,37.78000000,36.92000000
2025-04-22,37.86000000,38.81000000
2025-04-23,41.24000000,40.53000000
2025-04-24,40.90000000,42.83000000
2025-04-25,42.76000000,43.78000000
2025-04-28,43.86000000,43.76000000
2025-04-29,43.31000000,44.30000000
2025-04-30,42.76000000,44.29000000
2025-05-01,45.76000000,45.38000000
2025-05-02,46.35000000,46.77000000
2025-05-05,45.97000000,46.22000000
2025-05-06,44.99000000,45.37000000
2025-05-07,45.47000000,45.71000000
2025-05-08,46.67000000,46.62000000
2025-05-09,46.98000000,46.54000000
2025-05-12,50.17000000,50.33000000
2025-05-13,50.59000000,51.85000000
2025-05-14,52.08000000,52.47000000
2025-05-15,52.01000000,52.58000000
2025-05-16,52.85000000,53.03000000
2025-05-19,51.54000000,53.10000000
2025-05-20,52.58000000,52.72000000
2025-05-21,51.92000000,51.26000000
2025-05-22,51.37000000,51.45000000
2025-05-23,49.85000000,50.47000000
2025-05-27,51.82000000,52.81000000
2025-05-28,53.02000000,52.37000000
2025-05-29,53.84000000,52.56000000
2025-05-30,52.43000000,52.37000000
2025-06-02,51.97000000,53.17000000
2025-06-03,53.24000000,54.01000000
2025-06-04,54.13000000,54.29000000
2025-06-05,54.58000000,53.44000000
2025-06-06,54.51000000,54.47000000
2025-06-09,54.52000000,54.63000000
2025-06-10,54.72000000,55.35000000
2025-06-11,55.63000000,54.97000000
2025-06-12,54.68000000,55.22000000
2025-06-13,53.96000000,53.81000000
2025-06-16,54.51000000,55.28000000
2025-06-17,54.74000000,54.19000000
2025-06-18,54.39000000,54.16000000
2025-06-20,54.81000000,53.67000000
2025-06-23,53.80000000,54.79000000
2025-06-24,55.87000000,56.46000000
2025-06-25,56.87000000,56.67000000
2025-06-26,57.13000000,57.74000000
2025-06-27,57.94000000,58.12000000
2025-06-30,58.76000000,58.85000000
2025-07-01,58.42000000,57.83000000
2025-07-02,57.65000000,58.65000000
2025-07-03,59.13000000,59.74000000
2025-07-07,59.15000000,58.85000000
2025-07-08,59.12000000,58.90000000
2025-07-09,59.33000000,59.72000000
2025-07-10,59.84000000,59.53000000
2025-07-11,59.04000000,59.25000000
2025-07-14,59.19000000,59.65000000
2025-07-15,60.53000000,59.75000000
2025-07-16,59.87000000,59.88000000
2025-07-17,60.03000000,60.84000000
2025-07-18,61.10000000,60.69000000
2025-07-21,60.87000000,61.31000000
2025-07-22,61.33000000,60.67000000
2025-07-23,60.89000000,61.21000000
2025-07-24,61.49000000,61.48000000
2025-07-25,61.42000000,61.72000000
2025-07-28,62.01000000,62.12000000
2025-07-29,62.67000000,61.93000000
2025-07-30,62.09000000,62.08000000
2025-07-31,63.47000000,61.38000000
2025-08-01,60.03000000,58.94000000
2025-08-04,60.03000000,61.10000000
2025-08-05,61.38000000,60.26000000
2025-08-06,60.44000000,61.77000000
2025-08-07,62.71000000,62.19000000
2025-08-08,62.41000000,63.31000000
2025-08-11,63.33000000,62.90000000
2025-08-12,63.42000000,64.50000000
2025-08-13,65.10000000,64.55000000
2025-08-14,64.08000000,64.43000000
2025-08-15,64.40000000,63.83000000
2025-08-18,63.63000000,63.79000000
2025-08-19,63.62000000,62.04000000
2025-08-20,61.82000000,61.28000000
2025-08-21,60.94000000,60.72000000
2025-08-22,60.99000000,62.57000000
2025-08-25,62.21000000,62.19000000
2025-08-26,62.08000000,62.69000000
2025-08-27,62.46000000,62.87000000
2025-08-28,62.99000000,63.63000000
2025-08-29,63.08000000,62.11000000
2025-09-02,60.15000000,61.08000000
2025-09-03,61.85000000,62.01000000
2025-09-04,62.16000000,63.14000000
2025-09-05,64.26000000,63.28000000
2025-09-08,63.79000000,63.90000000
2025-09-09,64.06000000,64.25000000
2025-09-10,64.96000000,64.29000000
2025-09-11,64.83000000,65.01000000
2025-09-12,65.21000000,65.57000000
2025-09-15,65.96000000,66.69000000
2025-09-16,66.88000000,66.54000000
2025-09-17,66.54000000,66.25000000
2025-09-18,67.37000000,67.48000000
2025-09-19,67.89000000,68.36000000
2025-09-22,68.13000000,69.15000000
2025-09-23,69.17000000,68.22000000
2025-09-24,68.50000000,67.72000000
2025-09-25,66.82000000,67.11000000
2025-09-26,67.27000000,67.65000000
2025-09-29,68.35000000,68.26000000
2025-09-30,68.17000000,68.60000000
2025-10-01,67.87000000,69.26000000
2025-10-02,70.13000000,69.82000000
2025-10-03,69.97000000,69.19000000
2025-10-06,70.40000000,70.24000000
2025-10-07,70.53000000,69.48000000
2025-10-08,69.68000000,71.06000000
2025-10-09,71.07000000,70.88000000
2025-10-10,71.00000000,65.90000000
2025-10-13,68.18000000,68.71000000
2025-10-14,67.17000000,67.80000000
2025-10-15,69.14000000,68.72000000
2025-10-16,69.38000000,68.21000000
2025-10-17,67.71000000,69.08000000
2025-10-20,69.82000000,70.81000000
2025-10-21,70.82000000,70.76000000
2025-10-22,70.61000000,69.36000000
2025-10-23,69.24000000,70.55000000
2025-10-24,71.76000000,71.99000000
2025-10-27,73.76000000,74.57000000
2025-10-28,75.11000000,75.69000000
2025-10-29,76.33000000,76.39000000
2025-10-30,75.50000000,74.03000000
2025-10-31,75.92000000,74.74000000
2025-11-03,76.14000000,75.41000000
2025-11-04,73.29000000,72.32000000
2025-11-05,72.16000000,73.27000000
2025-11-06,72.91000000,70.53000000
2025-11-07,69.74000000,70.06000000
2025-11-10,72.14000000,73.13000000
2025-11-11,72.51000000,72.74000000
2025-11-12,73.50000000,72.61000000
2025-11-13,71.77000000,69.63000000
2025-11-14,67.58000000,69.69000000
2025-11-17,69.11000000,68.50000000
2025-11-18,67.57000000,66.83000000
2025-11-19,67.00000000,67.60000000
2025-11-20,70.27000000,64.41000000
2025-11-21,64.76000000,65.36000000
2025-11-24,66.47000000,68.73000000
2025-11-25,68.29000000,69.51000000
2025-11-26,70.35000000,70.74000000
2025-11-28,71.11000000,71.81000000
2025-12-01,70.55000000,71.35000000
2025-12-02,71.86000000,72.47000000
2025-12-03,71.89000000,72.79000000
2025-12-04,73.11000000,72.62000000
2025-12-05,72.95000000,73.22000000
2025-12-08,73.59000000,72.89000000
2025-12-09,72.60000000,73.10000000
2025-12-10,72.79000000,73.66000000
2025-12-11,72.78000000,73.18000000
2025-12-12,72.35000000,70.34000000
2025-12-15,71.45000000,69.63000000
2025-12-16,69.10000000,69.90000000
2025-12-17,70.18000000,67.28000000
2025-12-18,69.38000000,69.24000000
2025-12-19,69.86000000,71.05000000
2025-12-22,72.19000000,71.67000000
2025-12-23,71.43000000,72.36000000
2025-12-24,72.26000000,72.73000000
2025-12-26,72.85000000,72.68000000
2025-12-29,71.78000000,71.96000000
2025-12-30,71.71000000,71.61000000
2025-12-31,71.65000000,70.41000000
2026-01-02,71.71000000,70.10000000
2026-01-05,71.51000000,71.20000000
2026-01-06,71.49000000,72.46000000
2026-01-07,72.35000000,72.59000000
2026-01-08,72.37000000,71.75000000
2026-01-09,71.93000000,73.14000000
2026-01-12,72.13000000,73.27000000
2026-01-13,73.26000000,73.01000000
2026-01-14,72.08000000,71.49000000
2026-01-15,73.12000000,71.94000000
2026-01-16,72.79000000,71.75000000
2026-01-20,69.31000000,68.73000000
2026-01-21,69.04000000,70.54000000
2026-01-22,71.97000000,71.61000000
2026-01-23,71.32000000,72.05000000
2026-01-26,72.13000000,72.66000000
2026-01-27,73.44000000,73.96000000
2026-01-28,74.97000000,74.36000000
2026-01-29,74.29000000,73.52000000
2026-01-30,72.59000000,71.71000000
2026-02-02,70.99000000,72.73000000
2026-02-03,73.19000000,70.46000000
2026-02-04,70.11000000,67.98000000
2026-02-05,66.72000000,66.04000000
2026-02-06,66.69000000,68.79000000
2026-02-09,68.30000000,69.83000000
2026-02-10,70.04000000,69.18000000
2026-02-11,70.28000000,69.52000000
2026-02-12,69.88000000,66.69000000
2026-02-13,66.62000000,66.92000000
2026-02-17,66.15000000,66.77000000
2026-02-18,66.96000000,67.75000000
2026-02-19,67.10000000,67.24000000
2026-02-20,66.47000000,68.40000000
2026-02-23,67.91000000,66.75000000
2026-02-24,66.95000000,68.13000000
2026-02-25,68.86000000,70.08000000
2026-02-26,69.86000000,68.44000000
2026-02-27,66.98000000,67.99000000
2026-03-02,66.06000000,68.13000000
2026-03-03,65.48000000,66.68000000
2026-03-04,67.23000000,68.65000000
2026-03-05,67.93000000,68.26000000
2026-03-06,66.31000000,66.19000000
2026-03-09,64.94000000,67.94000000
2026-03-10,67.96000000,67.91000000
2026-03-11,68.19000000,67.90000000
2026-03-12,66.78000000,65.58000000
2026-03-13,66.07000000,64.76000000
2026-03-16,66.12000000,66.19000000
2026-03-17,66.79000000,66.85000000
2026-03-18,66.43000000,64.95000000
2026-03-19,63.78000000,64.53000000
2026-03-20,64.09000000,62.13000000
2026-03-23,64.07000000,63.58000000
2026-03-24,62.84000000,62.64000000
2026-03-25,63.76000000,63.43000000
2026-03-26,62.33000000,60.43000000
2026-03-27,59.77000000,58.05000000
2026-03-30,59.02000000,57.16000000
2026-03-31,58.37000000,61.00000000
2026-04-01,61.90000000,62.49000000
2026-04-02,60.26000000,62.60000000
2026-04-06,62.86000000,63.35000000
2026-04-07,62.72000000,63.39000000
2026-04-08,67.71000000,67.08000000
2026-04-09,67.09000000,68.01000000
2026-04-10,68.36000000,68.19000000
2026-04-13,67.89000000,69.59000000
2026-04-14,70.22000000,72.10000000
2026-04-15,72.24000000,74.11000000
2026-04-16,74.55000000,74.80000000
2026-04-17,76.00000000,76.73000000
2026-04-20,76.54000000,76.27000000
2026-04-21,76.62000000,75.67000000
2026-04-22,77.03000000,78.18000000
2026-04-23,77.81000000,77.30000000
2026-04-24,78.94000000,80.24000000
2026-04-27,80.06000000,80.29000000
2026-04-28,78.62000000,78.67000000
2026-04-29,78.90000000,79.64000000
2026-04-30,80.54000000,81.05000000
2026-05-01,81.42000000,82.60000000
2026-05-04,82.72000000,82.28000000
2026-05-05,83.51000000,84.39000000
2026-05-06,85.94000000,87.85000000
2026-05-07,88.08000000,87.66000000
2026-05-08,88.90000000,91.72000000
2026-05-11,91.52000000,92.26000000
2026-05-12,90.93000000,90.69000000
2026-05-13,91.38000000,92.55000000
2026-05-14,92.58000000,93.90000000
2026-05-15,91.33000000,91.03000000
2026-05-18,91.71000000,90.20000000
2026-05-19,88.67000000,89.13000000
2026-05-20,90.06000000,92.05000000
2026-05-21,90.96000000,92.38000000
2026-05-22,93.27000000,93.10000000
2026-05-26,95.30000000,96.40000000
2026-05-27,97.11000000,96.19000000
2026-05-28,96.25000000,97.79000000
2026-05-29,98.39000000,98.46000000
2026-06-01,98.16000000,99.63000000
2026-06-02,99.56000000,100.53000000
2026-06-03,100.85000000,100.00000000
2026-06-04,97.66000000,99.02000000
2026-06-05,96.18000000,89.54000000
2026-06-08,92.71000000,92.25000000
2026-06-09,94.02000000,90.12000000
2026-06-10,88.52000000,86.51000000
2026-06-11,87.91000000,92.18000000
2026-06-12,92.47000000,93.38000000
2026-06-15,97.69000000,99.18000000
2026-06-16,98.77000000,95.46000000
2026-06-17,96.83000000,93.56000000
2026-06-18,97.26000000,97.91000000
2026-06-22,98.73000000,97.68000000
2026-06-23,91.74000000,91.22000000
2026-06-24,91.59000000,90.37000000
2026-06-25,94.22000000,91.77000000
2026-06-26,89.39000000,89.12000000
2026-06-29,91.12000000,93.68000000
2026-06-30,93.69000000,96.76000000
2026-07-01,94.93000000,93.90000000
2026-07-02,93.97000000,90.61000000
2026-07-06,92.40000000,93.14000000
2026-07-07,90.91000000,89.69000000
2026-07-08,88.56000000,90.14000000
2026-07-09,91.90000000,93.14000000
2026-07-10,92.46000000,93.70000000
2026-07-13,91.67000000,90.13000000
2026-07-14,92.28000000,92.13000000
2026-07-15,93.17000000,91.61000000
2026-07-16,90.14000000,88.57000000
2026-07-17,84.98000000,85.91000000
2026-07-20,87.60000000,86.03000000
2026-07-21,88.66000000,89.23000000
2026-07-22,87.90000000,88.28000000
2026-07-23,85.64000000,85.00000000
2026-07-24,84.54000000,83.00000000
2026-07-27,84.82000000,82.48000000
2026-07-28,81.05000000,80.87000000
2026-07-29,80.88000000,77.58000000
2026-07-30,80.61000000,82.68000000
2026-07-31,84.69000000,83.67000000
2026-08-03,83.78000000,86.62000000
2026-08-04,88.63000000,92.46000000
2026-08-05,93.11000000,90.80000000
2026-08-06,89.14000000,90.13000000
2026-08-07,91.50000000,92.21000000
2026-08-10,92.03000000,91.63000000
2026-08-11,92.25000000,90.98000000
2026-08-12,93.15000000,92.32000000
2026-08-13,92.68000000,94.43000000
2026-08-14,94.76000000,94.15000000
2026-08-17,94.63000000,93.84000000
2026-08-18,91.34000000,90.65000000
2026-08-19,91.36000000,90.25000000
2026-08-20,89.25000000,88.95000000
2026-08-21,90.00000000,89.53000000
2026-08-24,88.57000000,87.72000000
2026-08-25,88.96000000,88.80000000
2026-08-26,88.24000000,88.93000000
2026-08-27,90.39000000,91.38000000
2026-08-28,91.02000000,90.17000000
2026-08-31,89.83000000,90.24000000
2026-09-01,87.86000000,87.92000000
2026-09-02,87.78000000,88.31000000
2026-09-03,88.70000000,90.38000000
2026-09-04,90.78000000,90.68000000
2026-09-08,91.14000000,90.53000000
2026-09-09,89.98000000,89.98000000
2026-09-10,87.71000000,88.02000000
2026-09-11,89.75000000,89.55000000
2026-09-14,86.64000000,88.10000000
2026-09-15,87.98000000,86.96000000
2026-09-16,87.78000000,86.96000000
2026-09-17,89.77000000,89.94000000
2026-09-18,90.41000000,91.00000000
2026-09-21,92.86000000,96.27000000
2026-09-22,96.13000000,97.82000000
2026-09-23,97.68000000,96.16000000
2026-09-24,94.60000000,96.10000000
2026-09-25,96.52000000,96.95000000
2026-09-28,95.88000000,94.87000000
2026-09-29,95.81000000,95.22000000
2026-09-30,95.78000000,95.65000000
2026-10-01,96.41000000,96.24000000
2026-10-02,98.62000000,98.13000000
2026-10-05,98.08000000,99.84000000
