date,open,close
2008-09-30,37.72000000,38.91000000
2008-10-01,38.84000000,38.50000000
2008-10-02,38.25000000,36.75000000
2008-10-03,37.26000000,36.18000000
2008-10-06,35.26000000,34.86000000
2008-10-07,35.14000000,32.65000000
2008-10-08,31.95000000,32.39000000
2008-10-09,33.15000000,31.52000000
2008-10-10,30.52000000,31.32000000
2008-10-13,32.86000000,35.13000000
2008-10-14,36.15000000,33.61000000
2008-10-15,33.23000000,30.60000000
2008-10-16,30.81000000,32.26000000
2008-10-17,31.67000000,32.30000000
2008-10-20,32.76000000,33.20000000
2008-10-21,32.66000000,31.48000000
2008-10-22,31.37000000,30.61000000
2008-10-23,30.49000000,30.49000000
2008-10-24,28.23000000,29.51000000
2008-10-27,29.17000000,28.69000000
2008-10-28,29.68000000,31.86000000
2008-10-29,31.91000000,31.78000000
2008-10-30,32.67000000,32.84000000
2008-10-31,32.37000000,32.89000000
2008-11-03,32.81000000,32.82000000
2008-11-04,33.46000000,33.75000000
2008-11-05,33.53000000,31.99000000
2008-11-06,31.49000000,30.56000000
2008-11-07,30.92000000,31.19000000
2008-11-10,31.97000000,30.77000000
2008-11-11,30.48000000,30.10000000
2008-11-12,29.65000000,28.71000000
2008-11-13,28.61000000,30.46000000
2008-11-14,29.78000000,28.98000000
2008-11-17,28.49000000,28.37000000
2008-11-18,28.56000000,28.34000000
2008-11-19,28.40000000,26.86000000
2008-11-20,26.53000000,25.56000000
2008-11-21,26.01000000,26.67000000
2008-11-24,27.22000000,28.30000000
2008-11-25,28.61000000,28.17000000
2008-11-26,27.88000000,29.35000000
2008-11-28,29.02000000,29.12000000
2008-12-01,28.50000000,26.93000000
2008-12-02,27.30000000,27.83000000
2008-12-03,27.13000000,28.62000000
2008-12-04,28.17000000,27.81000000
2008-12-05,27.50000000,28.94000000
2008-12-08,29.59000000,30.08000000
2008-12-09,29.68000000,30.01000000
2008-12-10,30.10000000,29.91000000
2008-12-11,29.81000000,29.09000000
2008-12-12,28.69000000,29.68000000
2008-12-15,29.73000000,29.16000000
2008-12-16,29.42000000,30.56000000
2008-12-17,30.25000000,30.19000000
2008-12-18,30.19000000,29.66000000
2008-12-19,29.93000000,29.86000000
2008-12-22,29.86000000,29.21000000
2008-12-23,29.33000000,29.06000000
2008-12-24,29.20000000,29.14000000
2008-12-26,29.20000000,29.13000000
2008-12-29,29.21000000,28.89000000
2008-12-30,28.97000000,29.49000000
2008-12-31,29.46000000,29.74000000
2009-01-02,29.75000000,31.03000000
2009-01-05,30.83000000,31.02000000
2009-01-06,31.25000000,31.33000000
2009-01-07,30.73000000,30.44000000
2009-01-08,30.38000000,30.76000000
2009-01-09,30.77000000,30.07000000
2009-01-12,30.11000000,29.52000000
2009-01-13,29.51000000,29.53000000
2009-01-14,29.19000000,28.63000000
2009-01-15,28.57000000,29.10000000
2009-01-16,29.50000000,29.42000000
2009-01-20,29.30000000,27.96000000
2009-01-21,28.43000000,29.15000000
2009-01-22,28.52000000,28.76000000
2009-01-23,28.29000000,28.90000000
2009-01-26,28.94000000,29.11000000
2009-01-27,29.12000000,29.32000000
2009-01-28,29.81000000,30.35000000
2009-01-29,29.98000000,29.58000000
2009-01-30,29.80000000,29.06000000
2009-02-02,28.78000000,29.41000000
2009-02-03,29.47000000,29.87000000
2009-02-04,29.94000000,29.91000000
2009-02-05,29.48000000,30.57000000
2009-02-06,30.68000000,31.37000000
2009-02-09,31.39000000,31.50000000
2009-02-10,31.30000000,30.34000000
2009-02-11,30.38000000,30.20000000
2009-02-12,29.85000000,30.57000000
2009-02-13,30.48000000,30.43000000
2009-02-17,29.49000000,29.22000000
2009-02-18,29.41000000,29.24000000
2009-02-19,29.42000000,28.79000000
2009-02-20,28.47000000,28.87000000
2009-02-23,29.03000000,27.86000000
2009-02-24,28.01000000,28.78000000
2009-02-25,28.61000000,28.59000000
2009-02-26,28.78000000,27.79000000
2009-02-27,27.50000000,27.53000000
2009-03-02,27.12000000,26.64000000
2009-03-03,26.86000000,26.62000000
2009-03-04,27.01000000,27.33000000
2009-03-05,27.03000000,26.51000000
2009-03-06,26.65000000,26.30000000
2009-03-09,26.09000000,25.74000000
2009-03-10,26.25000000,27.33000000
2009-03-11,27.61000000,27.75000000
2009-03-12,27.73000000,28.67000000
2009-03-13,28.66000000,28.74000000
2009-03-16,28.93000000,28.26000000
2009-03-17,28.40000000,29.33000000
2009-03-18,29.21000000,29.70000000
2009-03-19,30.11000000,29.68000000
2009-03-20,29.69000000,29.18000000
2009-03-23,29.90000000,30.90000000
2009-03-24,30.64000000,30.33000000
2009-03-25,30.59000000,30.47000000
2009-03-26,30.80000000,31.41000000
2009-03-27,31.00000000,30.82000000
2009-03-30,30.30000000,30.06000000
2009-03-31,30.29000000,30.32000000
2009-04-01,29.94000000,30.77000000
2009-04-02,31.32000000,31.76000000
2009-04-03,32.09000000,32.35000000
2009-04-06,31.99000000,32.27000000
2009-04-07,31.92000000,31.42000000
2009-04-08,31.73000000,31.95000000
2009-04-09,32.55000000,32.94000000
2009-04-13,32.84000000,32.89000000
2009-04-14,32.69000000,32.49000000
2009-04-15,32.26000000,32.40000000
2009-04-16,32.85000000,33.24000000
2009-04-17,33.17000000,33.31000000
2009-04-20,32.71000000,32.24000000
2009-04-21,32.12000000,32.69000000
2009-04-22,32.50000000,32.79000000
2009-04-23,33.00000000,33.11000000
2009-04-24,33.34000000,33.69000000
2009-04-27,33.42000000,33.73000000
2009-04-28,33.52000000,33.48000000
2009-04-29,33.75000000,33.94000000
2009-04-30,34.39000000,34.28000000
2009-05-01,34.27000000,34.37000000
2009-05-04,34.68000000,35.05000000
2009-05-05,34.99000000,35.02000000
2009-05-06,35.29000000,35.03000000
2009-05-07,35.27000000,34.21000000
2009-05-08,34.47000000,34.23000000
2009-05-11,33.79000000,34.35000000
2009-05-12,34.42000000,33.93000000
2009-05-13,33.63000000,33.02000000
2009-05-14,33.10000000,33.39000000
2009-05-15,33.34000000,33.37000000
2009-05-18,33.60000000,34.24000000
2009-05-19,34.16000000,34.40000000
2009-05-20,34.53000000,34.28000000
2009-05-21,34.02000000,33.65000000
2009-05-22,33.78000000,33.54000000
2009-05-26,33.25000000,34.79000000
2009-05-27,34.69000000,34.55000000
2009-05-28,34.76000000,34.95000000
2009-05-29,34.97000000,35.38000000
2009-06-01,35.76000000,36.39000000
2009-06-02,36.19000000,36.44000000
2009-06-03,36.33000000,36.33000000
2009-06-04,36.41000000,36.74000000
2009-06-05,36.96000000,36.78000000
2009-06-08,36.55000000,36.67000000
2009-06-09,36.84000000,36.95000000
2009-06-10,37.16000000,36.82000000
2009-06-11,36.77000000,36.82000000
2009-06-12,36.67000000,36.65000000
2009-06-15,36.30000000,35.90000000
2009-06-16,36.04000000,35.55000000
2009-06-17,35.70000000,35.89000000
2009-06-18,35.83000000,35.82000000
2009-06-19,36.05000000,36.16000000
2009-06-22,35.83000000,35.08000000
2009-06-23,35.18000000,35.00000000
2009-06-24,35.30000000,35.59000000
2009-06-25,35.36000000,36.29000000
2009-06-26,36.12000000,36.37000000
2009-06-29,36.47000000,36.45000000
2009-06-30,36.55000000,36.38000000
2009-07-01,36.56000000,36.40000000
2009-07-02,36.09000000,35.60000000
2009-07-06,35.38000000,35.41000000
2009-07-07,35.42000000,34.53000000
2009-07-08,34.74000000,34.71000000
2009-07-09,34.84000000,34.77000000
2009-07-10,34.67000000,34.92000000
2009-07-13,34.95000000,35.59000000
2009-07-14,35.55000000,35.72000000
2009-07-15,36.32000000,36.92000000
2009-07-16,36.75000000,37.36000000
2009-07-17,37.35000000,37.56000000
2009-07-20,37.76000000,37.92000000
2009-07-21,38.07000000,38.18000000
2009-07-22,38.21000000,38.50000000
2009-07-23,38.46000000,39.35000000
2009-07-24,38.93000000,39.05000000
2009-07-27,39.33000000,39.35000000
2009-07-28,39.18000000,39.08000000
2009-07-29,39.32000000,39.34000000
2009-07-30,39.75000000,39.57000000
2009-07-31,39.57000000,39.45000000
2009-08-03,39.87000000,40.04000000
2009-08-04,39.85000000,40.04000000
2009-08-05,40.13000000,39.73000000
2009-08-06,39.82000000,39.38000000
2009-08-07,39.92000000,39.88000000
2009-08-10,39.74000000,39.60000000
2009-08-11,39.47000000,39.26000000
2009-08-12,39.23000000,39.87000000
2009-08-13,40.11000000,40.09000000
2009-08-14,39.87000000,39.63000000
2009-08-17,38.96000000,38.48000000
2009-08-18,38.72000000,39.03000000
2009-08-19,38.57000000,39.30000000
2009-08-20,39.28000000,39.76000000
2009-08-21,39.99000000,40.29000000
2009-08-24,40.36000000,40.25000000
2009-08-25,40.34000000,40.37000000
2009-08-26,40.28000000,40.30000000
2009-08-27,40.29000000,40.40000000
2009-08-28,40.90000000,40.44000000
2009-08-31,40.14000000,40.03000000
2009-09-01,39.89000000,39.28000000
2009-09-02,39.07000000,39.25000000
2009-09-03,39.44000000,39.51000000
2009-09-04,39.58000000,40.36000000
2009-09-08,40.68000000,40.74000000
2009-09-09,40.77000000,41.09000000
2009-09-10,41.11000000,41.48000000
2009-09-11,41.51000000,41.52000000
2009-09-14,41.25000000,41.68000000
2009-09-15,41.65000000,41.81000000
2009-09-16,42.00000000,42.42000000
2009-09-17,42.31000000,42.41000000
2009-09-18,42.54000000,42.44000000
2009-09-21,42.20000000,42.57000000
2009-09-22,42.81000000,42.65000000
2009-09-23,42.83000000,42.45000000
2009-09-24,42.62000000,42.07000000
2009-09-25,41.76000000,41.70000000
2009-09-28,41.93000000,42.41000000
2009-09-29,42.41000000,42.22000000
2009-09-30,42.39000000,42.25000000
2009-10-01,42.10000000,41.00000000
2009-10-02,40.72000000,40.88000000
2009-10-05,41.09000000,41.21000000
2009-10-06,41.44000000,41.94000000
2009-10-07,41.89000000,42.06000000
2009-10-08,42.31000000,42.24000000
2009-10-09,42.15000000,42.48000000
2009-10-12,42.65000000,42.57000000
2009-10-13,42.53000000,42.58000000
2009-10-14,43.11000000,43.16000000
2009-10-15,42.93000000,43.06000000
2009-10-16,42.90000000,42.78000000
2009-10-19,42.81000000,43.21000000
2009-10-20,43.46000000,43.22000000
2009-10-21,43.21000000,43.14000000
2009-10-22,43.06000000,43.31000000
2009-10-23,43.73000000,43.13000000
2009-10-26,43.20000000,42.99000000
2009-10-27,42.93000000,42.34000000
2009-10-28,42.19000000,41.39000000
2009-10-29,41.63000000,42.09000000
2009-10-30,42.06000000,40.96000000
2009-11-02,41.00000000,41.13000000
2009-11-03,40.91000000,41.26000000
2009-11-04,41.53000000,41.33000000
2009-11-05,41.81000000,42.35000000
2009-11-06,42.12000000,42.60000000
2009-11-09,42.93000000,43.51000000
2009-11-10,43.46000000,43.62000000
2009-11-11,43.95000000,43.90000000
2009-11-12,43.93000000,43.65000000
2009-11-13,43.78000000,44.01000000
2009-11-16,44.20000000,44.46000000
2009-11-17,44.34000000,44.60000000
2009-11-18,44.46000000,44.35000000
2009-11-19,44.05000000,43.66000000
2009-11-20,43.43000000,43.44000000
2009-11-23,43.89000000,44.14000000
2009-11-24,44.12000000,43.99000000
2009-11-25,44.14000000,44.18000000
2009-11-27,42.97000000,43.51000000
2009-11-30,43.41000000,43.56000000
2009-12-01,43.89000000,44.01000000
2009-12-02,44.16000000,44.07000000
2009-12-03,44.23000000,43.89000000
2009-12-04,44.45000000,44.12000000
2009-12-07,44.09000000,43.91000000
2009-12-08,43.66000000,43.64000000
2009-12-09,43.60000000,44.08000000
2009-12-10,44.27000000,44.30000000
2009-12-11,44.54000000,44.13000000
2009-12-14,44.43000000,44.55000000
2009-12-15,44.41000000,44.30000000
2009-12-16,44.47000000,44.36000000
2009-12-17,44.16000000,43.82000000
2009-12-18,44.16000000,44.46000000
2009-12-21,44.69000000,44.96000000
2009-12-22,45.11000000,45.23000000
2009-12-23,45.32000000,45.56000000
2009-12-24,45.61000000,45.98000000
2009-12-28,46.09000000,46.22000000
2009-12-29,46.23000000,46.03000000
2009-12-30,45.98000000,46.17000000
2009-12-31,46.26000000,45.75000000
2010-01-04,46.10000000,46.20000000
2010-01-05,46.16000000,46.20000000
2010-01-06,46.17000000,45.93000000
2010-01-07,45.98000000,45.95000000
2010-01-08,45.83000000,46.33000000
2010-01-11,46.38000000,46.14000000
2010-01-12,45.87000000,45.57000000
2010-01-13,45.72000000,46.13000000
2010-01-14,46.04000000,46.17000000
2010-01-15,46.24000000,45.64000000
2010-01-19,45.75000000,46.37000000
2010-01-20,46.05000000,45.71000000
2010-01-21,45.85000000,45.28000000
2010-01-22,45.13000000,43.95000000
2010-01-25,44.18000000,44.10000000
2010-01-26,44.07000000,44.14000000
2010-01-27,44.08000000,44.49000000
2010-01-28,44.19000000,43.35000000
2010-01-29,43.70000000,42.59000000
2010-02-01,42.71000000,43.06000000
2010-02-02,43.11000000,43.45000000
2010-02-03,43.25000000,43.69000000
2010-02-04,43.38000000,42.42000000
2010-02-05,42.55000000,42.78000000
2010-02-08,42.72000000,42.47000000
2010-02-09,42.97000000,42.91000000
2010-02-10,42.90000000,42.82000000
2010-02-11,42.81000000,43.47000000
2010-02-12,43.07000000,43.56000000
2010-02-16,43.87000000,44.11000000
2010-02-17,44.29000000,44.36000000
2010-02-18,44.33000000,44.64000000
2010-02-19,44.55000000,44.62000000
2010-02-22,44.80000000,44.53000000
2010-02-23,44.48000000,43.95000000
2010-02-24,44.20000000,44.40000000
2010-02-25,43.90000000,44.39000000
2010-02-26,44.39000000,44.55000000
2010-03-01,44.74000000,45.20000000
2010-03-02,45.33000000,45.34000000
2010-03-03,45.46000000,45.39000000
2010-03-04,45.43000000,45.54000000
2010-03-05,45.89000000,46.22000000
2010-03-08,46.24000000,46.31000000
2010-03-09,46.18000000,46.57000000
2010-03-10,46.58000000,46.95000000
2010-03-11,46.85000000,47.13000000
2010-03-12,47.28000000,47.14000000
2010-03-15,47.04000000,47.02000000
2010-03-16,47.17000000,47.32000000
2010-03-17,47.38000000,47.45000000
2010-03-18,47.50000000,47.61000000
2010-03-19,47.73000000,47.27000000
2010-03-22,47.09000000,47.70000000
2010-03-23,47.78000000,48.03000000
2010-03-24,47.92000000,47.80000000
2010-03-25,48.19000000,47.73000000
2010-03-26,47.92000000,47.78000000
2010-03-29,48.01000000,48.01000000
2010-03-30,48.13000000,48.16000000
2010-03-31,48.01000000,47.94000000
2010-04-01,48.11000000,47.94000000
2010-04-05,48.04000000,48.38000000
2010-04-06,48.26000000,48.52000000
2010-04-07,48.46000000,48.40000000
2010-04-08,48.28000000,48.51000000
2010-04-09,48.54000000,48.80000000
2010-04-12,48.82000000,48.84000000
2010-04-13,48.79000000,49.09000000
2010-04-14,49.34000000,49.68000000
2010-04-15,49.65000000,49.90000000
2010-04-16,49.72000000,49.30000000
2010-04-19,49.13000000,49.27000000
2010-04-20,49.52000000,49.52000000
2010-04-21,49.86000000,49.80000000
2010-04-22,49.34000000,50.08000000
2010-04-23,50.06000000,50.28000000
2010-04-26,50.29000000,50.18000000
2010-04-27,49.99000000,49.11000000
2010-04-28,49.37000000,49.14000000
2010-04-29,49.38000000,50.00000000
2010-04-30,49.98000000,49.01000000
2010-05-03,49.20000000,49.70000000
2010-05-04,49.08000000,48.20000000
2010-05-05,47.76000000,47.96000000
2010-05-06,47.63000000,46.35000000
2010-05-07,46.00000000,45.20000000
2010-05-10,47.20000000,47.55000000
2010-05-11,47.09000000,47.50000000
2010-05-12,47.76000000,48.39000000
2010-05-13,48.20000000,47.63000000
2010-05-14,47.27000000,46.71000000
2010-05-17,46.82000000,46.86000000
2010-05-18,47.25000000,46.21000000
2010-05-19,46.04000000,45.85000000
2010-05-20,44.96000000,44.14000000
2010-05-21,43.44000000,44.63000000
2010-05-24,44.60000000,44.45000000
2010-05-25,43.47000000,44.49000000
2010-05-26,44.72000000,43.99000000
2010-05-27,45.01000000,45.66000000
2010-05-28,45.73000000,45.39000000
2010-06-01,45.24000000,44.97000000
2010-06-02,45.24000000,46.03000000
2010-06-03,46.14000000,46.47000000
2010-06-04,45.50000000,44.88000000
2010-06-07,45.13000000,44.06000000
2010-06-08,44.16000000,43.98000000
2010-06-09,44.27000000,43.62000000
2010-06-10,44.18000000,44.86000000
2010-06-11,44.42000000,45.29000000
2010-06-14,45.70000000,45.28000000
2010-06-15,45.50000000,46.49000000
2010-06-16,46.36000000,46.68000000
2010-06-17,46.94000000,46.83000000
2010-06-18,46.84000000,46.78000000
2010-06-21,47.38000000,46.38000000
2010-06-22,46.57000000,46.02000000
2010-06-23,46.07000000,45.84000000
2010-06-24,45.63000000,45.14000000
2010-06-25,45.30000000,45.06000000
2010-06-28,45.08000000,44.90000000
2010-06-29,44.21000000,43.17000000
2010-06-30,43.03000000,42.51000000
2010-07-01,42.62000000,42.39000000
2010-07-02,42.47000000,42.27000000
2010-07-06,42.89000000,42.40000000
2010-07-07,42.54000000,43.76000000
2010-07-08,44.10000000,43.99000000
2010-07-09,43.97000000,44.41000000
2010-07-12,44.37000000,44.54000000
2010-07-13,44.92000000,45.12000000
2010-07-14,45.21000000,45.35000000
2010-07-15,45.25000000,45.39000000
2010-07-16,45.23000000,44.13000000
2010-07-19,44.27000000,44.51000000
2010-07-20,43.79000000,45.05000000
2010-07-21,45.54000000,44.43000000
2010-07-22,45.05000000,45.56000000
2010-07-23,45.25000000,45.85000000
2010-07-26,45.91000000,46.22000000
2010-07-27,46.47000000,46.20000000
2010-07-28,46.16000000,45.84000000
2010-07-29,46.08000000,45.50000000
2010-07-30,45.15000000,45.60000000
2010-08-02,46.16000000,46.45000000
2010-08-03,46.41000000,46.25000000
2010-08-04,46.47000000,46.72000000
2010-08-05,46.50000000,46.61000000
2010-08-06,46.10000000,46.54000000
2010-08-09,46.79000000,46.86000000
2010-08-10,46.50000000,46.46000000
2010-08-11,45.70000000,45.19000000
2010-08-12,44.35000000,44.83000000
2010-08-13,44.66000000,44.51000000
2010-08-16,44.27000000,44.59000000
2010-08-17,44.90000000,45.16000000
2010-08-18,45.08000000,45.34000000
2010-08-19,45.08000000,44.65000000
2010-08-20,44.58000000,44.71000000
2010-08-23,45.04000000,44.27000000
2010-08-24,43.81000000,43.45000000
2010-08-25,43.15000000,43.86000000
2010-08-26,44.03000000,43.34000000
2010-08-27,43.66000000,43.86000000
2010-08-30,43.67000000,43.41000000
2010-08-31,43.19000000,43.26000000
2010-09-01,43.89000000,44.55000000
2010-09-02,44.63000000,45.05000000
2010-09-03,45.52000000,45.80000000
2010-09-07,45.61000000,45.49000000
2010-09-08,45.63000000,46.03000000
2010-09-09,46.45000000,46.21000000
2010-09-10,46.27000000,46.38000000
2010-09-13,46.73000000,47.03000000
2010-09-14,46.95000000,47.23000000
2010-09-15,47.13000000,47.53000000
2010-09-16,47.46000000,47.72000000
2010-09-17,47.92000000,47.77000000
2010-09-20,47.96000000,48.60000000
2010-09-21,48.61000000,48.59000000
2010-09-22,48.38000000,48.46000000
2010-09-23,48.16000000,48.44000000
2010-09-24,48.99000000,49.43000000
2010-09-27,49.42000000,49.16000000
2010-09-28,49.28000000,49.14000000
2010-09-29,49.07000000,49.06000000
2010-09-30,49.31000000,48.84000000
2010-10-01,49.23000000,48.78000000
2010-10-04,48.63000000,48.25000000
2010-10-05,48.80000000,49.43000000
2010-10-06,49.36000000,49.00000000
2010-10-07,49.29000000,49.18000000
2010-10-08,49.22000000,49.52000000
2010-10-11,49.55000000,49.54000000
2010-10-12,49.46000000,49.88000000
2010-10-13,50.17000000,50.28000000
2010-10-14,50.30000000,50.19000000
2010-10-15,50.80000000,51.25000000
2010-10-18,51.28000000,51.06000000
2010-10-19,50.57000000,50.58000000
2010-10-20,50.72000000,50.95000000
2010-10-21,51.27000000,51.05000000
2010-10-22,51.06000000,51.40000000
2010-10-25,51.61000000,51.65000000
2010-10-26,51.38000000,51.79000000
2010-10-27,51.53000000,51.95000000
2010-10-28,52.18000000,52.06000000
2010-10-29,52.05000000,51.94000000
2010-11-01,52.14000000,51.98000000
2010-11-02,52.41000000,52.53000000
2010-11-03,52.59000000,52.77000000
2010-11-04,53.38000000,53.42000000
2010-11-05,53.45000000,53.42000000
2010-11-08,53.32000000,53.49000000
2010-11-09,53.72000000,53.20000000
2010-11-10,53.28000000,53.46000000
2010-11-11,52.65000000,53.14000000
2010-11-12,52.85000000,52.27000000
2010-11-15,52.53000000,52.07000000
2010-11-16,51.69000000,51.21000000
2010-11-17,51.25000000,51.36000000
2010-11-18,51.91000000,52.19000000
2010-11-19,52.10000000,52.23000000
2010-11-22,52.01000000,52.66000000
2010-11-23,52.15000000,51.83000000
2010-11-24,52.34000000,52.87000000
2010-11-26,52.55000000,52.69000000
2010-11-29,52.45000000,52.48000000
2010-11-30,51.94000000,51.84000000
2010-12-01,52.62000000,52.94000000
2010-12-02,53.02000000,53.48000000
2010-12-03,53.25000000,53.62000000
2010-12-06,53.61000000,53.59000000
2010-12-07,54.24000000,53.63000000
2010-12-08,53.77000000,53.83000000
2010-12-09,54.16000000,53.88000000
2010-12-10,54.04000000,54.24000000
2010-12-13,54.46000000,54.05000000
2010-12-14,54.17000000,54.14000000
2010-12-15,54.12000000,53.91000000
2010-12-16,53.96000000,54.33000000
2010-12-17,54.29000000,54.27000000
2010-12-20,54.34000000,54.31000000
2010-12-21,54.51000000,54.63000000
2010-12-22,54.60000000,54.63000000
2010-12-23,54.52000000,54.49000000
2010-12-27,54.37000000,54.51000000
2010-12-28,54.62000000,54.42000000
2010-12-29,54.56000000,54.53000000
2010-12-30,54.53000000,54.41000000
2010-12-31,54.35000000,54.21000000
2011-01-03,54.70000000,55.05000000
2011-01-04,55.27000000,55.01000000
2011-01-05,54.85000000,55.48000000
2011-01-06,55.53000000,55.66000000
2011-01-07,55.76000000,55.61000000
2011-01-10,55.46000000,55.82000000
2011-01-11,56.03000000,55.90000000
2011-01-12,56.16000000,56.29000000
2011-01-13,56.33000000,56.31000000
2011-01-14,56.33000000,56.73000000
2011-01-18,56.26000000,56.89000000
2011-01-19,56.97000000,56.25000000
2011-01-20,56.04000000,55.85000000
2011-01-21,56.13000000,55.42000000
2011-01-24,55.53000000,56.19000000
2011-01-25,55.92000000,56.27000000
2011-01-26,56.37000000,56.57000000
2011-01-27,56.74000000,56.91000000
2011-01-28,56.89000000,55.47000000
2011-01-31,55.55000000,55.74000000
2011-02-01,56.16000000,56.78000000
2011-02-02,56.65000000,56.69000000
2011-02-03,56.59000000,56.79000000
2011-02-04,56.78000000,57.11000000
2011-02-07,57.22000000,57.38000000
2011-02-08,57.38000000,57.75000000
2011-02-09,57.67000000,57.66000000
2011-02-10,57.34000000,57.75000000
2011-02-11,57.60000000,58.17000000
2011-02-14,58.16000000,58.31000000
2011-02-15,58.17000000,58.23000000
2011-02-16,58.37000000,58.61000000
2011-02-17,58.33000000,58.59000000
2011-02-18,58.61000000,58.46000000
2011-02-22,57.73000000,56.76000000
2011-02-23,56.73000000,56.30000000
2011-02-24,56.44000000,56.59000000
2011-02-25,56.89000000,57.38000000
2011-02-28,57.60000000,57.50000000
2011-03-01,57.72000000,56.58000000
2011-03-02,56.56000000,56.87000000
2011-03-03,57.41000000,57.99000000
2011-03-04,57.98000000,57.70000000
2011-03-07,57.94000000,56.92000000
2011-03-08,56.83000000,57.15000000
2011-03-09,56.94000000,56.76000000
2011-03-10,56.13000000,55.88000000
2011-03-11,55.57000000,56.23000000
2011-03-14,55.92000000,56.03000000
2011-03-15,54.39000000,55.23000000
2011-03-16,54.77000000,53.90000000
2011-03-17,54.75000000,54.40000000
2011-03-18,54.94000000,54.20000000
2011-03-21,55.03000000,55.24000000
2011-03-22,55.31000000,55.14000000
2011-03-23,54.93000000,55.45000000
2011-03-24,55.86000000,56.44000000
2011-03-25,56.63000000,56.58000000
2011-03-28,56.82000000,56.27000000
2011-03-29,56.14000000,56.81000000
2011-03-30,57.09000000,57.08000000
2011-03-31,56.98000000,57.16000000
2011-04-01,57.45000000,57.19000000
2011-04-04,57.35000000,57.00000000
2011-04-05,56.89000000,56.85000000
2011-04-06,57.27000000,56.99000000
2011-04-07,56.96000000,56.95000000
2011-04-08,57.21000000,56.68000000
2011-04-11,56.89000000,56.50000000
2011-04-12,56.26000000,56.11000000
2011-04-13,56.51000000,56.59000000
2011-04-14,56.19000000,56.49000000
2011-04-15,56.27000000,56.39000000
2011-04-18,55.83000000,55.99000000
2011-04-19,56.13000000,56.34000000
2011-04-20,57.32000000,57.61000000
2011-04-21,58.20000000,58.07000000
2011-04-25,58.13000000,58.22000000
2011-04-26,58.38000000,58.55000000
2011-04-27,58.63000000,58.94000000
2011-04-28,58.78000000,58.85000000
2011-04-29,58.77000000,58.80000000
2011-05-02,58.91000000,58.70000000
2011-05-03,58.68000000,58.42000000
2011-05-04,58.45000000,58.33000000
2011-05-05,58.05000000,58.01000000
2011-05-06,58.59000000,58.20000000
2011-05-09,58.29000000,58.42000000
2011-05-10,58.60000000,58.91000000
2011-05-11,58.82000000,58.48000000
2011-05-12,58.29000000,58.83000000
2011-05-13,58.71000000,58.14000000
2011-05-16,57.89000000,57.13000000
2011-05-17,56.85000000,57.29000000
2011-05-18,57.21000000,57.77000000
2011-05-19,57.96000000,57.94000000
2011-05-20,57.88000000,57.50000000
2011-05-23,56.72000000,56.65000000
2011-05-24,56.80000000,56.31000000
2011-05-25,56.23000000,56.53000000
2011-05-26,56.36000000,56.88000000
2011-05-27,56.97000000,57.16000000
2011-05-31,57.70000000,58.09000000
2011-06-01,57.95000000,56.82000000
2011-06-02,56.94000000,56.94000000
2011-06-03,56.30000000,56.09000000
2011-06-06,55.98000000,55.63000000
2011-06-07,55.79000000,55.53000000
2011-06-08,55.41000000,55.13000000
2011-06-09,55.11000000,55.23000000
2011-06-10,54.97000000,54.39000000
2011-06-13,54.46000000,54.39000000
2011-06-14,54.79000000,55.08000000
2011-06-15,54.57000000,54.04000000
2011-06-16,54.08000000,53.83000000
2011-06-17,54.20000000,53.54000000
2011-06-20,53.41000000,53.82000000
2011-06-21,54.01000000,54.97000000
2011-06-22,54.74000000,54.58000000
2011-06-23,54.03000000,55.08000000
2011-06-24,54.81000000,54.13000000
2011-06-27,54.18000000,54.99000000
2011-06-28,55.12000000,55.81000000
2011-06-29,55.97000000,56.04000000
2011-06-30,56.24000000,56.78000000
2011-07-01,56.83000000,57.64000000
2011-07-05,57.68000000,57.93000000
2011-07-06,57.87000000,58.12000000
2011-07-07,58.55000000,58.91000000
2011-07-08,58.43000000,58.76000000
2011-07-11,58.14000000,57.69000000
2011-07-12,57.67000000,57.25000000
2011-07-13,57.67000000,57.49000000
2011-07-14,57.66000000,56.82000000
2011-07-15,57.45000000,57.58000000
2011-07-18,57.27000000,57.27000000
2011-07-19,57.86000000,58.58000000
2011-07-20,58.90000000,58.33000000
2011-07-21,58.38000000,58.72000000
2011-07-22,58.70000000,59.32000000
2011-07-25,58.85000000,59.20000000
2011-07-26,59.16000000,59.35000000
2011-07-27,58.97000000,57.82000000
2011-07-28,57.83000000,57.92000000
2011-07-29,57.46000000,57.73000000
2011-08-01,58.40000000,57.46000000
2011-08-02,57.19000000,56.01000000
2011-08-03,56.11000000,56.55000000
2011-08-04,55.72000000,53.92000000
2011-08-05,54.53000000,53.58000000
2011-08-08,51.97000000,50.35000000
2011-08-09,51.07000000,52.78000000
2011-08-10,51.58000000,50.62000000
2011-08-11,51.34000000,52.85000000
2011-08-12,53.17000000,53.32000000
2011-08-15,53.52000000,54.11000000
2011-08-16,53.57000000,53.65000000
2011-08-17,53.73000000,53.33000000
2011-08-18,51.89000000,50.71000000
2011-08-19,50.20000000,49.80000000
2011-08-22,50.97000000,49.98000000
2011-08-23,50.32000000,52.04000000
2011-08-24,51.94000000,52.44000000
2011-08-25,52.39000000,51.59000000
2011-08-26,51.44000000,52.88000000
2011-08-29,53.39000000,54.36000000
2011-08-30,54.14000000,54.71000000
2011-08-31,55.03000000,54.80000000
2011-09-01,54.95000000,54.31000000
2011-09-02,53.33000000,53.03000000
2011-09-06,51.80000000,53.04000000
2011-09-07,53.78000000,54.39000000
2011-09-08,54.12000000,54.14000000
2011-09-09,53.76000000,52.93000000
2011-09-12,52.36000000,53.61000000
2011-09-13,53.83000000,54.33000000
2011-09-14,54.59000000,55.10000000
2011-09-15,55.71000000,55.92000000
2011-09-16,55.99000000,56.33000000
2011-09-19,55.64000000,56.35000000
2011-09-20,56.63000000,56.10000000
2011-09-21,56.39000000,55.12000000
2011-09-22,53.68000000,53.33000000
2011-09-23,52.89000000,53.90000000
2011-09-26,54.17000000,54.52000000
2011-09-27,55.44000000,55.09000000
2011-09-28,55.31000000,54.28000000
2011-09-29,55.10000000,53.63000000
2011-09-30,52.93000000,52.25000000
2011-10-03,51.80000000,50.90000000
2011-10-04,50.36000000,51.95000000
2011-10-05,51.83000000,53.28000000
2011-10-06,53.22000000,54.18000000
2011-10-07,54.16000000,53.82000000
2011-10-10,54.72000000,55.68000000
2011-10-11,55.55000000,56.06000000
2011-10-12,56.61000000,56.34000000
2011-10-13,56.23000000,56.85000000
2011-10-14,57.57000000,57.91000000
2011-10-17,57.63000000,57.01000000
2011-10-18,56.92000000,57.72000000
2011-10-19,57.44000000,56.61000000
2011-10-20,56.55000000,56.33000000
2011-10-21,56.90000000,57.03000000
2011-10-24,57.25000000,58.22000000
2011-10-25,58.00000000,57.07000000
2011-10-26,57.38000000,57.00000000
2011-10-27,58.37000000,58.58000000
2011-10-28,58.23000000,58.67000000
2011-10-31,58.14000000,57.68000000
2011-11-01,56.30000000,56.18000000
2011-11-02,56.74000000,56.65000000
2011-11-03,57.09000000,57.83000000
2011-11-04,57.52000000,57.53000000
2011-11-07,57.48000000,57.94000000
2011-11-08,58.36000000,58.61000000
2011-11-09,57.45000000,56.55000000
2011-11-10,57.13000000,56.52000000
2011-11-11,57.01000000,57.58000000
2011-11-14,57.42000000,57.22000000
2011-11-15,57.07000000,57.86000000
2011-11-16,57.46000000,56.90000000
2011-11-17,56.75000000,55.57000000
2011-11-18,55.59000000,55.14000000
2011-11-21,54.43000000,54.09000000
2011-11-22,53.95000000,54.27000000
2011-11-23,53.86000000,53.04000000
2011-11-25,52.84000000,52.63000000
2011-11-28,53.91000000,54.47000000
2011-11-29,54.40000000,54.13000000
2011-11-30,55.58000000,56.13000000
2011-12-01,56.11000000,56.52000000
2011-12-02,57.06000000,56.36000000
2011-12-05,57.22000000,56.97000000
2011-12-06,57.02000000,56.81000000
2011-12-07,56.63000000,56.81000000
2011-12-08,56.48000000,55.86000000
2011-12-09,56.00000000,56.75000000
2011-12-12,56.16000000,56.12000000
2011-12-13,56.50000000,55.50000000
2011-12-14,55.26000000,54.63000000
2011-12-15,55.10000000,54.49000000
2011-12-16,54.62000000,54.60000000
2011-12-19,54.80000000,54.07000000
2011-12-20,54.94000000,55.67000000
2011-12-21,55.38000000,54.87000000
2011-12-22,54.96000000,55.34000000
2011-12-23,55.42000000,55.82000000
2011-12-27,55.75000000,55.98000000
2011-12-28,55.91000000,55.33000000
2011-12-29,55.42000000,55.73000000
2011-12-30,55.60000000,55.57000000
2012-01-03,56.64000000,56.63000000
2012-01-04,56.54000000,56.87000000
2012-01-05,56.75000000,57.34000000
2012-01-06,57.38000000,57.54000000
2012-01-09,57.68000000,57.35000000
2012-01-10,57.99000000,57.77000000
2012-01-11,57.75000000,57.89000000
2012-01-12,58.02000000,58.12000000
2012-01-13,57.83000000,57.91000000
2012-01-17,58.44000000,58.44000000
2012-01-18,58.57000000,59.21000000
2012-01-19,59.48000000,59.58000000
2012-01-20,59.33000000,59.49000000
2012-01-23,59.52000000,59.51000000
2012-01-24,59.26000000,59.40000000
2012-01-25,60.00000000,60.15000000
2012-01-26,60.39000000,59.94000000
2012-01-27,59.81000000,60.12000000
2012-01-30,59.60000000,60.17000000
2012-01-31,60.47000000,60.25000000
2012-02-01,60.57000000,60.74000000
2012-02-02,60.91000000,60.92000000
2012-02-03,61.49000000,61.76000000
2012-02-06,61.53000000,61.71000000
2012-02-07,61.66000000,61.84000000
2012-02-08,61.85000000,62.17000000
2012-02-09,62.38000000,62.62000000
2012-02-10,62.18000000,62.18000000
2012-02-13,62.64000000,62.76000000
2012-02-14,62.61000000,62.92000000
2012-02-15,63.22000000,62.48000000
2012-02-16,62.50000000,63.33000000
2012-02-17,63.34000000,63.13000000
2012-02-21,63.21000000,63.31000000
2012-02-22,63.19000000,63.03000000
2012-02-23,63.10000000,63.44000000
2012-02-24,63.62000000,63.66000000
2012-02-27,63.30000000,63.75000000
2012-02-28,63.80000000,64.40000000
2012-02-29,64.44000000,64.11000000
2012-03-01,64.36000000,64.62000000
2012-03-02,64.53000000,64.57000000
2012-03-05,64.53000000,63.90000000
2012-03-06,63.29000000,63.27000000
2012-03-07,63.56000000,63.76000000
2012-03-08,64.12000000,64.45000000
2012-03-09,64.55000000,64.72000000
2012-03-12,64.67000000,64.75000000
2012-03-13,65.12000000,65.95000000
2012-03-14,66.00000000,66.18000000
2012-03-15,66.38000000,66.37000000
2012-03-16,66.34000000,66.21000000
2012-03-19,66.31000000,66.68000000
2012-03-20,66.35000000,66.80000000
2012-03-21,66.82000000,66.81000000
2012-03-22,66.40000000,66.67000000
2012-03-23,66.75000000,66.63000000
2012-03-26,67.06000000,67.79000000
2012-03-27,67.83000000,67.89000000
2012-03-28,67.93000000,67.62000000
2012-03-29,67.30000000,67.36000000
2012-03-30,67.67000000,67.24000000
2012-04-02,67.15000000,67.93000000
2012-04-03,67.99000000,67.91000000
2012-04-04,67.41000000,66.99000000
2012-04-05,66.88000000,67.40000000
2012-04-09,66.57000000,66.90000000
2012-04-10,66.88000000,65.82000000
2012-04-11,66.39000000,66.14000000
2012-04-12,66.27000000,66.89000000
2012-04-13,66.65000000,65.88000000
2012-04-16,66.22000000,65.15000000
2012-04-17,65.44000000,66.47000000
2012-04-18,66.28000000,66.30000000
2012-04-19,66.07000000,65.55000000
2012-04-20,65.91000000,65.37000000
2012-04-23,64.78000000,64.78000000
2012-04-24,64.67000000,64.43000000
2012-04-25,65.75000000,66.14000000
2012-04-26,66.11000000,66.53000000
2012-04-27,66.81000000,66.93000000
2012-04-30,66.71000000,66.45000000
2012-05-01,66.37000000,66.56000000
2012-05-02,66.19000000,66.75000000
2012-05-03,66.79000000,66.04000000
2012-05-04,65.44000000,64.40000000
2012-05-07,64.01000000,64.46000000
2012-05-08,64.04000000,64.22000000
2012-05-09,63.47000000,64.02000000
2012-05-10,64.31000000,63.89000000
2012-05-11,63.64000000,63.88000000
2012-05-14,63.33000000,63.28000000
2012-05-15,63.49000000,63.07000000
2012-05-16,63.32000000,62.65000000
2012-05-17,62.65000000,61.32000000
2012-05-18,61.50000000,60.53000000
2012-05-21,60.64000000,62.22000000
2012-05-22,62.37000000,62.15000000
2012-05-23,61.64000000,62.27000000
2012-05-24,62.37000000,61.86000000
2012-05-25,61.92000000,61.78000000
2012-05-29,62.34000000,62.57000000
2012-05-30,62.00000000,62.04000000
2012-05-31,61.96000000,61.77000000
2012-06-01,60.69000000,60.13000000
2012-06-04,60.29000000,60.59000000
2012-06-05,60.37000000,60.84000000
2012-06-06,61.31000000,62.23000000
2012-06-07,62.87000000,61.98000000
2012-06-08,61.87000000,62.58000000
2012-06-11,63.05000000,61.52000000
2012-06-12,61.80000000,62.27000000
2012-06-13,62.09000000,61.84000000
2012-06-14,61.85000000,62.07000000
2012-06-15,62.08000000,62.70000000
2012-06-18,62.46000000,63.28000000
2012-06-19,63.60000000,63.94000000
2012-06-20,64.06000000,63.99000000
2012-06-21,63.91000000,62.40000000
2012-06-22,62.59000000,63.05000000
2012-06-25,62.55000000,61.84000000
2012-06-26,62.04000000,62.23000000
2012-06-27,62.47000000,62.61000000
2012-06-28,62.13000000,61.91000000
2012-06-29,63.07000000,63.86000000
2012-07-02,63.93000000,64.05000000
2012-07-03,64.08000000,64.59000000
2012-07-05,64.48000000,64.63000000
2012-07-06,64.35000000,63.82000000
2012-07-09,63.73000000,63.70000000
2012-07-10,64.03000000,63.07000000
2012-07-11,63.00000000,62.73000000
2012-07-12,62.26000000,62.14000000
2012-07-13,62.27000000,63.08000000
2012-07-16,62.95000000,62.91000000
2012-07-17,63.28000000,63.23000000
2012-07-18,63.10000000,64.09000000
2012-07-19,64.54000000,64.80000000
2012-07-20,64.79000000,63.94000000
2012-07-23,62.71000000,63.16000000
2012-07-24,63.28000000,62.67000000
2012-07-25,62.20000000,62.25000000
2012-07-26,63.14000000,63.07000000
2012-07-27,63.53000000,64.57000000
2012-07-30,64.71000000,64.52000000
2012-07-31,64.61000000,64.50000000
2012-08-01,64.95000000,64.31000000
2012-08-02,63.80000000,64.08000000
2012-08-03,65.08000000,65.29000000
2012-08-06,65.63000000,65.79000000
2012-08-07,66.07000000,66.34000000
2012-08-08,66.17000000,66.31000000
2012-08-09,66.31000000,66.51000000
2012-08-10,66.28000000,66.55000000
2012-08-13,66.53000000,66.71000000
2012-08-14,66.97000000,66.74000000
2012-08-15,66.69000000,66.91000000
2012-08-16,67.16000000,67.70000000
2012-08-17,67.85000000,68.00000000
2012-08-20,67.95000000,68.10000000
2012-08-21,68.31000000,67.83000000
2012-08-22,67.67000000,68.11000000
2012-08-23,67.82000000,67.55000000
2012-08-24,67.40000000,67.97000000
2012-08-27,68.28000000,68.08000000
2012-08-28,68.02000000,68.08000000
2012-08-29,68.09000000,68.08000000
2012-08-30,67.79000000,67.39000000
2012-08-31,67.88000000,67.84000000
2012-09-04,67.71000000,67.77000000
2012-09-05,67.72000000,67.70000000
2012-09-06,68.10000000,69.21000000
2012-09-07,69.05000000,69.11000000
2012-09-10,68.94000000,68.22000000
2012-09-11,68.22000000,68.11000000
2012-09-12,68.36000000,68.31000000
2012-09-13,68.39000000,69.24000000
2012-09-14,69.51000000,69.85000000
2012-09-17,69.87000000,69.88000000
2012-09-18,69.71000000,69.94000000
2012-09-19,69.96000000,70.07000000
2012-09-20,69.74000000,70.00000000
2012-09-21,70.14000000,69.82000000
2012-09-24,69.24000000,69.41000000
2012-09-25,69.59000000,68.44000000
2012-09-26,68.35000000,67.88000000
2012-09-27,68.03000000,68.82000000
2012-09-28,68.60000000,68.25000000
2012-10-01,68.58000000,68.15000000
2012-10-02,68.47000000,68.35000000
2012-10-03,68.56000000,68.79000000
2012-10-04,68.92000000,69.03000000
2012-10-05,69.36000000,68.66000000
2012-10-08,68.26000000,68.03000000
2012-10-09,67.85000000,66.95000000
2012-10-10,66.94000000,66.61000000
2012-10-11,67.13000000,66.40000000
2012-10-12,66.42000000,66.37000000
2012-10-15,66.63000000,66.86000000
2012-10-16,66.98000000,67.80000000
2012-10-17,67.43000000,67.76000000
2012-10-18,67.55000000,66.98000000
2012-10-19,66.90000000,65.37000000
2012-10-22,65.31000000,65.71000000
2012-10-23,65.18000000,65.09000000
2012-10-24,65.45000000,64.86000000
2012-10-25,65.30000000,64.86000000
2012-10-26,64.88000000,65.05000000
2012-10-31,65.01000000,64.65000000
2012-11-01,65.02000000,65.57000000
2012-11-02,65.90000000,64.87000000
2012-11-05,64.89000000,65.29000000
2012-11-06,65.40000000,65.41000000
2012-11-07,64.74000000,63.87000000
2012-11-08,64.03000000,62.87000000
2012-11-09,62.90000000,63.13000000
2012-11-12,63.49000000,63.12000000
2012-11-13,62.63000000,62.69000000
2012-11-14,62.98000000,61.95000000
2012-11-15,62.00000000,61.74000000
2012-11-16,61.79000000,62.01000000
2012-11-19,62.68000000,63.48000000
2012-11-20,63.47000000,63.50000000
2012-11-21,63.53000000,63.63000000
2012-11-23,64.02000000,64.60000000
2012-11-26,64.47000000,64.88000000
2012-11-27,64.86000000,64.66000000
2012-11-28,64.36000000,65.21000000
2012-11-29,65.51000000,65.60000000
2012-11-30,65.61000000,65.49000000
2012-12-03,66.01000000,65.36000000
2012-12-04,65.38000000,65.32000000
2012-12-05,65.22000000,64.60000000
2012-12-06,64.41000000,65.02000000
2012-12-07,65.34000000,64.63000000
2012-12-10,64.45000000,64.82000000
2012-12-11,65.27000000,65.66000000
2012-12-12,65.98000000,65.52000000
2012-12-13,65.40000000,65.01000000
2012-12-14,64.60000000,64.39000000
2012-12-17,64.43000000,65.24000000
2012-12-18,65.54000000,66.24000000
2012-12-19,66.41000000,65.95000000
2012-12-20,66.07000000,65.95000000
2012-12-21,64.59000000,64.90000000
2012-12-24,64.76000000,64.77000000
2012-12-26,64.78000000,64.20000000
2012-12-27,64.26000000,64.10000000
2012-12-28,63.63000000,63.48000000
2012-12-31,63.38000000,64.83000000
2013-01-02,66.38000000,66.89000000
2013-01-03,66.89000000,66.54000000
2013-01-04,66.56000000,66.32000000
2013-01-07,66.15000000,66.34000000
2013-01-08,66.33000000,66.21000000
2013-01-09,66.31000000,66.46000000
2013-01-10,66.90000000,66.86000000
2013-01-11,66.83000000,66.95000000
2013-01-14,66.59000000,66.65000000
2013-01-15,66.32000000,66.32000000
2013-01-16,66.44000000,66.59000000
2013-01-17,66.87000000,66.91000000
2013-01-18,66.70000000,66.76000000
2013-01-22,66.84000000,66.87000000
2013-01-23,67.25000000,67.28000000
2013-01-24,66.38000000,66.35000000
2013-01-25,66.58000000,66.69000000
2013-01-28,66.70000000,66.84000000
2013-01-29,66.75000000,66.85000000
2013-01-30,66.97000000,66.71000000
2013-01-31,66.68000000,66.56000000
2013-02-01,67.03000000,67.34000000
2013-02-04,66.94000000,66.17000000
2013-02-05,66.45000000,67.15000000
2013-02-06,66.91000000,66.93000000
2013-02-07,67.02000000,66.99000000
2013-02-08,67.32000000,67.67000000
2013-02-11,67.70000000,67.69000000
2013-02-12,67.60000000,67.41000000
2013-02-13,67.61000000,67.65000000
2013-02-14,67.32000000,67.63000000
2013-02-15,67.63000000,67.43000000
2013-02-19,67.57000000,67.92000000
2013-02-20,67.92000000,66.88000000
2013-02-21,66.65000000,66.16000000
2013-02-22,66.53000000,66.83000000
2013-02-25,67.29000000,66.00000000
2013-02-26,66.11000000,66.25000000
2013-02-27,66.26000000,66.93000000
2013-02-28,66.93000000,66.79000000
2013-03-01,66.55000000,67.07000000
2013-03-04,66.88000000,67.36000000
2013-03-05,67.78000000,68.36000000
2013-03-06,68.57000000,68.19000000
2013-03-07,68.25000000,68.37000000
2013-03-08,68.61000000,68.45000000
2013-03-11,68.36000000,68.65000000
2013-03-12,68.47000000,68.40000000
2013-03-13,68.48000000,68.31000000
2013-03-14,68.55000000,68.54000000
2013-03-15,68.43000000,68.19000000
2013-03-18,67.57000000,68.04000000
2013-03-19,68.22000000,67.91000000
2013-03-20,68.42000000,68.39000000
2013-03-21,67.77000000,67.61000000
2013-03-22,67.89000000,68.27000000
2013-03-25,68.49000000,68.02000000
2013-03-26,68.28000000,68.39000000
2013-03-27,67.93000000,68.48000000
2013-03-28,68.49000000,68.65000000
2013-04-01,68.69000000,68.18000000
2013-04-02,68.49000000,68.72000000
2013-04-03,68.76000000,68.09000000
2013-04-04,68.09000000,68.11000000
2013-04-05,67.04000000,67.54000000
2013-04-08,67.56000000,67.90000000
2013-04-09,68.10000000,68.36000000
2013-04-10,68.57000000,69.69000000
2013-04-11,69.51000000,69.66000000
2013-04-12,69.52000000,69.61000000
2013-04-15,69.36000000,68.24000000
2013-04-16,68.67000000,69.15000000
2013-04-17,68.52000000,67.80000000
2013-04-18,68.01000000,66.86000000
2013-04-19,67.00000000,67.77000000
2013-04-22,68.01000000,68.47000000
2013-04-23,68.88000000,69.13000000
2013-04-24,68.94000000,69.10000000
2013-04-25,69.31000000,69.46000000
2013-04-26,69.30000000,69.25000000
2013-04-29,69.45000000,69.88000000
2013-04-30,69.96000000,70.39000000
2013-05-01,70.38000000,70.06000000
2013-05-02,70.18000000,70.95000000
2013-05-03,71.60000000,71.78000000
2013-05-06,71.91000000,72.06000000
2013-05-07,72.16000000,72.02000000
2013-05-08,71.97000000,72.37000000
2013-05-09,72.21000000,72.27000000
2013-05-10,72.39000000,72.71000000
2013-05-13,72.59000000,72.80000000
2013-05-14,72.79000000,73.18000000
2013-05-15,73.04000000,73.33000000
2013-05-16,73.43000000,73.25000000
2013-05-17,73.61000000,73.95000000
2013-05-20,73.74000000,73.84000000
2013-05-21,73.83000000,73.92000000
2013-05-22,74.01000000,73.28000000
2013-05-23,72.61000000,73.11000000
2013-05-24,72.62000000,73.07000000
2013-05-28,73.90000000,73.55000000
2013-05-29,73.25000000,73.20000000
2013-05-30,73.23000000,73.59000000
2013-05-31,73.31000000,72.91000000
2013-06-03,72.97000000,73.04000000
2013-06-04,73.18000000,72.66000000
2013-06-05,72.43000000,71.71000000
2013-06-06,71.81000000,72.06000000
2013-06-07,72.39000000,73.05000000
2013-06-10,73.21000000,73.08000000
2013-06-11,72.33000000,72.35000000
2013-06-12,72.78000000,71.52000000
2013-06-13,71.43000000,72.42000000
2013-06-14,72.42000000,71.94000000
2013-06-17,72.54000000,72.64000000
2013-06-18,72.73000000,73.24000000
2013-06-19,73.23000000,72.42000000
2013-06-20,71.59000000,70.69000000
2013-06-21,70.45000000,70.10000000
2013-06-24,69.51000000,69.41000000
2013-06-25,70.08000000,69.91000000
2013-06-26,70.49000000,70.54000000
2013-06-27,70.89000000,70.84000000
2013-06-28,70.59000000,70.94000000
2013-07-01,71.43000000,71.38000000
2013-07-02,71.35000000,71.41000000
2013-07-03,71.15000000,71.70000000
2013-07-05,72.11000000,72.24000000
2013-07-08,72.60000000,72.31000000
2013-07-09,72.64000000,72.75000000
2013-07-10,72.66000000,73.17000000
2013-07-11,73.94000000,74.62000000
2013-07-12,74.67000000,74.95000000
2013-07-15,75.01000000,75.12000000
2013-07-16,75.19000000,75.02000000
2013-07-17,75.25000000,75.21000000
2013-07-18,75.19000000,75.02000000
2013-07-19,74.37000000,74.24000000
2013-07-22,74.52000000,74.46000000
2013-07-23,74.60000000,73.91000000
2013-07-24,74.64000000,74.15000000
2013-07-25,74.54000000,74.62000000
2013-07-26,74.32000000,75.02000000
2013-07-29,74.87000000,74.88000000
2013-07-30,75.15000000,75.28000000
2013-07-31,75.42000000,75.42000000
2013-08-01,75.94000000,76.18000000
2013-08-02,76.20000000,76.61000000
2013-08-05,76.53000000,76.66000000
2013-08-06,76.56000000,76.20000000
2013-08-07,76.00000000,76.06000000
2013-08-08,76.48000000,76.44000000
2013-08-09,76.34000000,76.13000000
2013-08-12,75.85000000,76.31000000
2013-08-13,76.41000000,76.74000000
2013-08-14,76.71000000,76.45000000
2013-08-15,75.63000000,75.16000000
2013-08-16,75.19000000,75.13000000
2013-08-19,75.15000000,75.00000000
2013-08-20,75.14000000,75.33000000
2013-08-21,75.11000000,75.07000000
2013-08-22,75.38000000,75.81000000
2013-08-23,76.37000000,76.31000000
2013-08-26,76.36000000,76.35000000
2013-08-27,75.47000000,74.79000000
2013-08-28,74.73000000,75.08000000
2013-08-29,75.05000000,75.61000000
2013-08-30,75.69000000,75.12000000
2013-09-03,75.75000000,75.55000000
2013-09-04,75.79000000,76.35000000
2013-09-05,76.39000000,76.48000000
2013-09-06,76.73000000,76.57000000
2013-09-09,76.87000000,77.47000000
2013-09-10,77.91000000,77.85000000
2013-09-11,77.33000000,77.70000000
2013-09-12,77.70000000,77.65000000
2013-09-13,77.75000000,77.70000000
2013-09-16,78.32000000,77.49000000
2013-09-17,77.63000000,78.00000000
2013-09-18,78.12000000,78.94000000
2013-09-19,79.17000000,79.13000000
2013-09-20,79.10000000,78.62000000
2013-09-23,78.97000000,78.46000000
2013-09-24,78.63000000,78.46000000
2013-09-25,78.51000000,78.19000000
2013-09-26,78.50000000,78.80000000
2013-09-27,78.37000000,78.70000000
2013-09-30,77.91000000,78.51000000
2013-10-01,78.50000000,79.31000000
2013-10-02,78.76000000,79.28000000
2013-10-03,79.18000000,78.35000000
2013-10-04,78.35000000,79.03000000
2013-10-07,78.35000000,78.37000000
2013-10-08,78.39000000,76.86000000
2013-10-09,77.04000000,76.62000000
2013-10-10,77.44000000,78.24000000
2013-10-11,78.04000000,78.86000000
2013-10-14,78.37000000,79.42000000
2013-10-15,79.36000000,79.11000000
2013-10-16,79.46000000,80.01000000
2013-10-17,79.63000000,80.46000000
2013-10-18,81.18000000,81.77000000
2013-10-21,81.93000000,81.95000000
2013-10-22,82.24000000,82.07000000
2013-10-23,81.66000000,81.57000000
2013-10-24,81.61000000,81.93000000
2013-10-25,82.71000000,82.51000000
2013-10-28,82.51000000,82.53000000
2013-10-29,82.77000000,82.67000000
2013-10-30,82.97000000,82.59000000
2013-10-31,82.38000000,82.40000000
2013-11-01,82.65000000,82.42000000
2013-11-04,82.66000000,82.54000000
2013-11-05,82.21000000,82.63000000
2013-11-06,82.96000000,82.61000000
2013-11-07,82.60000000,81.06000000
2013-11-08,81.35000000,82.16000000
2013-11-11,82.01000000,82.03000000
2013-11-12,81.78000000,82.16000000
2013-11-13,81.63000000,83.15000000
2013-11-14,82.90000000,83.41000000
2013-11-15,83.44000000,83.57000000
2013-11-18,83.55000000,82.75000000
2013-11-19,82.70000000,82.51000000
2013-11-20,82.75000000,82.31000000
2013-11-21,82.64000000,83.15000000
2013-11-22,83.30000000,83.60000000
2013-11-25,83.90000000,83.80000000
2013-11-26,83.83000000,84.24000000
2013-11-27,84.40000000,84.82000000
2013-11-29,85.14000000,85.33000000
2013-12-02,85.43000000,85.08000000
2013-12-03,85.02000000,85.01000000
2013-12-04,84.66000000,85.09000000
2013-12-05,85.17000000,84.98000000
2013-12-06,85.70000000,85.60000000
2013-12-09,85.95000000,85.95000000
2013-12-10,85.79000000,85.89000000
2013-12-11,85.87000000,84.78000000
2013-12-12,84.84000000,84.56000000
2013-12-13,84.96000000,84.45000000
2013-12-16,84.87000000,84.92000000
2013-12-17,84.92000000,84.75000000
2013-12-18,84.82000000,85.74000000
2013-12-19,85.59000000,85.50000000
2013-12-20,85.35000000,86.10000000
2013-12-23,86.78000000,87.00000000
2013-12-24,87.02000000,87.04000000
2013-12-26,87.19000000,87.33000000
2013-12-27,87.42000000,87.11000000
2013-12-30,86.99000000,86.98000000
2013-12-31,87.13000000,87.55000000
2014-01-02,87.14000000,86.86000000
2014-01-03,86.86000000,86.24000000
2014-01-06,86.25000000,85.92000000
2014-01-07,86.30000000,86.71000000
2014-01-08,86.70000000,86.90000000
2014-01-09,87.21000000,86.61000000
2014-01-10,86.83000000,86.89000000
2014-01-13,86.77000000,85.61000000
2014-01-14,85.90000000,87.24000000
2014-01-15,87.59000000,87.96000000
2014-01-16,87.87000000,87.97000000
2014-01-17,87.71000000,87.47000000
2014-01-21,88.02000000,88.14000000
2014-01-22,88.34000000,88.37000000
2014-01-23,88.09000000,88.07000000
2014-01-24,87.65000000,86.34000000
2014-01-27,86.37000000,85.50000000
2014-01-28,85.02000000,85.45000000
2014-01-29,84.70000000,84.53000000
2014-01-30,85.59000000,86.10000000
2014-01-31,85.14000000,85.87000000
2014-02-03,85.74000000,83.90000000
2014-02-04,84.31000000,84.51000000
2014-02-05,84.25000000,84.30000000
2014-02-06,84.54000000,85.37000000
2014-02-07,85.87000000,86.89000000
2014-02-10,86.82000000,87.39000000
2014-02-11,87.53000000,88.39000000
2014-02-12,88.56000000,88.56000000
2014-02-13,87.90000000,89.21000000
2014-02-14,89.14000000,89.39000000
2014-02-18,89.51000000,89.83000000
2014-02-19,89.65000000,89.21000000
2014-02-20,89.28000000,89.63000000
2014-02-21,89.91000000,89.51000000
2014-02-24,89.68000000,89.99000000
2014-02-25,90.10000000,89.89000000
2014-02-26,90.15000000,89.81000000
2014-02-27,89.82000000,90.39000000
2014-02-28,90.36000000,90.29000000
2014-03-03,89.43000000,89.62000000
2014-03-04,90.58000000,90.76000000
2014-03-05,90.92000000,91.01000000
2014-03-06,91.20000000,90.93000000
2014-03-07,91.22000000,90.48000000
2014-03-10,90.43000000,90.56000000
2014-03-11,90.78000000,90.17000000
2014-03-12,89.77000000,90.51000000
2014-03-13,90.85000000,89.23000000
2014-03-14,88.94000000,88.62000000
2014-03-17,89.19000000,89.40000000
2014-03-18,89.50000000,90.48000000
2014-03-19,90.51000000,89.99000000
2014-03-20,89.73000000,90.24000000
2014-03-21,90.56000000,88.95000000
2014-03-24,89.27000000,88.17000000
2014-03-25,88.64000000,88.46000000
2014-03-26,88.91000000,87.32000000
2014-03-27,87.22000000,86.83000000
2014-03-28,87.10000000,87.00000000
2014-03-31,87.68000000,87.62000000
2014-04-01,88.05000000,89.16000000
2014-04-02,89.54000000,89.39000000
2014-04-03,89.50000000,88.68000000
2014-04-04,89.24000000,86.32000000
2014-04-07,85.79000000,85.51000000
2014-04-08,85.61000000,86.29000000
2014-04-09,86.62000000,87.77000000
2014-04-10,87.82000000,85.06000000
2014-04-11,84.30000000,84.07000000
2014-04-14,84.81000000,84.73000000
2014-04-15,85.02000000,85.01000000
2014-04-16,85.78000000,86.13000000
2014-04-17,85.84000000,86.15000000
2014-04-21,86.36000000,86.79000000
2014-04-22,87.05000000,87.48000000
2014-04-23,87.50000000,86.71000000
2014-04-24,88.15000000,87.54000000
2014-04-25,87.03000000,86.14000000
2014-04-28,86.53000000,86.42000000
2014-04-29,86.70000000,87.11000000
2014-04-30,86.74000000,87.34000000
2014-05-01,87.48000000,87.60000000
2014-05-02,87.89000000,87.44000000
2014-05-05,86.93000000,87.90000000
2014-05-06,87.78000000,86.76000000
2014-05-07,86.95000000,86.51000000
2014-05-08,86.21000000,86.43000000
2014-05-09,86.36000000,86.75000000
2014-05-12,87.26000000,88.18000000
2014-05-13,88.27000000,88.24000000
2014-05-14,87.98000000,87.78000000
2014-05-15,87.76000000,87.09000000
2014-05-16,87.19000000,87.66000000
2014-05-19,87.42000000,88.27000000
2014-05-20,88.23000000,87.95000000
2014-05-21,88.11000000,88.79000000
2014-05-22,88.89000000,89.18000000
2014-05-23,89.28000000,89.83000000
2014-05-27,90.23000000,90.95000000
2014-05-28,90.92000000,90.67000000
2014-05-29,91.00000000,91.25000000
2014-05-30,91.28000000,91.26000000
2014-06-02,91.38000000,91.17000000
2014-06-03,90.86000000,91.13000000
2014-06-04,90.91000000,91.47000000
2014-06-05,91.56000000,92.24000000
2014-06-06,92.61000000,92.77000000
2014-06-09,92.80000000,92.70000000
2014-06-10,92.62000000,92.86000000
2014-06-11,92.54000000,92.84000000
2014-06-12,92.64000000,92.00000000
2014-06-13,92.42000000,92.27000000
2014-06-16,92.11000000,92.35000000
2014-06-17,92.29000000,92.40000000
2014-06-18,92.50000000,92.92000000
2014-06-19,93.05000000,92.86000000
2014-06-20,92.65000000,92.72000000
2014-06-23,92.69000000,92.74000000
2014-06-24,92.74000000,92.65000000
2014-06-25,92.44000000,93.24000000
2014-06-26,93.30000000,93.29000000
2014-06-27,93.16000000,93.70000000
2014-06-30,93.66000000,93.86000000
2014-07-01,94.16000000,94.89000000
2014-07-02,94.93000000,95.05000000
2014-07-03,95.36000000,95.65000000
2014-07-07,95.54000000,95.36000000
2014-07-08,95.19000000,94.21000000
2014-07-09,94.46000000,94.91000000
2014-07-10,93.73000000,94.61000000
2014-07-11,94.82000000,95.22000000
2014-07-14,95.65000000,95.79000000
2014-07-15,95.93000000,95.46000000
2014-07-16,96.14000000,95.84000000
2014-07-17,95.58000000,94.57000000
2014-07-18,95.09000000,96.07000000
2014-07-21,95.87000000,95.95000000
2014-07-22,96.39000000,96.56000000
2014-07-23,96.89000000,97.18000000
2014-07-24,97.35000000,97.07000000
2014-07-25,96.60000000,96.69000000
2014-07-28,96.75000000,96.72000000
2014-07-29,96.92000000,96.55000000
2014-07-30,97.08000000,96.93000000
2014-07-31,96.15000000,94.97000000
2014-08-01,94.78000000,94.62000000
2014-08-04,94.85000000,95.27000000
2014-08-05,94.89000000,94.54000000
2014-08-06,93.94000000,94.47000000
2014-08-07,94.90000000,94.17000000
2014-08-08,94.33000000,94.85000000
2014-08-11,95.20000000,95.41000000
2014-08-12,95.33000000,95.37000000
2014-08-13,95.76000000,96.38000000
2014-08-14,96.49000000,96.88000000
2014-08-15,97.41000000,97.35000000
2014-08-18,97.84000000,98.10000000
2014-08-19,98.33000000,98.65000000
2014-08-20,98.56000000,98.65000000
2014-08-21,98.71000000,98.85000000
2014-08-22,98.89000000,99.00000000
2014-08-25,99.47000000,99.35000000
2014-08-26,99.48000000,99.45000000
2014-08-27,99.48000000,99.47000000
2014-08-28,99.15000000,99.36000000
2014-08-29,99.60000000,99.73000000
2014-09-02,99.99000000,100.02000000
2014-09-03,100.27000000,99.43000000
2014-09-04,99.68000000,99.34000000
2014-09-05,99.53000000,99.84000000
2014-09-08,99.84000000,100.03000000
2014-09-09,100.01000000,99.20000000
2014-09-10,99.33000000,100.02000000
2014-09-11,99.60000000,99.94000000
2014-09-12,99.85000000,99.43000000
2014-09-15,99.54000000,98.47000000
2014-09-16,98.11000000,99.33000000
2014-09-17,99.32000000,99.48000000
2014-09-18,99.78000000,100.23000000
2014-09-19,100.41000000,99.93000000
2014-09-22,99.69000000,99.00000000
2014-09-23,98.62000000,98.73000000
2014-09-24,98.82000000,99.79000000
2014-09-25,99.48000000,97.69000000
2014-09-26,98.00000000,98.73000000
2014-09-29,97.75000000,98.60000000
2014-09-30,98.87000000,98.74000000
2014-10-01,98.49000000,97.16000000
2014-10-02,97.14000000,97.16000000
2014-10-03,97.71000000,98.12000000
2014-10-06,98.42000000,97.91000000
2014-10-07,97.43000000,96.52000000
2014-10-08,96.61000000,98.40000000
2014-10-09,98.28000000,96.81000000
2014-10-10,96.24000000,94.39000000
2014-10-13,94.24000000,92.91000000
2014-10-14,93.55000000,92.92000000
2014-10-15,91.50000000,92.32000000
2014-10-16,90.38000000,91.74000000
2014-10-17,92.94000000,92.95000000
2014-10-20,92.91000000,94.34000000
2014-10-21,95.49000000,96.82000000
2014-10-22,97.11000000,96.32000000
2014-10-23,97.27000000,97.77000000
2014-10-24,97.91000000,98.57000000
2014-10-27,98.35000000,98.64000000
2014-10-28,99.05000000,100.13000000
2014-10-29,99.79000000,99.76000000
2014-10-30,99.32000000,99.97000000
2014-10-31,101.62000000,101.35000000
2014-11-03,101.48000000,101.65000000
2014-11-04,101.31000000,101.31000000
2014-11-05,101.96000000,101.32000000
2014-11-06,101.27000000,101.64000000
2014-11-07,101.82000000,101.55000000
2014-11-10,101.60000000,101.91000000
2014-11-11,101.93000000,102.23000000
2014-11-12,101.82000000,102.41000000
2014-11-13,102.60000000,102.85000000
2014-11-14,102.82000000,103.17000000
2014-11-17,102.93000000,102.86000000
2014-11-18,102.95000000,103.63000000
2014-11-19,103.52000000,103.16000000
2014-11-20,102.72000000,103.62000000
2014-11-21,104.54000000,103.82000000
2014-11-24,104.10000000,104.63000000
2014-11-25,104.78000000,104.78000000
2014-11-26,104.88000000,105.46000000
2014-11-28,105.74000000,105.95000000
2014-12-01,105.66000000,104.75000000
2014-12-02,104.86000000,105.17000000
2014-12-03,105.33000000,105.36000000
2014-12-04,105.26000000,105.31000000
2014-12-05,105.48000000,105.32000000
2014-12-08,105.05000000,104.58000000
2014-12-09,103.36000000,104.90000000
2014-12-10,104.71000000,103.26000000
2014-12-11,103.56000000,103.75000000
2014-12-12,102.76000000,102.62000000
2014-12-15,103.15000000,101.56000000
2014-12-16,100.92000000,99.93000000
2014-12-17,100.00000000,101.75000000
2014-12-18,103.21000000,104.20000000
2014-12-19,103.92000000,104.27000000
2014-12-22,104.10000000,104.53000000
2014-12-23,104.90000000,104.16000000
2014-12-24,104.29000000,104.25000000
2014-12-26,104.55000000,104.98000000
2014-12-29,104.88000000,104.96000000
2014-12-30,104.67000000,104.27000000
2014-12-31,104.45000000,103.20000000
2015-01-02,103.71000000,102.89000000
2015-01-05,102.44000000,101.38000000
2015-01-06,101.53000000,100.02000000
2015-01-07,100.68000000,101.31000000
2015-01-08,102.17000000,103.25000000
2015-01-09,103.57000000,102.57000000
2015-01-12,102.77000000,101.50000000
2015-01-13,102.49000000,101.47000000
2015-01-14,100.45000000,100.91000000
2015-01-15,101.38000000,99.60000000
2015-01-16,99.47000000,100.77000000
2015-01-20,101.38000000,101.57000000
2015-01-21,101.27000000,102.09000000
2015-01-22,102.49000000,103.98000000
2015-01-23,103.97000000,104.21000000
2015-01-26,104.09000000,104.09000000
2015-01-27,102.45000000,101.39000000
2015-01-28,103.02000000,100.87000000
2015-01-29,100.79000000,101.84000000
2015-01-30,101.75000000,101.05000000
2015-02-02,101.28000000,101.93000000
2015-02-03,102.30000000,102.91000000
2015-02-04,102.49000000,102.82000000
2015-02-05,103.08000000,103.71000000
2015-02-06,103.87000000,103.08000000
2015-02-09,102.68000000,102.75000000
2015-02-10,103.32000000,104.35000000
2015-02-11,104.47000000,104.72000000
2015-02-12,105.40000000,105.94000000
2015-02-13,106.24000000,106.85000000
2015-02-17,106.85000000,106.95000000
2015-02-18,106.82000000,107.10000000
2015-02-19,107.03000000,107.63000000
2015-02-20,107.56000000,108.35000000
2015-02-23,108.29000000,108.46000000
2015-02-24,108.32000000,108.54000000
2015-02-25,108.38000000,108.27000000
2015-02-26,108.38000000,108.82000000
2015-02-27,108.78000000,108.34000000
2015-03-02,108.55000000,109.32000000
2015-03-03,108.99000000,108.81000000
2015-03-04,108.45000000,108.39000000
2015-03-05,108.67000000,108.58000000
2015-03-06,108.44000000,107.35000000
2015-03-09,107.57000000,107.66000000
2015-03-10,106.89000000,105.66000000
2015-03-11,105.82000000,105.05000000
2015-03-12,104.97000000,105.74000000
2015-03-13,105.64000000,105.28000000
2015-03-16,105.67000000,106.64000000
2015-03-17,106.35000000,106.81000000
2015-03-18,106.52000000,107.86000000
2015-03-19,107.97000000,108.02000000
2015-03-20,108.66000000,108.47000000
2015-03-23,108.41000000,108.26000000
2015-03-24,108.25000000,107.87000000
2015-03-25,108.04000000,105.40000000
2015-03-26,104.54000000,105.04000000
2015-03-27,105.02000000,105.46000000
2015-03-30,106.10000000,106.67000000
2015-03-31,106.37000000,105.54000000
2015-04-01,105.54000000,104.99000000
2015-04-02,105.09000000,105.06000000
2015-04-06,104.45000000,105.92000000
2015-04-07,105.86000000,105.74000000
2015-04-08,105.78000000,106.58000000
2015-04-09,106.53000000,107.25000000
2015-04-10,107.21000000,107.69000000
2015-04-13,107.77000000,107.42000000
2015-04-14,107.31000000,107.11000000
2015-04-15,107.39000000,107.78000000
2015-04-16,107.49000000,107.63000000
2015-04-17,106.60000000,105.95000000
2015-04-20,106.48000000,107.54000000
2015-04-21,108.16000000,108.00000000
2015-04-22,108.28000000,108.59000000
2015-04-23,108.22000000,109.00000000
2015-04-24,110.15000000,110.48000000
2015-04-27,110.89000000,110.20000000
2015-04-28,110.28000000,109.98000000
2015-04-29,109.37000000,109.29000000
2015-04-30,108.67000000,107.57000000
2015-05-01,107.99000000,108.99000000
2015-05-04,109.34000000,109.17000000
2015-05-05,108.74000000,107.39000000
2015-05-06,107.58000000,106.65000000
2015-05-07,106.62000000,107.29000000
2015-05-08,108.40000000,108.63000000
2015-05-11,108.70000000,108.21000000
2015-05-12,107.57000000,107.72000000
2015-05-13,108.19000000,107.94000000
2015-05-14,108.82000000,109.52000000
2015-05-15,109.80000000,109.52000000
2015-05-18,109.34000000,110.00000000
2015-05-19,110.12000000,109.88000000
2015-05-20,109.96000000,109.95000000
2015-05-21,109.76000000,110.52000000
2015-05-22,110.39000000,110.41000000
2015-05-26,110.17000000,109.14000000
2015-05-27,109.47000000,110.90000000
2015-05-28,110.69000000,110.65000000
2015-05-29,110.58000000,109.99000000
2015-06-01,110.58000000,110.36000000
2015-06-02,109.95000000,110.01000000
2015-06-03,110.51000000,110.34000000
2015-06-04,109.72000000,109.50000000
2015-06-05,109.37000000,109.24000000
2015-06-08,109.19000000,108.13000000
2015-06-09,107.87000000,107.95000000
2015-06-10,108.32000000,109.43000000
2015-06-11,109.80000000,109.59000000
2015-06-12,109.01000000,108.69000000
2015-06-15,107.88000000,108.15000000
2015-06-16,108.04000000,108.74000000
2015-06-17,108.92000000,109.04000000
2015-06-18,109.44000000,110.63000000
2015-06-19,110.43000000,109.83000000
2015-06-22,110.64000000,110.64000000
2015-06-23,110.76000000,110.73000000
2015-06-24,110.60000000,110.16000000
2015-06-25,110.59000000,109.94000000
2015-06-26,109.92000000,109.21000000
2015-06-29,108.00000000,106.63000000
2015-06-30,107.43000000,107.01000000
2015-07-01,108.07000000,107.86000000
2015-07-02,108.17000000,107.89000000
2015-07-06,107.21000000,107.64000000
2015-07-07,107.76000000,107.91000000
2015-07-08,107.14000000,106.03000000
2015-07-09,107.44000000,105.97000000
2015-07-10,107.38000000,107.59000000
2015-07-13,108.52000000,109.48000000
2015-07-14,109.63000000,110.20000000
2015-07-15,110.41000000,110.32000000
2015-07-16,111.23000000,111.88000000
2015-07-17,112.78000000,113.53000000
2015-07-20,113.77000000,113.92000000
2015-07-21,113.96000000,113.85000000
2015-07-22,112.11000000,112.56000000
2015-07-23,112.67000000,112.14000000
2015-07-24,112.74000000,111.04000000
2015-07-27,110.41000000,110.12000000
2015-07-28,110.61000000,111.07000000
2015-07-29,111.31000000,111.49000000
2015-07-30,111.23000000,112.02000000
2015-07-31,112.37000000,111.89000000
2015-08-03,111.91000000,111.54000000
2015-08-04,111.49000000,111.33000000
2015-08-05,111.95000000,112.19000000
2015-08-06,112.29000000,110.39000000
2015-08-07,110.12000000,110.25000000
2015-08-10,110.95000000,111.51000000
2015-08-11,110.92000000,110.08000000
2015-08-12,109.32000000,110.46000000
2015-08-13,110.57000000,110.28000000
2015-08-14,110.02000000,110.45000000
2015-08-17,110.18000000,111.37000000
2015-08-18,111.22000000,110.80000000
2015-08-19,110.46000000,110.07000000
2015-08-20,109.05000000,107.02000000
2015-08-21,105.51000000,102.35000000
2015-08-24,94.18000000,98.41000000
2015-08-25,102.02000000,98.04000000
2015-08-26,100.91000000,102.98000000
2015-08-27,104.47000000,105.58000000
2015-08-28,105.02000000,105.56000000
2015-08-31,104.97000000,104.26000000
2015-09-01,101.66000000,101.00000000
2015-09-02,102.83000000,103.85000000
2015-09-03,104.26000000,103.34000000
2015-09-04,101.92000000,102.11000000
2015-09-08,104.07000000,104.98000000
2015-09-09,106.22000000,103.81000000
2015-09-10,103.69000000,104.93000000
2015-09-11,104.46000000,105.51000000
2015-09-14,105.90000000,105.19000000
2015-09-15,105.44000000,106.43000000
2015-09-16,106.45000000,107.03000000
2015-09-17,106.92000000,107.07000000
2015-09-18,105.17000000,105.29000000
2015-09-21,105.87000000,105.62000000
2015-09-22,104.01000000,104.05000000
2015-09-23,104.33000000,104.13000000
2015-09-24,103.12000000,103.75000000
2015-09-25,104.85000000,102.87000000
2015-09-28,102.43000000,99.94000000
2015-09-29,100.19000000,99.42000000
2015-09-30,100.84000000,101.71000000
2015-10-01,101.89000000,102.17000000
2015-10-02,100.75000000,103.96000000
2015-10-05,104.72000000,105.44000000
2015-10-06,105.19000000,104.94000000
2015-10-07,105.60000000,105.57000000
2015-10-08,105.17000000,105.99000000
2015-10-09,106.04000000,106.47000000
2015-10-12,106.67000000,106.73000000
2015-10-13,106.12000000,106.04000000
2015-10-14,106.04000000,105.87000000
2015-10-15,106.26000000,107.61000000
2015-10-16,107.84000000,108.06000000
2015-10-19,107.92000000,108.68000000
2015-10-20,108.49000000,108.12000000
2015-10-21,108.67000000,107.46000000
2015-10-22,108.42000000,109.65000000
2015-10-23,112.60000000,112.72000000
2015-10-26,112.64000000,112.79000000
2015-10-27,112.49000000,113.02000000
2015-10-28,113.19000000,113.96000000
2015-10-29,113.44000000,113.78000000
2015-10-30,113.83000000,113.27000000
2015-11-02,113.57000000,114.55000000
2015-11-03,114.32000000,114.95000000
2015-11-04,115.33000000,114.96000000
2015-11-05,115.06000000,114.65000000
2015-11-06,114.43000000,114.73000000
2015-11-09,114.30000000,113.51000000
2015-11-10,112.91000000,113.22000000
2015-11-11,113.53000000,113.08000000
2015-11-12,112.59000000,111.98000000
2015-11-13,111.51000000,109.78000000
2015-11-16,109.68000000,111.36000000
2015-11-17,111.55000000,111.43000000
2015-11-18,111.88000000,113.57000000
2015-11-19,113.62000000,113.65000000
2015-11-20,114.18000000,114.42000000
2015-11-23,114.47000000,114.09000000
2015-11-24,113.36000000,113.99000000
2015-11-25,114.13000000,114.09000000
2015-11-27,114.33000000,114.25000000
2015-11-30,114.54000000,113.96000000
2015-12-01,114.41000000,115.10000000
2015-12-02,115.17000000,114.39000000
2015-12-03,114.70000000,112.45000000
2015-12-04,112.78000000,115.08000000
2015-12-07,115.16000000,114.56000000
2015-12-08,113.38000000,114.57000000
2015-12-09,114.05000000,112.83000000
2015-12-10,113.09000000,113.34000000
2015-12-11,112.03000000,110.73000000
2015-12-14,110.92000000,111.57000000
2015-12-15,112.54000000,112.25000000
2015-12-16,113.01000000,113.92000000
2015-12-17,114.40000000,112.26000000
2015-12-18,111.52000000,109.77000000
2015-12-21,110.81000000,110.99000000
2015-12-22,111.59000000,111.72000000
2015-12-23,112.28000000,112.55000000
2015-12-24,112.51000000,112.53000000
2015-12-28,112.26000000,112.47000000
2015-12-29,113.16000000,114.24000000
2015-12-30,114.10000000,113.21000000
2015-12-31,112.81000000,111.80000000
2016-01-04,109.37000000,109.44000000
2016-01-05,109.98000000,109.25000000
2016-01-06,107.37000000,108.20000000
2016-01-07,105.90000000,104.81000000
2016-01-08,105.61000000,103.96000000
2016-01-11,104.73000000,104.28000000
2016-01-12,105.25000000,105.48000000
2016-01-13,105.94000000,101.85000000
2016-01-14,102.25000000,104.02000000
2016-01-15,100.52000000,100.79000000
2016-01-19,102.15000000,101.01000000
2016-01-20,99.43000000,100.70000000
2016-01-21,101.14000000,100.80000000
2016-01-22,102.79000000,103.72000000
2016-01-25,103.41000000,102.18000000
2016-01-26,102.60000000,103.10000000
2016-01-27,102.50000000,100.53000000
2016-01-28,102.14000000,101.95000000
2016-01-29,101.95000000,104.08000000
2016-02-01,103.57000000,104.36000000
2016-02-02,103.92000000,102.10000000
2016-02-03,102.75000000,101.61000000
2016-02-04,101.30000000,101.60000000
2016-02-05,101.24000000,98.07000000
2016-02-08,96.28000000,96.57000000
2016-02-09,95.31000000,96.27000000
2016-02-10,97.45000000,96.64000000
2016-02-11,95.40000000,96.50000000
2016-02-12,97.63000000,97.97000000
2016-02-16,99.39000000,100.18000000
2016-02-17,100.96000000,102.45000000
2016-02-18,102.76000000,101.28000000
2016-02-19,100.86000000,101.58000000
2016-02-22,102.49000000,103.23000000
2016-02-23,102.62000000,101.53000000
2016-02-24,100.39000000,102.50000000
2016-02-25,102.71000000,103.51000000
2016-02-26,104.23000000,103.38000000
2016-02-29,103.26000000,102.45000000
2016-03-01,103.40000000,105.73000000
2016-03-02,105.57000000,105.77000000
2016-03-03,105.65000000,105.57000000
2016-03-04,105.70000000,105.61000000
2016-03-07,105.06000000,104.96000000
2016-03-08,104.25000000,104.10000000
2016-03-09,104.52000000,104.76000000
2016-03-10,105.25000000,104.61000000
2016-03-11,105.74000000,106.43000000
2016-03-14,106.02000000,106.61000000
2016-03-15,106.21000000,106.57000000
2016-03-16,106.31000000,107.52000000
2016-03-17,107.20000000,107.46000000
2016-03-18,107.40000000,107.31000000
2016-03-21,107.10000000,107.73000000
2016-03-22,107.12000000,108.06000000
2016-03-23,107.85000000,107.17000000
2016-03-24,106.61000000,107.20000000
2016-03-28,107.50000000,107.05000000
2016-03-29,106.87000000,108.77000000
2016-03-30,109.42000000,109.30000000
2016-03-31,109.24000000,109.14000000
2016-04-01,108.52000000,110.30000000
2016-04-04,110.25000000,109.88000000
2016-04-05,109.02000000,108.82000000
2016-04-06,108.94000000,110.61000000
2016-04-07,109.98000000,109.02000000
2016-04-08,109.71000000,108.94000000
2016-04-11,109.42000000,108.54000000
2016-04-12,108.60000000,109.45000000
2016-04-13,110.26000000,110.85000000
2016-04-14,109.94000000,110.86000000
2016-04-15,110.77000000,110.58000000
2016-04-18,110.27000000,111.17000000
2016-04-19,111.38000000,110.49000000
2016-04-20,110.48000000,110.58000000
2016-04-21,110.52000000,110.59000000
2016-04-22,109.15000000,108.92000000
2016-04-25,108.56000000,108.92000000
2016-04-26,109.14000000,108.39000000
2016-04-27,107.28000000,107.52000000
2016-04-28,107.63000000,106.22000000
2016-04-29,106.16000000,105.66000000
2016-05-02,105.91000000,106.66000000
2016-05-03,105.90000000,105.67000000
2016-05-04,105.06000000,104.99000000
2016-05-05,105.37000000,104.96000000
2016-05-06,104.46000000,105.52000000
2016-05-09,105.55000000,105.82000000
2016-05-10,106.20000000,107.27000000
2016-05-11,107.10000000,106.30000000
2016-05-12,106.62000000,105.83000000
2016-05-13,105.79000000,105.44000000
2016-05-16,105.61000000,106.76000000
2016-05-17,106.68000000,105.42000000
2016-05-18,105.23000000,105.80000000
2016-05-19,105.39000000,105.25000000
2016-05-20,105.68000000,106.41000000
2016-05-23,106.49000000,106.27000000
2016-05-24,106.86000000,108.40000000
2016-05-25,108.80000000,109.18000000
2016-05-26,109.29000000,109.50000000
2016-05-27,109.59000000,110.07000000
2016-05-31,110.22000000,110.28000000
2016-06-01,109.94000000,110.29000000
2016-06-02,110.07000000,110.52000000
2016-06-03,110.31000000,110.00000000
2016-06-06,110.19000000,110.40000000
2016-06-07,110.47000000,110.12000000
2016-06-08,110.31000000,110.31000000
2016-06-09,109.87000000,110.13000000
2016-06-10,109.14000000,108.88000000
2016-06-13,108.28000000,107.97000000
2016-06-14,107.72000000,107.97000000
2016-06-15,108.26000000,107.66000000
2016-06-16,107.11000000,107.98000000
2016-06-17,107.47000000,106.43000000
2016-06-20,107.67000000,107.10000000
2016-06-21,107.27000000,107.44000000
2016-06-22,107.52000000,107.18000000
2016-06-23,108.03000000,108.71000000
2016-06-24,104.75000000,104.24000000
2016-06-27,103.55000000,102.17000000
2016-06-28,103.28000000,104.41000000
2016-06-29,105.20000000,106.25000000
2016-06-30,106.46000000,107.48000000
2016-07-01,107.43000000,108.02000000
2016-07-05,107.52000000,107.36000000
2016-07-06,106.86000000,108.24000000
2016-07-07,108.33000000,108.56000000
2016-07-08,109.11000000,110.24000000
2016-07-11,110.62000000,110.87000000
2016-07-12,111.53000000,111.43000000
2016-07-13,111.73000000,111.16000000
2016-07-14,111.90000000,111.92000000
2016-07-15,112.16000000,111.74000000
2016-07-18,111.80000000,112.48000000
2016-07-19,112.11000000,112.07000000
2016-07-20,112.69000000,113.38000000
2016-07-21,113.46000000,113.12000000
2016-07-22,113.22000000,113.59000000
2016-07-25,113.50000000,113.60000000
2016-07-26,113.57000000,113.73000000
2016-07-27,114.70000000,114.52000000
2016-07-28,114.70000000,114.92000000
2016-07-29,115.18000000,115.17000000
2016-08-01,115.25000000,115.78000000
2016-08-02,115.62000000,114.90000000
2016-08-03,114.82000000,115.28000000
2016-08-04,115.26000000,115.61000000
2016-08-05,116.22000000,116.72000000
2016-08-08,116.76000000,116.59000000
2016-08-09,116.67000000,116.86000000
2016-08-10,116.90000000,116.56000000
2016-08-11,116.95000000,117.06000000
2016-08-12,116.85000000,117.14000000
2016-08-15,117.27000000,117.64000000
2016-08-16,117.41000000,116.99000000
2016-08-17,117.02000000,117.20000000
2016-08-18,117.09000000,117.23000000
2016-08-19,117.04000000,117.20000000
2016-08-22,117.03000000,117.29000000
2016-08-23,117.73000000,117.50000000
2016-08-24,117.43000000,116.74000000
2016-08-25,116.42000000,116.55000000
2016-08-26,116.60000000,116.72000000
2016-08-29,116.75000000,116.88000000
2016-08-30,116.67000000,116.50000000
2016-08-31,116.32000000,116.38000000
2016-09-01,116.42000000,116.68000000
2016-09-02,117.26000000,117.06000000
2016-09-06,117.23000000,117.79000000
2016-09-07,117.89000000,117.86000000
2016-09-08,117.51000000,117.17000000
2016-09-09,116.17000000,114.22000000
2016-09-12,113.58000000,116.27000000
2016-09-13,115.67000000,115.23000000
2016-09-14,115.37000000,115.78000000
2016-09-15,115.83000000,117.58000000
2016-09-16,117.16000000,117.23000000
2016-09-19,117.51000000,116.72000000
2016-09-20,117.13000000,116.94000000
2016-09-21,117.42000000,118.09000000
2016-09-22,118.79000000,119.03000000
2016-09-23,118.86000000,118.27000000
2016-09-26,117.60000000,117.28000000
2016-09-27,117.25000000,118.44000000
2016-09-28,118.56000000,118.64000000
2016-09-29,118.45000000,117.78000000
2016-09-30,118.08000000,118.66000000
2016-10-03,118.47000000,118.49000000
2016-10-04,118.80000000,118.31000000
2016-10-05,118.64000000,118.73000000
2016-10-06,118.57000000,118.67000000
2016-10-07,118.80000000,118.41000000
2016-10-10,119.00000000,119.16000000
2016-10-11,119.04000000,117.46000000
2016-10-12,117.51000000,117.36000000
2016-10-13,116.57000000,116.94000000
2016-10-14,117.52000000,117.08000000
2016-10-17,117.04000000,116.76000000
2016-10-18,118.12000000,117.80000000
2016-10-19,117.71000000,117.79000000
2016-10-20,117.62000000,117.65000000
2016-10-21,117.74000000,118.09000000
2016-10-24,118.87000000,119.51000000
2016-10-25,119.56000000,119.13000000
2016-10-26,118.35000000,118.32000000
2016-10-27,118.84000000,117.78000000
2016-10-28,117.41000000,117.04000000
2016-10-31,117.47000000,116.93000000
2016-11-01,117.13000000,116.05000000
2016-11-02,115.99000000,115.12000000
2016-11-03,114.96000000,113.99000000
2016-11-04,113.66000000,113.59000000
2016-11-07,115.39000000,116.29000000
2016-11-08,116.15000000,117.05000000
2016-11-09,115.65000000,117.59000000
2016-11-10,118.08000000,115.69000000
2016-11-11,115.15000000,115.74000000
2016-11-14,115.78000000,114.57000000
2016-11-15,115.41000000,116.16000000
2016-11-16,115.64000000,116.85000000
2016-11-17,116.80000000,117.70000000
2016-11-18,117.77000000,117.26000000
2016-11-21,117.54000000,118.48000000
2016-11-22,118.91000000,118.84000000
2016-11-23,118.45000000,118.36000000
2016-11-25,118.50000000,118.74000000
2016-11-28,118.58000000,118.47000000
2016-11-29,118.57000000,118.88000000
2016-11-30,119.00000000,117.44000000
2016-12-01,117.40000000,115.41000000
2016-12-02,115.51000000,115.64000000
2016-12-05,116.26000000,116.54000000
2016-12-06,116.82000000,116.82000000
2016-12-07,116.58000000,118.30000000
2016-12-08,118.34000000,118.51000000
2016-12-09,118.97000000,119.44000000
2016-12-12,118.89000000,118.90000000
2016-12-13,119.29000000,120.40000000
2016-12-14,120.50000000,120.15000000
2016-12-15,120.31000000,120.34000000
2016-12-16,120.22000000,119.54000000
2016-12-19,119.68000000,120.03000000
2016-12-20,120.37000000,120.49000000
2016-12-21,120.51000000,120.40000000
2016-12-22,120.40000000,120.06000000
2016-12-23,119.90000000,120.14000000
2016-12-27,120.38000000,120.76000000
2016-12-28,121.00000000,119.82000000
2016-12-29,119.80000000,119.65000000
2016-12-30,119.87000000,118.42000000
2017-01-03,119.25000000,119.48000000
2017-01-04,119.61000000,120.13000000
2017-01-05,120.10000000,120.81000000
2017-01-06,120.93000000,121.87000000
2017-01-09,121.97000000,122.27000000
2017-01-10,122.31000000,122.54000000
2017-01-11,122.57000000,122.87000000
2017-01-12,122.43000000,122.68000000
2017-01-13,122.75000000,123.10000000
2017-01-17,122.73000000,122.73000000
2017-01-18,122.90000000,122.98000000
2017-01-19,123.13000000,122.92000000
2017-01-20,123.45000000,123.19000000
2017-01-23,123.10000000,123.29000000
2017-01-24,123.53000000,124.11000000
2017-01-25,124.87000000,125.36000000
2017-01-26,125.52000000,125.49000000
2017-01-27,125.73000000,125.73000000
2017-01-30,125.30000000,124.75000000
2017-01-31,124.33000000,124.50000000
2017-02-01,125.35000000,125.36000000
2017-02-02,125.14000000,125.25000000
2017-02-03,125.42000000,125.61000000
2017-02-06,125.35000000,125.76000000
2017-02-07,125.99000000,126.22000000
2017-02-08,126.05000000,126.43000000
2017-02-09,126.56000000,126.89000000
2017-02-10,127.13000000,127.31000000
2017-02-13,127.69000000,128.03000000
2017-02-14,128.08000000,128.46000000
2017-02-15,128.37000000,129.22000000
2017-02-16,129.29000000,129.18000000
2017-02-17,129.02000000,129.74000000
2017-02-21,129.96000000,130.38000000
2017-02-22,130.25000000,130.43000000
2017-02-23,130.63000000,129.94000000
2017-02-24,129.40000000,130.19000000
2017-02-27,129.95000000,130.35000000
2017-02-28,130.32000000,129.95000000
2017-03-01,130.74000000,131.37000000
2017-03-02,131.36000000,130.71000000
2017-03-03,130.58000000,130.95000000
2017-03-06,130.49000000,130.66000000
2017-03-07,130.38000000,130.44000000
2017-03-08,130.50000000,130.67000000
2017-03-09,130.64000000,130.77000000
2017-03-10,131.35000000,131.32000000
2017-03-13,131.27000000,131.54000000
2017-03-14,131.24000000,131.22000000
2017-03-15,131.51000000,132.03000000
2017-03-16,132.26000000,131.94000000
2017-03-17,131.79000000,131.62000000
2017-03-20,131.58000000,131.74000000
2017-03-21,132.24000000,129.74000000
2017-03-22,129.82000000,130.62000000
2017-03-23,130.45000000,130.29000000
2017-03-24,130.71000000,130.56000000
2017-03-27,129.66000000,130.77000000
2017-03-28,130.74000000,131.57000000
2017-03-29,131.66000000,132.18000000
2017-03-30,132.15000000,132.40000000
2017-03-31,132.20000000,132.31000000
2017-04-03,132.41000000,132.23000000
2017-04-04,131.83000000,132.44000000
2017-04-05,132.61000000,131.90000000
2017-04-06,132.05000000,131.97000000
2017-04-07,131.92000000,131.90000000
2017-04-10,132.04000000,131.95000000
2017-04-11,131.79000000,131.38000000
2017-04-12,131.38000000,130.85000000
2017-04-13,130.68000000,130.33000000
2017-04-17,130.73000000,131.41000000
2017-04-18,130.94000000,131.21000000
2017-04-19,131.78000000,131.42000000
2017-04-20,131.97000000,132.52000000
2017-04-21,132.63000000,132.49000000
2017-04-24,133.95000000,134.09000000
2017-04-25,134.51000000,135.06000000
2017-04-26,135.10000000,134.87000000
2017-04-27,135.21000000,135.68000000
2017-04-28,136.21000000,135.92000000
2017-05-01,136.39000000,137.13000000
2017-05-02,137.31000000,137.36000000
2017-05-03,137.07000000,136.92000000
2017-05-04,136.94000000,136.97000000
2017-05-05,137.32000000,137.47000000
2017-05-08,137.54000000,137.77000000
2017-05-09,137.98000000,138.25000000
2017-05-10,138.33000000,138.33000000
2017-05-11,137.96000000,138.22000000
2017-05-12,138.30000000,138.53000000
2017-05-15,138.56000000,138.97000000
2017-05-16,139.29000000,139.55000000
2017-05-17,138.48000000,136.00000000
2017-05-18,135.99000000,137.19000000
2017-05-19,137.64000000,137.77000000
2017-05-22,138.07000000,138.93000000
2017-05-23,139.35000000,139.07000000
2017-05-24,139.49000000,139.71000000
2017-05-25,140.24000000,140.90000000
2017-05-26,140.93000000,141.15000000
2017-05-30,141.06000000,141.27000000
2017-05-31,141.73000000,141.22000000
2017-06-01,141.50000000,141.77000000
2017-06-02,142.27000000,143.38000000
2017-06-05,143.36000000,143.35000000
2017-06-06,143.20000000,142.78000000
2017-06-07,143.15000000,143.34000000
2017-06-08,143.66000000,143.49000000
2017-06-09,143.65000000,139.91000000
2017-06-12,138.77000000,139.16000000
2017-06-13,139.94000000,140.29000000
2017-06-14,140.85000000,139.68000000
2017-06-15,138.28000000,139.06000000
2017-06-16,138.65000000,138.08000000
2017-06-19,139.38000000,140.39000000
2017-06-20,140.24000000,139.29000000
2017-06-21,139.59000000,140.67000000
2017-06-22,140.87000000,140.63000000
2017-06-23,140.46000000,141.17000000
2017-06-26,141.93000000,140.51000000
2017-06-27,140.00000000,137.96000000
2017-06-28,138.47000000,139.95000000
2017-06-29,139.33000000,137.52000000
2017-06-30,137.93000000,137.57000000
2017-07-03,138.18000000,136.12000000
2017-07-05,136.50000000,137.46000000
2017-07-06,136.40000000,136.22000000
2017-07-07,136.67000000,137.69000000
2017-07-10,137.77000000,138.59000000
2017-07-11,138.37000000,138.98000000
2017-07-12,140.14000000,140.63000000
2017-07-13,140.78000000,140.94000000
2017-07-14,141.50000000,142.05000000
2017-07-17,142.18000000,142.12000000
2017-07-18,141.99000000,143.06000000
2017-07-19,143.45000000,143.90000000
2017-07-20,144.23000000,144.09000000
2017-07-21,143.54000000,144.03000000
2017-07-24,143.99000000,144.69000000
2017-07-25,144.21000000,144.32000000
2017-07-26,144.66000000,144.79000000
2017-07-27,145.78000000,143.88000000
2017-07-28,143.06000000,143.76000000
2017-07-31,144.14000000,143.15000000
2017-08-01,143.62000000,143.48000000
2017-08-02,144.37000000,143.87000000
2017-08-03,144.09000000,143.31000000
2017-08-04,143.57000000,143.57000000
2017-08-07,143.81000000,144.48000000
2017-08-08,144.19000000,144.23000000
2017-08-09,143.06000000,144.04000000
2017-08-10,143.25000000,140.96000000
2017-08-11,141.17000000,142.03000000
2017-08-14,143.15000000,143.85000000
2017-08-15,144.14000000,143.95000000
2017-08-16,144.29000000,144.20000000
2017-08-17,143.65000000,141.26000000
2017-08-18,141.36000000,141.16000000
2017-08-21,141.16000000,140.98000000
2017-08-22,141.73000000,143.12000000
2017-08-23,142.43000000,142.62000000
2017-08-24,142.95000000,142.20000000
2017-08-25,142.73000000,141.90000000
2017-08-28,142.34000000,142.34000000
2017-08-29,141.11000000,142.89000000
2017-08-30,143.03000000,144.57000000
2017-08-31,144.95000000,146.12000000
2017-09-01,146.28000000,145.92000000
2017-09-05,145.47000000,144.61000000
2017-09-06,144.98000000,145.05000000
2017-09-07,145.32000000,145.39000000
2017-09-08,145.20000000,144.13000000
2017-09-11,145.22000000,145.79000000
2017-09-12,146.17000000,146.14000000
2017-09-13,145.87000000,146.34000000
2017-09-14,145.77000000,145.48000000
2017-09-15,145.48000000,145.98000000
2017-09-18,145.80000000,145.47000000
2017-09-19,145.73000000,145.72000000
2017-09-20,145.67000000,145.27000000
2017-09-21,145.17000000,144.38000000
2017-09-22,143.92000000,144.24000000
2017-09-25,143.67000000,142.73000000
2017-09-26,143.43000000,143.09000000
2017-09-27,143.85000000,144.38000000
2017-09-28,144.06000000,144.33000000
2017-09-29,144.62000000,145.37000000
2017-10-02,145.59000000,145.50000000
2017-10-03,145.66000000,145.81000000
2017-10-04,145.52000000,145.95000000
2017-10-05,146.46000000,147.38000000
2017-10-06,146.89000000,147.58000000
2017-10-09,147.78000000,147.41000000
2017-10-10,147.90000000,147.52000000
2017-10-11,147.45000000,147.96000000
2017-10-12,147.76000000,147.69000000
2017-10-13,148.32000000,148.26000000
2017-10-16,148.62000000,148.77000000
2017-10-17,148.71000000,148.96000000
2017-10-18,149.13000000,148.78000000
2017-10-19,147.94000000,148.23000000
2017-10-20,148.83000000,148.63000000
2017-10-23,148.93000000,147.66000000
2017-10-24,147.92000000,147.91000000
2017-10-25,147.62000000,147.35000000
2017-10-26,147.28000000,146.88000000
2017-10-27,149.25000000,151.16000000
2017-10-30,151.00000000,151.50000000
2017-10-31,151.96000000,152.07000000
2017-11-01,152.67000000,152.02000000
2017-11-02,151.84000000,151.73000000
2017-11-03,152.31000000,153.19000000
2017-11-06,153.05000000,153.71000000
2017-11-07,153.59000000,153.80000000
2017-11-08,153.73000000,154.42000000
2017-11-09,153.18000000,153.61000000
2017-11-10,153.28000000,153.60000000
2017-11-13,153.04000000,153.79000000
2017-11-14,153.23000000,153.23000000
2017-11-15,152.53000000,152.51000000
2017-11-16,153.30000000,154.46000000
2017-11-17,154.50000000,153.87000000
2017-11-20,154.00000000,153.75000000
2017-11-21,154.48000000,155.42000000
2017-11-22,155.55000000,155.61000000
2017-11-24,155.78000000,156.18000000
2017-11-27,156.12000000,156.11000000
2017-11-28,156.44000000,156.51000000
2017-11-29,156.37000000,153.78000000
2017-11-30,154.38000000,155.07000000
2017-12-01,154.11000000,154.41000000
2017-12-04,155.39000000,152.63000000
2017-12-05,152.56000000,152.73000000
2017-12-06,152.18000000,153.42000000
2017-12-07,153.41000000,153.94000000
2017-12-08,155.02000000,154.62000000
2017-12-11,154.68000000,155.82000000
2017-12-12,155.73000000,155.61000000
2017-12-13,156.20000000,155.91000000
2017-12-14,156.20000000,155.80000000
2017-12-15,156.41000000,157.57000000
2017-12-18,158.21000000,158.56000000
2017-12-19,158.26000000,157.62000000
2017-12-20,158.17000000,157.45000000
2017-12-21,157.65000000,157.47000000
2017-12-22,157.23000000,157.29000000
2017-12-26,156.45000000,156.44000000
2017-12-27,156.44000000,156.46000000
2017-12-28,156.97000000,156.65000000
2017-12-29,156.82000000,155.68000000
2018-01-02,156.42000000,158.41000000
2018-01-03,158.53000000,159.95000000
2018-01-04,160.51000000,160.23000000
2018-01-05,160.96000000,161.83000000
2018-01-08,161.82000000,162.46000000
2018-01-09,162.76000000,162.47000000
2018-01-10,161.72000000,162.09000000
2018-01-11,162.39000000,163.20000000
2018-01-12,162.94000000,164.40000000
2018-01-16,165.46000000,163.93000000
2018-01-17,164.68000000,165.70000000
2018-01-18,165.46000000,165.73000000
2018-01-19,166.23000000,166.25000000
2018-01-22,166.18000000,168.03000000
2018-01-23,168.55000000,169.42000000
2018-01-24,169.72000000,168.32000000
2018-01-25,169.46000000,168.26000000
2018-01-26,169.18000000,170.84000000
2018-01-29,170.43000000,170.01000000
2018-01-30,168.46000000,168.61000000
2018-01-31,169.58000000,169.31000000
2018-02-01,168.03000000,167.87000000
2018-02-02,167.25000000,164.52000000
2018-02-05,163.04000000,158.04000000
2018-02-06,155.88000000,162.22000000
2018-02-07,161.71000000,160.13000000
2018-02-08,160.61000000,153.37000000
2018-02-09,155.58000000,156.02000000
2018-02-12,157.59000000,158.79000000
2018-02-13,157.90000000,159.61000000
2018-02-14,158.71000000,162.59000000
2018-02-15,164.05000000,165.61000000
2018-02-16,165.09000000,164.87000000
2018-02-20,164.30000000,165.20000000
2018-02-21,165.97000000,164.73000000
2018-02-22,165.45000000,164.71000000
2018-02-23,165.97000000,168.08000000
2018-02-26,168.84000000,170.31000000
2018-02-27,170.33000000,168.20000000
2018-02-28,169.16000000,167.12000000
2018-03-01,167.20000000,164.39000000
2018-03-02,162.50000000,165.90000000
2018-03-05,165.17000000,167.74000000
2018-03-06,168.52000000,168.45000000
2018-03-07,167.17000000,168.84000000
2018-03-08,169.45000000,169.77000000
2018-03-09,171.01000000,173.07000000
2018-03-12,173.56000000,173.99000000
2018-03-13,174.71000000,171.62000000
2018-03-14,172.49000000,171.59000000
2018-03-15,171.74000000,171.44000000
2018-03-16,171.69000000,170.93000000
2018-03-19,169.07000000,167.01000000
2018-03-20,167.01000000,167.56000000
2018-03-21,167.14000000,166.83000000
2018-03-22,164.61000000,162.71000000
2018-03-23,162.51000000,158.43000000
2018-03-26,161.60000000,164.31000000
2018-03-27,165.51000000,159.00000000
2018-03-28,158.17000000,157.17000000
2018-03-29,158.05000000,160.05000000
2018-04-02,158.92000000,155.43000000
2018-04-03,156.84000000,157.18000000
2018-04-04,154.19000000,159.66000000
2018-04-05,161.25000000,160.57000000
2018-04-06,158.86000000,156.55000000
2018-04-09,157.93000000,157.65000000
2018-04-10,160.05000000,161.13000000
2018-04-11,160.12000000,160.20000000
2018-04-12,161.22000000,162.12000000
2018-04-13,162.92000000,161.29000000
2018-04-16,162.36000000,162.51000000
2018-04-17,164.10000000,166.01000000
2018-04-18,166.03000000,166.35000000
2018-04-19,165.56000000,164.82000000
2018-04-20,164.40000000,162.21000000
2018-04-23,162.99000000,161.81000000
2018-04-24,162.53000000,158.38000000
2018-04-25,158.72000000,158.57000000
2018-04-26,160.64000000,161.90000000
2018-04-27,164.26000000,162.00000000
2018-04-30,162.39000000,160.86000000
2018-05-01,160.44000000,162.69000000
2018-05-02,163.01000000,161.74000000
2018-05-03,161.00000000,161.72000000
2018-05-04,161.03000000,164.78000000
2018-05-07,165.55000000,166.15000000
2018-05-08,165.74000000,165.98000000
2018-05-09,166.31000000,167.79000000
2018-05-10,168.34000000,169.53000000
2018-05-11,169.26000000,169.37000000
2018-05-14,169.75000000,169.66000000
2018-05-15,168.31000000,167.78000000
2018-05-16,168.01000000,168.89000000
2018-05-17,168.31000000,168.24000000
2018-05-18,167.62000000,167.37000000
2018-05-21,168.64000000,168.31000000
2018-05-22,169.06000000,168.09000000
2018-05-23,166.81000000,169.51000000
2018-05-24,169.47000000,169.46000000
2018-05-25,169.45000000,169.63000000
2018-05-29,168.82000000,168.88000000
2018-05-30,169.54000000,170.09000000
2018-05-31,170.04000000,169.98000000
2018-06-01,170.79000000,172.65000000
2018-06-04,173.07000000,174.21000000
2018-06-05,174.60000000,174.75000000
2018-06-06,174.93000000,175.77000000
2018-06-07,175.82000000,174.34000000
2018-06-08,173.48000000,174.35000000
2018-06-11,174.21000000,174.82000000
2018-06-12,175.06000000,175.74000000
2018-06-13,176.00000000,175.73000000
2018-06-14,176.53000000,177.51000000
2018-06-15,176.89000000,176.89000000
2018-06-18,175.44000000,176.41000000
2018-06-19,174.17000000,175.91000000
2018-06-20,176.70000000,177.16000000
2018-06-21,177.60000000,175.62000000
2018-06-22,176.22000000,175.23000000
2018-06-25,173.67000000,171.28000000
2018-06-26,171.90000000,171.98000000
2018-06-27,172.68000000,169.64000000
2018-06-28,169.43000000,171.10000000
2018-06-29,171.91000000,171.56000000
2018-07-02,169.95000000,172.71000000
2018-07-03,173.32000000,170.71000000
2018-07-05,171.82000000,172.83000000
2018-07-06,173.22000000,175.52000000
2018-07-09,176.40000000,177.10000000
2018-07-10,177.32000000,177.23000000
2018-07-11,175.87000000,176.33000000
2018-07-12,177.12000000,179.37000000
2018-07-13,179.33000000,179.52000000
2018-07-16,179.55000000,179.09000000
2018-07-17,177.21000000,180.18000000
2018-07-18,180.19000000,179.84000000
2018-07-19,179.25000000,178.94000000
2018-07-20,179.48000000,178.90000000
2018-07-23,178.36000000,179.47000000
2018-07-24,181.29000000,180.21000000
2018-07-25,180.27000000,182.72000000
2018-07-26,180.26000000,179.96000000
2018-07-27,181.16000000,177.53000000
2018-07-30,177.57000000,175.02000000
2018-07-31,175.66000000,176.36000000
2018-08-01,176.78000000,177.03000000
2018-08-02,175.78000000,179.44000000
2018-08-03,179.71000000,179.99000000
2018-08-06,179.88000000,181.04000000
2018-08-07,181.53000000,181.70000000
2018-08-08,181.45000000,181.92000000
2018-08-09,181.84000000,181.81000000
2018-08-10,180.59000000,180.43000000
2018-08-13,180.76000000,180.23000000
2018-08-14,180.91000000,181.35000000
2018-08-15,180.00000000,179.14000000
2018-08-16,180.48000000,179.73000000
2018-08-17,179.27000000,179.77000000
2018-08-20,180.19000000,179.61000000
2018-08-21,180.17000000,180.27000000
2018-08-22,179.87000000,180.96000000
2018-08-23,180.68000000,180.71000000
2018-08-24,181.30000000,182.38000000
2018-08-27,183.33000000,184.24000000
2018-08-28,184.70000000,184.51000000
2018-08-29,184.81000000,186.64000000
2018-08-30,186.31000000,186.31000000
2018-08-31,186.08000000,186.55000000
2018-09-04,186.00000000,185.75000000
2018-09-05,185.45000000,183.35000000
2018-09-06,183.44000000,181.71000000
2018-09-07,180.44000000,181.01000000
2018-09-10,182.02000000,181.62000000
2018-09-11,180.87000000,183.02000000
2018-09-12,182.77000000,182.48000000
2018-09-13,183.57000000,184.43000000
2018-09-14,184.56000000,183.89000000
2018-09-17,183.56000000,181.24000000
2018-09-18,181.42000000,182.74000000
2018-09-19,182.76000000,182.60000000
2018-09-20,183.85000000,184.62000000
2018-09-21,185.17000000,183.61000000
2018-09-24,181.95000000,183.79000000
2018-09-25,183.68000000,184.04000000
2018-09-26,184.15000000,184.17000000
2018-09-27,184.94000000,185.73000000
2018-09-28,185.15000000,185.69000000
2018-10-01,186.72000000,186.07000000
2018-10-02,185.85000000,185.65000000
2018-10-03,186.42000000,185.85000000
2018-10-04,185.12000000,182.28000000
2018-10-05,182.29000000,180.06000000
2018-10-08,179.28000000,178.96000000
2018-10-09,179.11000000,179.54000000
2018-10-10,178.44000000,171.64000000
2018-10-11,170.95000000,169.51000000
2018-10-12,173.90000000,174.23000000
2018-10-15,173.60000000,172.12000000
2018-10-16,173.93000000,177.13000000
2018-10-17,178.05000000,177.20000000
2018-10-18,176.51000000,173.09000000
2018-10-19,174.30000000,172.93000000
2018-10-22,173.97000000,173.82000000
2018-10-23,170.70000000,173.18000000
2018-10-24,173.03000000,165.25000000
2018-10-25,167.90000000,170.97000000
2018-10-26,165.15000000,166.57000000
2018-10-29,169.07000000,163.14000000
2018-10-30,162.71000000,165.83000000
2018-10-31,168.46000000,169.73000000
2018-11-01,169.99000000,171.97000000
2018-11-02,171.44000000,169.29000000
2018-11-05,169.52000000,168.87000000
2018-11-06,168.84000000,170.15000000
2018-11-07,172.16000000,175.49000000
2018-11-08,174.67000000,174.37000000
2018-11-09,172.74000000,171.43000000
2018-11-12,170.24000000,166.24000000
2018-11-13,167.06000000,166.38000000
2018-11-14,168.00000000,165.11000000
2018-11-15,164.75000000,168.00000000
2018-11-16,166.40000000,167.41000000
2018-11-19,166.65000000,161.97000000
2018-11-20,158.29000000,159.08000000
2018-11-21,161.21000000,160.29000000
2018-11-23,159.01000000,159.13000000
2018-11-26,161.36000000,162.80000000
2018-11-27,161.91000000,163.35000000
2018-11-28,164.53000000,168.61000000
2018-11-29,167.91000000,168.06000000
2018-11-30,168.29000000,169.28000000
2018-12-03,173.01000000,172.24000000
2018-12-04,171.29000000,165.63000000
2018-12-06,162.37000000,166.80000000
2018-12-07,166.04000000,161.30000000
2018-12-10,161.03000000,162.98000000
2018-12-11,165.57000000,163.52000000
2018-12-12,165.97000000,164.96000000
2018-12-13,165.97000000,165.01000000
2018-12-14,163.10000000,161.00000000
2018-12-17,160.33000000,157.35000000
2018-12-18,158.59000000,158.34000000
2018-12-19,158.16000000,154.45000000
2018-12-20,154.08000000,152.21000000
2018-12-21,152.98000000,147.49000000
2018-12-24,146.06000000,143.42000000
2018-12-26,145.04000000,152.38000000
2018-12-27,150.49000000,152.97000000
2018-12-28,153.93000000,152.89000000
2018-12-31,154.39000000,154.18000000
2019-01-02,150.91000000,154.80000000
2019-01-03,152.52000000,149.74000000
2019-01-04,152.10000000,156.15000000
2019-01-07,156.46000000,158.01000000
2019-01-08,159.48000000,159.44000000
2019-01-09,160.07000000,160.74000000
2019-01-10,159.51000000,161.20000000
2019-01-11,160.24000000,160.61000000
2019-01-14,159.24000000,159.19000000
2019-01-15,159.89000000,162.29000000
2019-01-16,162.54000000,162.26000000
2019-01-17,161.76000000,163.54000000
2019-01-18,164.75000000,165.16000000
2019-01-22,163.96000000,161.85000000
2019-01-23,162.68000000,162.06000000
2019-01-24,162.57000000,163.11000000
2019-01-25,164.39000000,165.06000000
2019-01-28,162.94000000,163.02000000
2019-01-29,163.11000000,161.49000000
2019-01-30,163.30000000,165.59000000
2019-01-31,166.56000000,168.07000000
2019-02-01,167.28000000,167.36000000
2019-02-04,167.42000000,169.44000000
2019-02-05,169.66000000,170.94000000
2019-02-06,170.97000000,170.43000000
2019-02-07,168.94000000,168.14000000
2019-02-08,166.64000000,168.47000000
2019-02-11,169.05000000,168.31000000
2019-02-12,169.50000000,170.80000000
2019-02-13,171.53000000,170.92000000
2019-02-14,170.29000000,171.13000000
2019-02-15,172.42000000,171.85000000
2019-02-19,171.30000000,172.19000000
2019-02-20,172.34000000,172.16000000
2019-02-21,171.68000000,171.53000000
2019-02-22,171.89000000,172.80000000
2019-02-25,174.11000000,173.43000000
2019-02-26,172.95000000,173.61000000
2019-02-27,172.83000000,173.50000000
2019-02-28,172.95000000,173.10000000
2019-03-01,174.32000000,174.30000000
2019-03-04,175.28000000,174.33000000
2019-03-05,174.43000000,174.46000000
2019-03-06,174.59000000,173.47000000
2019-03-07,173.00000000,171.34000000
2019-03-08,169.42000000,171.08000000
2019-03-11,171.77000000,174.64000000
2019-03-12,175.08000000,175.60000000
2019-03-13,176.51000000,176.92000000
2019-03-14,177.02000000,176.62000000
2019-03-15,177.34000000,178.26000000
2019-03-18,177.86000000,178.36000000
2019-03-19,179.07000000,178.96000000
2019-03-20,178.97000000,179.67000000
2019-03-21,179.15000000,182.47000000
2019-03-22,181.66000000,178.47000000
2019-03-25,177.83000000,178.13000000
2019-03-26,179.49000000,178.96000000
2019-03-27,179.18000000,177.81000000
2019-03-28,178.27000000,178.22000000
2019-03-29,179.54000000,179.57000000
2019-04-01,181.32000000,181.94000000
2019-04-02,182.13000000,182.63000000
2019-04-03,183.64000000,183.68000000
2019-04-04,183.71000000,183.61000000
2019-04-05,184.20000000,184.56000000
2019-04-08,184.27000000,185.03000000
2019-04-09,184.40000000,184.38000000
2019-04-10,184.65000000,185.37000000
2019-04-11,185.67000000,184.93000000
2019-04-12,185.76000000,185.73000000
2019-04-15,185.71000000,185.76000000
2019-04-16,186.41000000,186.40000000
2019-04-17,187.65000000,187.05000000
2019-04-18,187.38000000,187.29000000
2019-04-22,186.44000000,187.82000000
2019-04-23,188.27000000,190.21000000
2019-04-24,190.34000000,189.61000000
2019-04-25,191.05000000,190.38000000
2019-04-26,190.10000000,190.55000000
2019-04-29,190.52000000,190.92000000
2019-04-30,189.38000000,189.44000000
2019-05-01,190.66000000,188.83000000
2019-05-02,188.78000000,188.01000000
2019-05-03,189.59000000,191.01000000
2019-05-06,187.00000000,189.84000000
2019-05-07,187.76000000,186.14000000
2019-05-08,185.58000000,185.67000000
2019-05-09,183.66000000,184.67000000
2019-05-10,183.96000000,184.90000000
2019-05-13,180.21000000,178.49000000
2019-05-14,179.42000000,180.45000000
2019-05-15,179.30000000,182.99000000
2019-05-16,183.01000000,184.83000000
2019-05-17,183.00000000,182.94000000
2019-05-20,180.42000000,179.86000000
2019-05-21,181.40000000,181.73000000
2019-05-22,180.72000000,180.92000000
2019-05-23,178.91000000,178.16000000
2019-05-24,179.21000000,178.07000000
2019-05-28,178.58000000,177.40000000
2019-05-29,176.36000000,175.94000000
2019-05-30,176.45000000,176.68000000
2019-05-31,174.62000000,173.86000000
2019-06-03,173.43000000,170.03000000
2019-06-04,171.89000000,174.82000000
2019-06-05,176.51000000,176.12000000
2019-06-06,176.43000000,177.52000000
2019-06-07,178.41000000,180.94000000
2019-06-10,182.13000000,183.05000000
2019-06-11,184.97000000,183.30000000
2019-06-12,182.78000000,182.24000000
2019-06-13,183.02000000,183.32000000
2019-06-14,182.34000000,182.54000000
2019-06-17,182.91000000,183.64000000
2019-06-18,185.78000000,186.31000000
2019-06-19,186.63000000,187.01000000
2019-06-20,189.62000000,188.75000000
2019-06-21,188.47000000,188.47000000
2019-06-24,188.42000000,188.06000000
2019-06-25,187.96000000,184.83000000
2019-06-26,186.03000000,185.69000000
2019-06-27,186.37000000,186.40000000
2019-06-28,186.85000000,186.64000000
2019-07-01,190.20000000,189.16000000
2019-07-02,189.09000000,189.91000000
2019-07-03,190.35000000,191.34000000
2019-07-05,190.05000000,190.95000000
2019-07-08,189.76000000,189.61000000
2019-07-09,188.69000000,190.56000000
2019-07-10,191.69000000,192.46000000
2019-07-11,192.78000000,192.32000000
2019-07-12,192.53000000,193.43000000
2019-07-15,193.87000000,194.05000000
2019-07-16,193.76000000,193.05000000
2019-07-17,193.10000000,192.10000000
2019-07-18,191.20000000,192.32000000
2019-07-19,193.72000000,190.91000000
2019-07-22,191.40000000,192.43000000
2019-07-23,193.48000000,193.69000000
2019-07-24,192.97000000,195.05000000
2019-07-25,194.38000000,193.20000000
2019-07-26,194.42000000,195.19000000
2019-07-29,195.08000000,194.52000000
2019-07-30,193.06000000,193.68000000
2019-07-31,194.21000000,191.00000000
2019-08-01,191.41000000,190.05000000
2019-08-02,188.72000000,187.25000000
2019-08-05,183.41000000,180.64000000
2019-08-06,182.28000000,183.16000000
2019-08-07,181.22000000,184.15000000
2019-08-08,185.05000000,188.16000000
2019-08-09,187.22000000,186.39000000
2019-08-12,185.24000000,184.25000000
2019-08-13,184.17000000,188.29000000
2019-08-14,185.21000000,182.66000000
2019-08-15,183.01000000,182.45000000
2019-08-16,184.01000000,185.38000000
2019-08-19,187.93000000,188.33000000
2019-08-20,187.90000000,186.87000000
2019-08-21,188.56000000,188.53000000
2019-08-22,188.88000000,187.92000000
2019-08-23,186.66000000,181.97000000
2019-08-26,184.09000000,184.72000000
2019-08-27,185.98000000,184.33000000
2019-08-28,183.74000000,184.99000000
2019-08-29,187.27000000,187.82000000
2019-08-30,188.84000000,187.37000000
2019-09-03,186.16000000,185.55000000
2019-09-04,187.33000000,188.23000000
2019-09-05,190.29000000,191.68000000
2019-09-06,191.93000000,191.49000000
2019-09-09,192.08000000,191.09000000
2019-09-10,190.09000000,190.54000000
2019-09-11,190.88000000,192.33000000
2019-09-12,193.54000000,193.13000000
2019-09-13,192.85000000,192.44000000
2019-09-16,191.20000000,191.58000000
2019-09-17,191.60000000,192.50000000
2019-09-18,192.10000000,192.42000000
2019-09-19,192.76000000,192.74000000
2019-09-20,193.01000000,190.70000000
2019-09-23,190.26000000,190.40000000
2019-09-24,191.27000000,187.87000000
2019-09-25,187.69000000,189.98000000
2019-09-26,189.77000000,189.28000000
2019-09-27,189.60000000,186.93000000
2019-09-30,187.65000000,188.71000000
2019-10-01,189.44000000,187.17000000
2019-10-02,185.91000000,183.95000000
2019-10-03,183.97000000,185.97000000
2019-10-04,186.89000000,188.71000000
2019-10-07,188.13000000,188.14000000
2019-10-08,186.91000000,185.32000000
2019-10-09,186.86000000,187.13000000
2019-10-10,187.15000000,188.58000000
2019-10-11,190.70000000,191.01000000
2019-10-14,190.72000000,190.99000000
2019-10-15,191.55000000,193.42000000
2019-10-16,192.78000000,192.94000000
2019-10-17,194.08000000,193.45000000
2019-10-18,193.16000000,191.59000000
2019-10-21,192.55000000,193.29000000
2019-10-22,193.96000000,191.75000000
2019-10-23,191.33000000,192.12000000
2019-10-24,193.52000000,193.99000000
2019-10-25,192.99000000,195.54000000
2019-10-28,196.47000000,197.47000000
2019-10-29,197.14000000,195.94000000
2019-10-30,196.32000000,196.89000000
2019-10-31,197.46000000,196.98000000
2019-11-01,197.83000000,198.77000000
2019-11-04,200.08000000,199.99000000
2019-11-05,200.24000000,200.10000000
2019-11-06,199.88000000,199.66000000
2019-11-07,200.65000000,200.32000000
2019-11-08,199.91000000,201.12000000
2019-11-11,200.12000000,200.85000000
2019-11-12,201.02000000,201.43000000
2019-11-13,200.73000000,201.48000000
2019-11-14,200.72000000,201.32000000
2019-11-15,202.50000000,202.80000000
2019-11-18,202.50000000,202.96000000
2019-11-19,203.73000000,203.26000000
2019-11-20,202.74000000,202.04000000
2019-11-21,201.83000000,201.59000000
2019-11-22,202.06000000,201.72000000
2019-11-25,202.56000000,204.11000000
2019-11-26,204.21000000,204.50000000
2019-11-27,205.02000000,205.93000000
2019-11-29,205.48000000,204.99000000
2019-12-02,205.00000000,202.89000000
2019-12-03,200.21000000,201.30000000
2019-12-04,202.38000000,202.32000000
2019-12-05,203.04000000,202.72000000
2019-12-06,204.14000000,204.89000000
2019-12-09,204.52000000,203.96000000
2019-12-10,204.06000000,203.79000000
2019-12-11,204.26000000,204.87000000
2019-12-12,204.66000000,206.40000000
2019-12-13,206.25000000,207.08000000
2019-12-16,208.39000000,209.16000000
2019-12-17,209.39000000,209.28000000
2019-12-18,209.49000000,209.44000000
2019-12-19,209.53000000,210.75000000
2019-12-20,211.70000000,211.60000000
2019-12-23,211.92000000,211.70000000
2019-12-24,211.86000000,211.81000000
2019-12-26,212.15000000,213.68000000
2019-12-27,214.44000000,213.50000000
2019-12-30,213.40000000,212.10000000
2019-12-31,211.51000000,212.50000000
2020-01-02,214.29000000,216.05000000
2020-01-03,213.18000000,214.07000000
2020-01-06,212.38000000,215.45000000
2020-01-07,215.53000000,215.42000000
2020-01-08,215.36000000,217.04000000
2020-01-09,218.80000000,218.88000000
2020-01-10,219.64000000,218.32000000
2020-01-13,219.19000000,220.83000000
2020-01-14,220.63000000,219.96000000
2020-01-15,220.06000000,220.05000000
2020-01-16,221.12000000,222.16000000
2020-01-17,223.12000000,223.26000000
2020-01-21,222.61000000,223.16000000
2020-01-22,224.26000000,223.75000000
2020-01-23,223.59000000,224.47000000
2020-01-24,225.50000000,222.58000000
2020-01-27,217.61000000,217.99000000
2020-01-28,219.48000000,221.33000000
2020-01-29,222.54000000,221.69000000
2020-01-30,220.25000000,222.48000000
2020-01-31,223.38000000,218.95000000
2020-02-03,220.02000000,222.26000000
2020-02-04,225.27000000,227.35000000
2020-02-05,230.10000000,228.10000000
2020-02-06,228.65000000,230.07000000
2020-02-07,229.04000000,229.08000000
2020-02-10,228.31000000,231.85000000
2020-02-11,233.09000000,231.89000000
2020-02-12,233.22000000,234.15000000
2020-02-13,232.50000000,233.85000000
2020-02-14,234.16000000,234.52000000
2020-02-18,233.35000000,234.61000000
2020-02-19,235.95000000,236.86000000
2020-02-20,236.34000000,234.66000000
2020-02-21,233.52000000,230.15000000
2020-02-24,221.72000000,221.27000000
2020-02-25,223.07000000,215.26000000
2020-02-26,216.56000000,216.37000000
2020-02-27,210.94000000,205.53000000
2020-02-28,198.82000000,205.69000000
2020-03-02,208.77000000,216.31000000
2020-03-03,217.00000000,209.37000000
2020-03-04,213.21000000,218.11000000
2020-03-05,212.58000000,211.48000000
2020-03-06,204.56000000,207.91000000
2020-03-09,193.38000000,193.47000000
2020-03-10,201.00000000,204.00000000
2020-03-11,199.25000000,195.12000000
2020-03-12,181.99000000,177.23000000
2020-03-13,186.97000000,192.24000000
2020-03-16,174.06000000,169.21000000
2020-03-17,175.38000000,182.04000000
2020-03-18,171.51000000,176.51000000
2020-03-19,175.60000000,177.57000000
2020-03-20,181.64000000,170.61000000
2020-03-23,170.83000000,170.37000000
2020-03-24,179.82000000,183.56000000
2020-03-25,184.32000000,182.20000000
2020-03-26,183.77000000,191.80000000
2020-03-27,186.83000000,185.20000000
2020-03-30,187.00000000,191.94000000
2020-03-31,191.43000000,190.30000000
2020-04-01,184.71000000,182.21000000
2020-04-02,181.49000000,185.91000000
2020-04-03,185.40000000,183.27000000
2020-04-06,190.28000000,196.38000000
2020-04-07,202.03000000,196.30000000
2020-04-08,197.98000000,200.46000000
2020-04-09,202.16000000,200.75000000
2020-04-13,199.82000000,202.92000000
2020-04-14,207.06000000,211.75000000
2020-04-15,208.37000000,209.32000000
2020-04-16,211.67000000,213.14000000
2020-04-17,215.85000000,215.18000000
2020-04-20,213.16000000,212.63000000
2020-04-21,210.52000000,204.78000000
2020-04-22,209.03000000,210.86000000
2020-04-23,211.69000000,210.41000000
2020-04-24,210.83000000,213.73000000
2020-04-27,216.07000000,215.45000000
2020-04-28,217.16000000,211.39000000
2020-04-29,216.10000000,218.89000000
2020-04-30,219.89000000,218.80000000
2020-05-01,214.43000000,212.63000000
2020-05-04,211.50000000,215.11000000
2020-05-05,217.29000000,217.55000000
2020-05-06,219.25000000,218.89000000
2020-05-07,221.63000000,221.70000000
2020-05-08,223.43000000,224.74000000
2020-05-11,223.38000000,226.75000000
2020-05-12,227.36000000,222.00000000
2020-05-13,222.53000000,219.22000000
2020-05-14,218.01000000,221.71000000
2020-05-15,218.66000000,223.15000000
2020-05-18,226.16000000,227.31000000
2020-05-19,227.54000000,226.74000000
2020-05-20,229.36000000,231.27000000
2020-05-21,231.37000000,228.75000000
2020-05-22,228.34000000,229.54000000
2020-05-26,233.32000000,228.92000000
2020-05-27,228.39000000,230.17000000
2020-05-28,228.93000000,229.87000000
2020-05-29,230.31000000,233.24000000
2020-06-01,232.28000000,233.94000000
2020-06-02,234.30000000,235.51000000
2020-06-03,236.11000000,236.57000000
2020-06-04,236.20000000,234.91000000
2020-06-05,235.94000000,239.56000000
2020-06-08,239.41000000,241.42000000
2020-06-09,240.53000000,243.17000000
2020-06-10,244.87000000,246.09000000
2020-06-11,242.16000000,233.90000000
2020-06-12,238.96000000,235.76000000
2020-06-15,232.32000000,238.62000000
2020-06-16,243.65000000,242.72000000
2020-06-17,244.27000000,243.49000000
2020-06-18,243.16000000,244.15000000
2020-06-19,246.61000000,244.11000000
2020-06-22,243.64000000,246.61000000
2020-06-23,248.26000000,248.71000000
2020-06-24,247.86000000,243.58000000
2020-06-25,243.78000000,245.90000000
2020-06-26,245.62000000,240.09000000
2020-06-29,239.85000000,242.71000000
2020-06-30,242.64000000,247.47000000
2020-07-01,247.53000000,250.36000000
2020-07-02,252.84000000,252.06000000
2020-07-06,255.33000000,258.25000000
2020-07-07,257.96000000,256.48000000
2020-07-08,257.86000000,259.85000000
2020-07-09,261.75000000,262.04000000
2020-07-10,261.86000000,263.83000000
2020-07-13,266.73000000,258.40000000
2020-07-14,255.94000000,260.23000000
2020-07-15,261.54000000,260.76000000
2020-07-16,257.83000000,258.98000000
2020-07-17,259.57000000,259.28000000
2020-07-20,259.98000000,266.64000000
2020-07-21,268.27000000,263.86000000
2020-07-22,264.32000000,264.79000000
2020-07-23,264.41000000,257.87000000
2020-07-24,253.99000000,255.43000000
2020-07-27,257.22000000,259.98000000
2020-07-28,259.19000000,256.68000000
2020-07-29,258.19000000,259.63000000
2020-07-30,257.64000000,260.99000000
2020-07-31,265.69000000,265.65000000
2020-08-03,267.91000000,269.24000000
2020-08-04,268.60000000,270.24000000
2020-08-05,270.69000000,270.91000000
2020-08-06,270.64000000,274.50000000
2020-08-07,273.90000000,271.33000000
2020-08-10,271.60000000,270.17000000
2020-08-11,268.96000000,265.05000000
2020-08-12,267.23000000,271.72000000
2020-08-13,272.50000000,272.34000000
2020-08-14,272.87000000,272.02000000
2020-08-17,273.77000000,275.18000000
2020-08-18,276.26000000,277.82000000
2020-08-19,277.78000000,275.96000000
2020-08-20,275.16000000,279.78000000
2020-08-21,279.92000000,281.72000000
2020-08-24,284.91000000,283.48000000
2020-08-25,282.63000000,285.71000000
2020-08-26,286.96000000,291.81000000
2020-08-27,292.93000000,290.90000000
2020-08-28,292.12000000,292.38000000
2020-08-31,293.01000000,294.73000000
2020-09-01,297.44000000,299.76000000
2020-09-02,303.10000000,302.60000000
2020-09-03,298.04000000,287.26000000
2020-09-04,285.61000000,283.43000000
2020-09-08,272.13000000,269.81000000
2020-09-09,275.40000000,277.73000000
2020-09-10,280.82000000,272.20000000
2020-09-11,274.19000000,270.31000000
2020-09-14,274.14000000,275.02000000
2020-09-15,278.75000000,278.91000000
2020-09-16,279.62000000,274.47000000
2020-09-17,267.38000000,270.18000000
2020-09-18,271.48000000,266.73000000
2020-09-21,262.38000000,267.37000000
2020-09-22,269.91000000,272.34000000
2020-09-23,272.01000000,264.02000000
2020-09-24,261.44000000,265.25000000
2020-09-25,265.68000000,271.42000000
2020-09-28,276.47000000,277.05000000
2020-09-29,276.57000000,275.81000000
2020-09-30,275.95000000,277.69000000
2020-10-01,281.64000000,282.10000000
2020-10-02,275.87000000,274.17000000
2020-10-05,276.19000000,280.01000000
2020-10-06,279.14000000,275.02000000
2020-10-07,277.68000000,279.77000000
2020-10-08,282.17000000,281.26000000
2020-10-09,282.94000000,285.56000000
2020-10-12,290.45000000,294.38000000
2020-10-13,296.18000000,294.37000000
2020-10-14,295.16000000,291.91000000
2020-10-15,287.10000000,289.95000000
2020-10-16,291.65000000,288.36000000
2020-10-19,290.34000000,283.65000000
2020-10-20,284.41000000,284.26000000
2020-10-21,284.52000000,284.04000000
2020-10-22,284.90000000,284.03000000
2020-10-23,284.64000000,284.59000000
2020-10-26,282.17000000,280.32000000
2020-10-27,281.27000000,282.51000000
2020-10-28,277.98000000,271.50000000
2020-10-29,272.90000000,276.24000000
2020-10-30,274.23000000,269.24000000
2020-11-02,271.59000000,269.84000000
2020-11-03,271.72000000,274.51000000
2020-11-04,283.41000000,286.76000000
2020-11-05,293.26000000,294.24000000
2020-11-06,293.43000000,294.46000000
2020-11-09,297.15000000,288.44000000
2020-11-10,285.11000000,283.27000000
2020-11-11,285.77000000,289.61000000
2020-11-12,290.57000000,288.25000000
2020-11-13,289.86000000,290.78000000
2020-11-16,290.53000000,293.05000000
2020-11-17,293.25000000,292.12000000
2020-11-18,291.55000000,289.96000000
2020-11-19,289.33000000,292.23000000
2020-11-20,292.15000000,290.23000000
2020-11-23,291.26000000,290.24000000
2020-11-24,291.34000000,294.32000000
2020-11-25,295.28000000,296.12000000
2020-11-27,298.13000000,298.85000000
2020-11-30,299.14000000,299.46000000
2020-12-01,301.71000000,303.30000000
2020-12-02,302.06000000,303.69000000
2020-12-03,303.91000000,304.12000000
2020-12-04,304.17000000,305.36000000
2020-12-07,305.55000000,307.09000000
2020-12-08,306.60000000,308.13000000
2020-12-09,307.91000000,301.15000000
2020-12-10,299.05000000,302.36000000
2020-12-11,300.65000000,301.69000000
2020-12-14,302.92000000,303.88000000
2020-12-15,306.21000000,307.13000000
2020-12-16,307.54000000,308.82000000
2020-12-17,310.47000000,310.84000000
2020-12-18,311.50000000,309.90000000
2020-12-21,306.30000000,308.76000000
2020-12-22,309.69000000,309.60000000
2020-12-23,309.65000000,308.04000000
2020-12-24,308.31000000,309.40000000
2020-12-28,312.09000000,312.52000000
2020-12-29,313.89000000,312.80000000
2020-12-30,314.00000000,312.81000000
2020-12-31,312.71000000,313.58000000
2021-01-04,314.94000000,309.15000000
2021-01-05,308.13000000,311.70000000
2021-01-06,306.84000000,307.38000000
2021-01-07,310.12000000,314.81000000
2021-01-08,317.17000000,318.86000000
2021-01-11,315.81000000,314.25000000
2021-01-12,314.29000000,313.76000000
2021-01-13,314.03000000,315.87000000
2021-01-14,316.33000000,314.18000000
2021-01-15,313.97000000,311.70000000
2021-01-19,314.09000000,316.24000000
2021-01-20,319.97000000,323.60000000
2021-01-21,324.98000000,326.19000000
2021-01-22,325.12000000,325.25000000
2021-01-25,328.74000000,327.94000000
2021-01-26,328.68000000,328.42000000
2021-01-27,326.09000000,319.26000000
2021-01-28,320.50000000,321.15000000
2021-01-29,319.41000000,314.39000000
2021-02-01,317.94000000,322.25000000
2021-02-02,325.31000000,327.51000000
2021-02-03,329.65000000,326.21000000
2021-02-04,327.65000000,330.07000000
2021-02-05,331.05000000,331.19000000
2021-02-08,332.93000000,333.40000000
2021-02-09,332.45000000,333.33000000
2021-02-10,334.81000000,332.58000000
2021-02-11,334.15000000,334.40000000
2021-02-12,333.53000000,336.27000000
2021-02-16,337.09000000,335.36000000
2021-02-17,332.30000000,333.75000000
2021-02-18,330.06000000,332.30000000
2021-02-19,333.68000000,330.85000000
2021-02-22,326.33000000,322.27000000
2021-02-23,316.83000000,321.31000000
2021-02-24,318.57000000,323.96000000
2021-02-25,321.22000000,312.67000000
2021-02-26,315.68000000,313.98000000
2021-03-01,319.10000000,323.42000000
2021-03-02,324.08000000,318.23000000
2021-03-03,317.10000000,309.00000000
2021-03-04,308.62000000,303.94000000
2021-03-05,306.63000000,308.52000000
2021-03-08,307.96000000,299.78000000
2021-03-09,307.31000000,311.61000000
2021-03-10,315.99000000,310.72000000
2021-03-11,315.60000000,317.87000000
2021-03-12,313.70000000,315.29000000
2021-03-15,315.62000000,318.66000000
2021-03-16,320.92000000,320.41000000
2021-03-17,317.28000000,321.73000000
2021-03-18,316.70000000,311.88000000
2021-03-19,311.71000000,312.98000000
2021-03-22,315.04000000,318.44000000
2021-03-23,319.56000000,317.05000000
2021-03-24,318.46000000,311.71000000
2021-03-25,309.81000000,311.17000000
2021-03-26,310.95000000,315.83000000
2021-03-29,315.28000000,315.74000000
2021-03-30,313.73000000,314.15000000
2021-03-31,315.99000000,318.96000000
2021-04-01,322.90000000,324.40000000
2021-04-05,326.96000000,330.88000000
2021-04-06,330.56000000,330.65000000
2021-04-07,330.16000000,331.45000000
2021-04-08,334.38000000,334.90000000
2021-04-09,333.50000000,336.93000000
2021-04-12,335.86000000,336.49000000
2021-04-13,338.06000000,340.42000000
2021-04-14,340.67000000,336.33000000
2021-04-15,339.29000000,341.43000000
2021-04-16,341.97000000,341.83000000
2021-04-19,340.21000000,338.70000000
2021-04-20,338.02000000,336.23000000
2021-04-21,334.91000000,339.11000000
2021-04-22,338.71000000,335.02000000
2021-04-23,335.67000000,339.24000000
2021-04-26,339.49000000,341.45000000
2021-04-27,341.75000000,339.97000000
2021-04-28,339.63000000,338.82000000
2021-04-29,342.19000000,340.04000000
2021-04-30,337.52000000,337.81000000
2021-05-03,339.05000000,336.01000000
2021-05-04,333.38000000,329.97000000
2021-05-05,332.08000000,328.86000000
2021-05-06,328.59000000,331.34000000
2021-05-07,334.19000000,334.02000000
2021-05-10,332.61000000,325.59000000
2021-05-11,319.53000000,325.14000000
2021-05-12,320.06000000,316.72000000
2021-05-13,319.75000000,319.17000000
2021-05-14,322.43000000,326.22000000
2021-05-17,324.46000000,324.24000000
2021-05-18,325.22000000,322.05000000
2021-05-19,316.49000000,322.42000000
2021-05-20,323.95000000,328.66000000
2021-05-21,330.26000000,326.84000000
2021-05-24,329.20000000,332.34000000
2021-05-25,333.89000000,332.80000000
2021-05-26,333.48000000,333.95000000
2021-05-27,333.49000000,332.71000000
2021-05-28,333.94000000,333.75000000
2021-06-01,335.12000000,332.65000000
2021-06-02,333.08000000,333.29000000
2021-06-03,330.38000000,329.83000000
2021-06-04,331.68000000,335.42000000
2021-06-07,334.87000000,336.42000000
2021-06-08,338.22000000,336.58000000
2021-06-09,337.99000000,336.66000000
2021-06-10,337.01000000,340.17000000
2021-06-11,340.18000000,341.06000000
2021-06-14,341.50000000,344.33000000
2021-06-15,343.97000000,342.08000000
2021-06-16,342.56000000,340.83000000
2021-06-17,339.79000000,345.16000000
2021-06-18,343.45000000,342.45000000
2021-06-21,342.25000000,344.18000000
2021-06-22,343.97000000,347.39000000
2021-06-23,347.33000000,347.56000000
2021-06-24,349.55000000,349.71000000
2021-06-25,350.29000000,349.28000000
2021-06-28,350.60000000,353.52000000
2021-06-29,353.34000000,354.80000000
2021-06-30,354.64000000,354.24000000
2021-07-01,353.88000000,354.38000000
2021-07-02,356.33000000,358.45000000
2021-07-06,359.07000000,360.00000000
2021-07-07,362.26000000,360.76000000
2021-07-08,355.55000000,358.58000000
2021-07-09,357.98000000,360.82000000
2021-07-12,362.26000000,362.23000000
2021-07-13,361.84000000,362.23000000
2021-07-14,364.64000000,362.88000000
2021-07-15,362.79000000,360.33000000
2021-07-16,361.21000000,357.41000000
2021-07-19,353.86000000,354.48000000
2021-07-20,355.44000000,358.60000000
2021-07-21,358.16000000,361.37000000
2021-07-22,361.58000000,363.76000000
2021-07-23,365.12000000,368.01000000
2021-07-26,367.30000000,368.30000000
2021-07-27,368.03000000,364.24000000
2021-07-28,365.41000000,365.64000000
2021-07-29,365.06000000,366.29000000
2021-07-30,362.25000000,364.38000000
2021-08-02,366.09000000,364.41000000
2021-08-03,365.09000000,366.62000000
2021-08-04,366.58000000,367.15000000
2021-08-05,367.99000000,369.48000000
2021-08-06,368.18000000,367.86000000
2021-08-09,368.33000000,368.54000000
2021-08-10,369.07000000,366.65000000
2021-08-11,367.95000000,366.02000000
2021-08-12,365.50000000,367.34000000
2021-08-13,367.70000000,368.63000000
2021-08-16,367.48000000,368.79000000
2021-08-17,365.96000000,365.54000000
2021-08-18,364.99000000,362.02000000
2021-08-19,360.03000000,363.77000000
2021-08-20,364.87000000,367.54000000
2021-08-23,368.61000000,373.03000000
2021-08-24,373.64000000,374.17000000
2021-08-25,374.43000000,374.60000000
2021-08-26,373.72000000,372.22000000
2021-08-27,372.87000000,375.84000000
2021-08-30,376.65000000,380.06000000
2021-08-31,380.31000000,379.75000000
2021-09-01,380.84000000,380.38000000
2021-09-02,381.77000000,380.20000000
2021-09-03,379.02000000,381.37000000
2021-09-07,381.48000000,381.91000000
2021-09-08,381.73000000,380.58000000
2021-09-09,380.81000000,379.27000000
2021-09-10,381.03000000,376.39000000
2021-09-13,378.79000000,376.13000000
2021-09-14,377.66000000,375.06000000
2021-09-15,375.53000000,377.85000000
2021-09-16,376.48000000,378.11000000
2021-09-17,377.62000000,373.63000000
2021-09-20,367.27000000,365.51000000
2021-09-21,367.39000000,365.96000000
2021-09-22,366.90000000,369.38000000
2021-09-23,370.57000000,372.78000000
2021-09-24,370.46000000,373.13000000
2021-09-27,370.01000000,370.16000000
2021-09-28,365.48000000,359.68000000
2021-09-29,360.98000000,359.09000000
2021-09-30,360.78000000,357.77000000
2021-10-01,358.41000000,359.99000000
2021-10-04,358.33000000,352.43000000
2021-10-05,353.52000000,357.19000000
2021-10-06,353.89000000,359.48000000
2021-10-07,362.61000000,362.78000000
2021-10-08,363.89000000,360.97000000
2021-10-11,359.39000000,358.20000000
2021-10-12,359.69000000,356.95000000
2021-10-13,359.32000000,359.81000000
2021-10-14,363.50000000,366.44000000
2021-10-15,367.69000000,368.75000000
2021-10-18,367.42000000,372.45000000
2021-10-19,373.55000000,375.27000000
2021-10-20,375.74000000,374.78000000
2021-10-21,373.96000000,377.07000000
2021-10-22,375.78000000,373.90000000
2021-10-25,375.36000000,377.73000000
2021-10-26,380.03000000,378.92000000
2021-10-27,379.38000000,379.80000000
2021-10-28,381.75000000,384.02000000
2021-10-29,380.86000000,385.91000000
2021-11-01,386.36000000,387.23000000
2021-11-02,386.60000000,388.85000000
2021-11-03,389.35000000,392.97000000
2021-11-04,394.27000000,398.01000000
2021-11-05,399.83000000,398.39000000
2021-11-08,398.36000000,397.85000000
2021-11-09,398.95000000,395.11000000
2021-11-10,392.26000000,389.31000000
2021-11-11,392.36000000,390.38000000
2021-11-12,391.56000000,394.49000000
2021-11-15,395.70000000,394.40000000
2021-11-16,393.65000000,397.21000000
2021-11-17,397.54000000,397.42000000
2021-11-18,399.52000000,401.54000000
2021-11-19,403.22000000,403.78000000
2021-11-22,405.36000000,399.09000000
2021-11-23,397.90000000,397.27000000
2021-11-24,394.72000000,398.55000000
2021-11-26,395.90000000,390.99000000
2021-11-29,395.68000000,399.48000000
2021-11-30,398.57000000,393.61000000
2021-12-01,398.07000000,386.92000000
2021-12-02,385.60000000,389.71000000
2021-12-03,391.10000000,382.93000000
2021-12-06,383.43000000,386.00000000
2021-12-07,392.82000000,397.62000000
2021-12-08,397.96000000,399.40000000
2021-12-09,398.14000000,393.52000000
2021-12-10,396.41000000,397.80000000
2021-12-13,397.79000000,392.05000000
2021-12-14,387.10000000,388.00000000
2021-12-15,387.74000000,396.84000000
2021-12-16,397.83000000,386.64000000
2021-12-17,383.13000000,384.71000000
2021-12-20,379.37000000,380.49000000
2021-12-21,383.85000000,389.01000000
2021-12-22,388.71000000,393.74000000
2021-12-23,394.10000000,396.71000000
2021-12-27,398.04000000,403.27000000
2021-12-28,404.19000000,401.40000000
2021-12-29,401.54000000,401.34000000
2021-12-30,401.12000000,400.14000000
2021-12-31,399.45000000,397.64000000
2022-01-03,398.84000000,401.47000000
2022-01-04,402.03000000,396.26000000
2022-01-05,394.53000000,384.09000000
2022-01-06,382.22000000,383.82000000
2022-01-07,383.83000000,379.66000000
2022-01-10,374.62000000,379.91000000
2022-01-11,379.16000000,385.62000000
2022-01-12,388.26000000,387.15000000
2022-01-13,388.57000000,377.46000000
2022-01-14,374.87000000,379.81000000
2022-01-18,373.84000000,370.36000000
2022-01-19,371.95000000,366.29000000
2022-01-20,369.60000000,361.53000000
2022-01-21,359.28000000,351.51000000
2022-01-24,345.72000000,353.11000000
2022-01-25,346.49000000,344.93000000
2022-01-26,352.72000000,344.39000000
2022-01-27,349.22000000,340.92000000
2022-01-28,342.85000000,351.62000000
2022-01-31,353.01000000,362.86000000
2022-02-01,364.24000000,365.33000000
2022-02-02,369.57000000,368.30000000
2022-02-03,358.34000000,353.36000000
2022-02-04,353.89000000,357.82000000
2022-02-07,358.43000000,354.94000000
2022-02-08,353.77000000,358.93000000
2022-02-09,363.57000000,366.54000000
2022-02-10,359.33000000,358.24000000
2022-02-11,358.24000000,346.88000000
2022-02-14,346.31000000,347.31000000
2022-02-15,352.72000000,355.94000000
2022-02-16,353.63000000,355.85000000
2022-02-17,352.55000000,345.27000000
2022-02-18,346.23000000,341.33000000
2022-02-22,338.31000000,337.90000000
2022-02-23,341.14000000,329.25000000
2022-02-24,318.67000000,340.31000000
2022-02-25,341.13000000,345.59000000
2022-02-28,342.33000000,346.62000000
2022-03-01,345.57000000,341.31000000
2022-03-02,342.90000000,347.04000000
2022-03-03,349.75000000,342.08000000
2022-03-04,339.66000000,337.12000000
2022-03-07,337.11000000,324.69000000
2022-03-08,323.88000000,323.18000000
2022-03-09,331.58000000,334.81000000
2022-03-10,330.65000000,331.10000000
2022-03-11,334.14000000,324.23000000
2022-03-14,322.96000000,318.00000000
2022-03-15,320.71000000,327.98000000
2022-03-16,332.00000000,340.14000000
2022-03-17,338.19000000,344.26000000
2022-03-18,342.56000000,351.31000000
2022-03-21,350.02000000,349.90000000
2022-03-22,350.41000000,356.77000000
2022-03-23,353.82000000,351.65000000
2022-03-24,353.61000000,359.46000000
2022-03-25,359.40000000,359.16000000
2022-03-28,359.15000000,364.72000000
2022-03-29,368.71000000,371.00000000
2022-03-30,369.08000000,366.90000000
2022-03-31,367.05000000,362.35000000
2022-04-01,362.62000000,361.66000000
2022-04-04,362.52000000,369.11000000
2022-04-05,367.62000000,360.91000000
2022-04-06,355.46000000,353.07000000
2022-04-07,352.06000000,353.91000000
2022-04-08,352.14000000,348.97000000
2022-04-11,344.63000000,340.71000000
2022-04-12,345.58000000,339.27000000
2022-04-13,339.62000000,346.17000000
2022-04-14,346.26000000,338.25000000
2022-04-18,337.17000000,338.51000000
2022-04-19,337.85000000,346.08000000
2022-04-20,346.91000000,341.03000000
2022-04-21,345.01000000,333.97000000
2022-04-22,334.13000000,325.23000000
2022-04-25,323.56000000,329.41000000
2022-04-26,327.30000000,316.97000000
2022-04-27,317.07000000,316.59000000
2022-04-28,321.68000000,327.84000000
2022-04-29,323.53000000,313.09000000
2022-05-02,312.67000000,318.31000000
2022-05-03,318.33000000,318.65000000
2022-05-04,319.14000000,329.43000000
2022-05-05,325.00000000,312.84000000
2022-05-06,310.79000000,309.09000000
2022-05-09,303.32000000,296.99000000
2022-05-10,304.35000000,300.60000000
2022-05-11,298.28000000,291.69000000
2022-05-12,287.30000000,291.00000000
2022-05-13,295.56000000,301.78000000
2022-05-16,299.99000000,298.28000000
2022-05-17,304.29000000,306.01000000
2022-05-18,301.38000000,290.99000000
2022-05-19,289.14000000,289.43000000
2022-05-20,292.98000000,288.53000000
2022-05-23,289.60000000,293.33000000
2022-05-24,287.97000000,287.09000000
2022-05-25,285.56000000,291.11000000
2022-05-26,290.29000000,299.17000000
2022-05-27,302.38000000,308.94000000
2022-05-31,308.91000000,308.12000000
2022-06-01,310.31000000,305.84000000
2022-06-02,304.69000000,314.21000000
2022-06-03,308.87000000,306.04000000
2022-06-06,310.59000000,307.06000000
2022-06-07,303.65000000,309.71000000
2022-06-08,308.89000000,307.48000000
2022-06-09,305.75000000,299.24000000
2022-06-10,293.50000000,288.69000000
2022-06-13,279.60000000,275.27000000
2022-06-14,277.51000000,275.77000000
2022-06-15,279.27000000,282.65000000
2022-06-16,275.45000000,271.25000000
2022-06-17,272.04000000,274.55000000
2022-06-21,278.60000000,280.93000000
2022-06-22,278.37000000,280.52000000
2022-06-23,283.06000000,284.70000000
2022-06-24,287.59000000,294.46000000
2022-06-27,295.84000000,292.30000000
2022-06-28,292.85000000,283.39000000
2022-06-29,283.25000000,283.65000000
2022-06-30,280.60000000,280.13000000
2022-07-01,278.80000000,281.98000000
2022-07-05,278.16000000,286.81000000
2022-07-06,287.20000000,288.65000000
2022-07-07,289.48000000,294.83000000
2022-07-08,291.93000000,295.19000000
2022-07-11,292.73000000,288.89000000
2022-07-12,290.17000000,286.09000000
2022-07-13,280.45000000,285.50000000
2022-07-14,282.84000000,286.52000000
2022-07-15,289.58000000,291.72000000
2022-07-18,294.57000000,289.25000000
2022-07-19,292.96000000,298.14000000
2022-07-20,298.57000000,302.87000000
2022-07-21,303.34000000,307.22000000
2022-07-22,306.27000000,301.83000000
2022-07-25,301.86000000,300.11000000
2022-07-26,298.37000000,294.22000000
2022-07-27,298.88000000,306.65000000
2022-07-28,306.43000000,309.65000000
2022-07-29,311.22000000,315.29000000
2022-08-01,313.49000000,315.10000000
2022-08-02,312.76000000,314.16000000
2022-08-03,315.88000000,322.72000000
2022-08-04,322.80000000,324.23000000
2022-08-05,319.02000000,321.58000000
2022-08-08,322.52000000,320.54000000
2022-08-09,318.60000000,316.91000000
2022-08-10,324.42000000,325.76000000
2022-08-11,328.13000000,323.91000000
2022-08-12,326.00000000,330.22000000
2022-08-15,329.25000000,332.89000000
2022-08-16,331.88000000,332.11000000
2022-08-17,328.90000000,328.32000000
2022-08-18,328.27000000,329.11000000
2022-08-19,326.00000000,322.69000000
2022-08-22,318.33000000,314.20000000
2022-08-23,313.96000000,313.94000000
2022-08-24,313.45000000,314.84000000
2022-08-25,316.66000000,320.41000000
2022-08-26,320.11000000,307.28000000
2022-08-29,304.46000000,304.25000000
2022-08-30,305.94000000,300.86000000
2022-08-31,303.83000000,299.11000000
2022-09-01,296.56000000,299.24000000
2022-09-02,302.18000000,295.02000000
2022-09-06,295.50000000,292.90000000
2022-09-07,293.39000000,298.81000000
2022-09-08,296.69000000,300.36000000
2022-09-09,302.67000000,306.93000000
2022-09-12,308.34000000,310.58000000
2022-09-13,301.64000000,293.55000000
2022-09-14,294.71000000,295.87000000
2022-09-15,293.92000000,290.95000000
2022-09-16,287.57000000,289.17000000
2022-09-19,285.95000000,290.90000000
2022-09-20,288.34000000,288.58000000
2022-09-21,289.44000000,283.41000000
2022-09-22,281.85000000,279.92000000
2022-09-23,277.40000000,275.37000000
2022-09-26,274.89000000,274.23000000
2022-09-27,277.66000000,274.34000000
2022-09-28,274.32000000,279.79000000
2022-09-29,275.72000000,271.73000000
2022-09-30,270.89000000,267.12000000
2022-10-03,268.93000000,273.39000000
2022-10-04,278.84000000,281.98000000
2022-10-05,278.13000000,281.83000000
2022-10-06,280.81000000,279.61000000
2022-10-07,274.88000000,268.96000000
2022-10-10,269.16000000,266.27000000
2022-10-11,264.56000000,262.61000000
2022-10-12,263.26000000,262.52000000
2022-10-13,255.03000000,268.68000000
2022-10-14,271.06000000,260.60000000
2022-10-17,266.70000000,269.21000000
2022-10-18,276.38000000,271.34000000
2022-10-19,269.79000000,270.35000000
2022-10-20,269.44000000,268.97000000
2022-10-21,267.84000000,275.28000000
2022-10-24,275.55000000,278.30000000
2022-10-25,279.26000000,284.06000000
2022-10-26,278.31000000,277.78000000
2022-10-27,276.64000000,272.73000000
2022-10-28,272.09000000,281.07000000
2022-10-31,278.77000000,277.80000000
2022-11-01,281.35000000,274.97000000
2022-11-02,274.94000000,265.54000000
2022-11-03,262.87000000,260.35000000
2022-11-04,265.39000000,264.54000000
2022-11-07,265.61000000,267.45000000
2022-11-08,269.00000000,269.40000000
2022-11-09,267.62000000,263.18000000
2022-11-10,275.87000000,282.60000000
2022-11-11,282.41000000,287.81000000
2022-11-14,285.71000000,285.29000000
2022-11-15,292.06000000,289.24000000
2022-11-16,287.24000000,285.29000000
2022-11-17,280.73000000,284.66000000
2022-11-18,287.74000000,284.67000000
2022-11-21,283.25000000,281.74000000
2022-11-22,282.49000000,285.80000000
2022-11-23,285.82000000,288.67000000
2022-11-25,287.04000000,286.77000000
2022-11-28,284.75000000,282.56000000
2022-11-29,282.79000000,280.42000000
2022-11-30,280.69000000,293.21000000
2022-12-01,293.54000000,293.57000000
2022-12-02,288.39000000,292.40000000
2022-12-05,290.23000000,287.49000000
2022-12-06,287.33000000,281.53000000
2022-12-07,280.32000000,280.38000000
2022-12-08,281.76000000,283.70000000
2022-12-09,282.66000000,281.89000000
2022-12-12,282.07000000,285.43000000
2022-12-13,296.49000000,288.50000000
2022-12-14,287.90000000,286.36000000
2022-12-15,282.18000000,276.74000000
2022-12-16,276.05000000,274.11000000
2022-12-19,273.73000000,269.61000000
2022-12-20,268.42000000,269.40000000
2022-12-21,270.46000000,273.31000000
2022-12-22,270.24000000,266.62000000
2022-12-23,265.33000000,267.22000000
2022-12-27,266.60000000,263.44000000
2022-12-28,263.03000000,259.96000000
2022-12-29,262.82000000,266.30000000
2022-12-30,263.48000000,266.14000000
2023-01-03,268.51000000,264.34000000
2023-01-04,266.50000000,265.60000000
2023-01-05,263.90000000,261.44000000
2023-01-06,263.21000000,268.66000000
2023-01-09,270.69000000,270.40000000
2023-01-10,269.35000000,272.69000000
2023-01-11,273.78000000,277.40000000
2023-01-12,277.97000000,278.90000000
2023-01-13,276.35000000,280.82000000
2023-01-17,280.62000000,281.39000000
2023-01-18,282.96000000,277.73000000
2023-01-19,276.08000000,275.01000000
2023-01-20,276.64000000,282.53000000
2023-01-23,283.39000000,288.81000000
2023-01-24,287.16000000,288.22000000
2023-01-25,283.62000000,287.58000000
2023-01-26,291.07000000,293.19000000
2023-01-27,291.85000000,296.10000000
2023-01-30,292.78000000,290.12000000
2023-01-31,290.16000000,294.47000000
2023-02-01,294.26000000,300.76000000
2023-02-02,307.41000000,311.56000000
2023-02-03,304.78000000,306.02000000
2023-02-06,303.35000000,303.43000000
2023-02-07,303.30000000,309.72000000
2023-02-08,308.38000000,304.21000000
2023-02-09,308.68000000,301.52000000
2023-02-10,299.32000000,299.54000000
2023-02-13,300.97000000,304.34000000
2023-02-14,302.73000000,306.59000000
2023-02-15,304.74000000,308.94000000
2023-02-16,304.22000000,303.14000000
2023-02-17,300.91000000,301.00000000
2023-02-21,297.10000000,293.88000000
2023-02-22,294.47000000,294.10000000
2023-02-23,297.81000000,296.66000000
2023-02-24,291.61000000,291.70000000
2023-02-27,294.92000000,293.79000000
2023-02-28,293.15000000,293.41000000
2023-03-01,293.11000000,291.05000000
2023-03-02,288.51000000,293.46000000
2023-03-03,295.23000000,299.52000000
2023-03-06,300.78000000,299.86000000
2023-03-07,299.91000000,296.18000000
2023-03-08,296.61000000,297.66000000
2023-03-09,298.17000000,292.51000000
2023-03-10,292.68000000,288.40000000
2023-03-13,286.58000000,290.54000000
2023-03-14,294.16000000,297.21000000
2023-03-15,294.56000000,298.77000000
2023-03-16,297.84000000,306.65000000
2023-03-17,306.56000000,305.20000000
2023-03-20,304.10000000,305.81000000
2023-03-21,307.78000000,310.18000000
2023-03-22,310.11000000,305.96000000
2023-03-23,309.76000000,309.59000000
2023-03-24,309.16000000,310.73000000
2023-03-27,311.44000000,308.60000000
2023-03-28,308.01000000,306.96000000
2023-03-29,310.72000000,312.56000000
2023-03-30,315.07000000,315.51000000
2023-03-31,315.74000000,320.76000000
2023-04-03,318.60000000,319.98000000
2023-04-04,320.43000000,318.90000000
2023-04-05,317.93000000,315.75000000
2023-04-06,314.08000000,317.88000000
2023-04-10,314.90000000,317.70000000
2023-04-11,317.66000000,315.66000000
2023-04-12,317.65000000,312.88000000
2023-04-13,314.66000000,319.00000000
2023-04-14,317.42000000,318.40000000
2023-04-17,317.98000000,318.67000000
2023-04-18,320.82000000,318.69000000
2023-04-19,316.24000000,318.54000000
2023-04-20,315.52000000,316.11000000
2023-04-21,315.74000000,316.44000000
2023-04-24,316.21000000,315.78000000
2023-04-25,314.13000000,309.83000000
2023-04-26,313.28000000,311.71000000
2023-04-27,315.53000000,320.18000000
2023-04-28,319.94000000,322.39000000
2023-05-01,321.92000000,322.02000000
2023-05-02,321.95000000,319.21000000
2023-05-03,319.58000000,317.12000000
2023-05-04,316.89000000,316.00000000
2023-05-05,318.30000000,322.72000000
2023-05-08,322.25000000,323.52000000
2023-05-09,321.83000000,321.47000000
2023-05-10,323.95000000,324.97000000
2023-05-11,325.53000000,326.03000000
2023-05-12,326.57000000,324.86000000
2023-05-15,325.34000000,326.62000000
2023-05-16,325.89000000,326.99000000
2023-05-17,328.07000000,330.95000000
2023-05-18,331.35000000,337.09000000
2023-05-19,337.31000000,336.33000000
2023-05-22,336.07000000,337.46000000
2023-05-23,335.71000000,333.18000000
2023-05-24,331.20000000,331.48000000
2023-05-25,338.96000000,339.54000000
2023-05-26,340.58000000,348.22000000
2023-05-30,352.52000000,349.80000000
2023-05-31,348.19000000,347.81000000
2023-06-01,347.55000000,351.83000000
2023-06-02,353.61000000,354.46000000
2023-06-05,354.24000000,354.71000000
2023-06-06,354.09000000,354.65000000
2023-06-07,354.94000000,348.64000000
2023-06-08,348.94000000,352.96000000
2023-06-09,354.44000000,354.31000000
2023-06-12,356.00000000,360.30000000
2023-06-13,363.10000000,363.07000000
2023-06-14,363.08000000,365.71000000
2023-06-15,364.42000000,370.07000000
2023-06-16,372.52000000,367.74000000
2023-06-20,365.76000000,366.71000000
2023-06-21,365.55000000,361.71000000
2023-06-22,360.44000000,365.98000000
2023-06-23,362.02000000,362.35000000
2023-06-26,361.81000000,357.49000000
2023-06-27,359.06000000,363.64000000
2023-06-28,361.79000000,364.35000000
2023-06-29,364.05000000,363.62000000
2023-06-30,367.36000000,369.23000000
2023-07-03,369.88000000,370.10000000
2023-07-05,368.50000000,370.09000000
2023-07-06,366.32000000,367.27000000
2023-07-07,367.04000000,366.05000000
2023-07-10,365.77000000,366.17000000
2023-07-11,366.60000000,367.98000000
2023-07-12,372.14000000,372.62000000
2023-07-13,375.85000000,378.95000000
2023-07-14,379.39000000,378.87000000
2023-07-17,379.60000000,382.41000000
2023-07-18,381.76000000,385.54000000
2023-07-19,386.62000000,385.45000000
2023-07-20,382.41000000,376.56000000
2023-07-21,378.98000000,375.43000000
2023-07-24,376.42000000,376.03000000
2023-07-25,376.75000000,378.58000000
2023-07-26,377.52000000,377.32000000
2023-07-27,382.87000000,376.42000000
2023-07-28,380.54000000,383.28000000
2023-07-31,383.59000000,383.48000000
2023-08-01,382.11000000,382.59000000
2023-08-02,379.06000000,374.19000000
2023-08-03,371.74000000,373.59000000
2023-08-04,375.55000000,371.84000000
2023-08-07,373.68000000,374.99000000
2023-08-08,372.44000000,371.80000000
2023-08-09,372.09000000,367.72000000
2023-08-10,370.78000000,368.40000000
2023-08-11,365.80000000,366.05000000
2023-08-14,365.24000000,370.16000000
2023-08-15,369.17000000,366.23000000
2023-08-16,365.68000000,362.35000000
2023-08-17,363.77000000,358.39000000
2023-08-18,355.07000000,357.94000000
2023-08-21,359.43000000,363.71000000
2023-08-22,366.36000000,363.19000000
2023-08-23,364.39000000,368.92000000
2023-08-24,372.44000000,361.03000000
2023-08-25,361.88000000,363.83000000
2023-08-28,366.80000000,366.57000000
2023-08-29,366.37000000,374.57000000
2023-08-30,374.68000000,376.66000000
2023-08-31,376.74000000,377.79000000
2023-09-01,380.20000000,377.39000000
2023-09-05,376.57000000,377.87000000
2023-09-06,377.08000000,374.54000000
2023-09-07,370.02000000,371.86000000
2023-09-08,371.81000000,372.38000000
2023-09-11,375.46000000,376.77000000
2023-09-12,375.07000000,372.59000000
2023-09-13,372.83000000,374.01000000
2023-09-14,375.79000000,377.07000000
2023-09-15,375.71000000,370.62000000
2023-09-18,369.13000000,370.47000000
2023-09-19,369.13000000,369.68000000
2023-09-20,370.76000000,364.35000000
2023-09-21,360.61000000,357.67000000
2023-09-22,359.44000000,357.72000000
2023-09-25,356.74000000,359.42000000
2023-09-26,356.80000000,354.02000000
2023-09-27,355.19000000,354.85000000
2023-09-28,353.92000000,357.82000000
2023-09-29,361.35000000,358.08000000
2023-10-02,358.35000000,361.07000000
2023-10-03,358.59000000,354.73000000
2023-10-04,355.58000000,359.56000000
2023-10-05,359.55000000,358.50000000
2023-10-06,355.46000000,364.51000000
2023-10-09,362.11000000,366.37000000
2023-10-10,366.71000000,368.40000000
2023-10-11,369.75000000,371.03000000
2023-10-12,371.53000000,369.74000000
2023-10-13,370.38000000,365.09000000
2023-10-16,366.43000000,369.22000000
2023-10-17,365.62000000,368.01000000
2023-10-18,365.48000000,363.18000000
2023-10-19,364.62000000,359.78000000
2023-10-20,359.27000000,354.41000000
2023-10-23,353.07000000,355.48000000
2023-10-24,357.32000000,358.94000000
2023-10-25,356.51000000,350.16000000
2023-10-26,348.94000000,343.48000000
2023-10-27,346.25000000,345.13000000
2023-10-30,347.65000000,349.02000000
2023-10-31,349.05000000,350.69000000
2023-11-01,351.54000000,356.77000000
2023-11-02,361.35000000,363.25000000
2023-11-03,364.56000000,367.52000000
2023-11-06,368.30000000,369.02000000
2023-11-07,370.08000000,372.50000000
2023-11-08,372.88000000,372.74000000
2023-11-09,373.44000000,369.88000000
2023-11-10,371.62000000,378.19000000
2023-11-13,376.59000000,377.01000000
2023-11-14,383.51000000,385.13000000
2023-11-15,387.05000000,385.42000000
2023-11-16,384.64000000,385.75000000
2023-11-17,385.01000000,385.84000000
2023-11-20,385.85000000,390.53000000
2023-11-21,388.81000000,388.27000000
2023-11-22,390.36000000,389.86000000
2023-11-24,389.45000000,389.31000000
2023-11-27,388.81000000,388.97000000
2023-11-28,388.21000000,389.99000000
2023-11-29,392.48000000,389.61000000
2023-11-30,389.88000000,388.63000000
2023-12-01,387.55000000,389.74000000
2023-12-04,385.89000000,386.12000000
2023-12-05,384.19000000,387.09000000
2023-12-06,390.07000000,384.85000000
2023-12-07,387.87000000,390.23000000
2023-12-08,388.47000000,391.96000000
2023-12-11,391.53000000,395.31000000
2023-12-12,395.35000000,398.46000000
2023-12-13,399.41000000,403.53000000
2023-12-14,404.77000000,403.18000000
2023-12-15,403.97000000,405.13000000
2023-12-18,404.72000000,406.87000000
2023-12-19,407.33000000,408.95000000
2023-12-20,408.14000000,402.87000000
2023-12-21,406.85000000,407.56000000
2023-12-22,408.79000000,408.17000000
2023-12-26,409.04000000,410.66000000
2023-12-27,410.95000000,411.50000000
2023-12-28,412.67000000,411.30000000
2023-12-29,411.28000000,409.52000000
2024-01-02,405.84000000,402.59000000
2024-01-03,399.93000000,398.33000000
2024-01-04,396.44000000,396.28000000
2024-01-05,396.45000000,396.75000000
2024-01-08,397.99000000,404.95000000
2024-01-09,401.91000000,405.75000000
2024-01-10,406.07000000,408.50000000
2024-01-11,409.79000000,409.35000000
2024-01-12,410.40000000,409.56000000
2024-01-16,408.31000000,409.52000000
2024-01-17,406.17000000,407.21000000
2024-01-18,410.52000000,412.99000000
2024-01-19,415.22000000,421.18000000
2024-01-22,423.41000000,421.73000000
2024-01-23,422.43000000,423.48000000
2024-01-24,427.44000000,425.83000000
2024-01-25,428.36000000,426.35000000
2024-01-26,424.44000000,423.81000000
2024-01-29,424.27000000,428.15000000
2024-01-30,427.10000000,425.30000000
2024-01-31,420.85000000,416.97000000
2024-02-01,418.79000000,421.88000000
2024-02-02,423.80000000,429.01000000
2024-02-05,429.07000000,428.45000000
2024-02-06,429.61000000,427.59000000
2024-02-07,430.41000000,431.99000000
2024-02-08,432.11000000,432.79000000
2024-02-09,433.94000000,437.05000000
2024-02-12,436.94000000,435.34000000
2024-02-13,427.28000000,428.55000000
2024-02-14,431.26000000,433.22000000
2024-02-15,433.92000000,434.51000000
2024-02-16,434.89000000,430.57000000
2024-02-20,428.55000000,427.32000000
2024-02-21,424.55000000,425.61000000
2024-02-22,434.49000000,438.07000000
2024-02-23,439.65000000,436.78000000
2024-02-26,437.60000000,436.55000000
2024-02-27,437.67000000,437.60000000
2024-02-28,435.43000000,435.27000000
2024-02-29,438.23000000,439.00000000
2024-03-01,439.90000000,445.61000000
2024-03-04,445.61000000,444.02000000
2024-03-05,440.94000000,436.05000000
2024-03-06,440.32000000,438.79000000
2024-03-07,442.42000000,445.45000000
2024-03-08,445.81000000,439.02000000
2024-03-11,437.51000000,437.39000000
2024-03-12,439.73000000,443.66000000
2024-03-13,442.65000000,440.25000000
2024-03-14,441.50000000,439.14000000
2024-03-15,436.07000000,433.92000000
2024-03-18,438.73000000,437.48000000
2024-03-19,435.45000000,438.57000000
2024-03-20,439.78000000,443.77000000
2024-03-21,448.88000000,445.87000000
2024-03-22,445.35000000,446.38000000
2024-03-25,443.55000000,444.76000000
2024-03-26,446.30000000,443.32000000
2024-03-27,446.44000000,444.83000000
2024-03-28,444.78000000,444.01000000
2024-04-01,444.97000000,444.95000000
2024-04-02,440.08000000,441.11000000
2024-04-03,438.96000000,442.10000000
2024-04-04,446.33000000,435.34000000
2024-04-05,436.78000000,440.47000000
2024-04-08,441.41000000,440.60000000
2024-04-09,442.96000000,442.23000000
2024-04-10,437.00000000,438.37000000
2024-04-11,440.26000000,445.37000000
2024-04-12,441.10000000,438.27000000
2024-04-15,442.06000000,431.06000000
2024-04-16,430.90000000,431.10000000
2024-04-17,433.10000000,425.84000000
2024-04-18,426.49000000,423.41000000
2024-04-19,422.22000000,414.65000000
2024-04-22,417.31000000,418.82000000
2024-04-23,420.77000000,425.07000000
2024-04-24,428.20000000,426.51000000
2024-04-25,419.24000000,424.45000000
2024-04-26,427.62000000,431.00000000
2024-04-29,433.13000000,432.75000000
2024-04-30,431.15000000,424.59000000
2024-05-01,423.15000000,421.52000000
2024-05-02,425.30000000,426.90000000
2024-05-03,434.44000000,435.48000000
2024-05-06,437.30000000,440.25000000
2024-05-07,440.70000000,440.32000000
2024-05-08,437.67000000,440.06000000
2024-05-09,440.33000000,441.02000000
2024-05-10,442.54000000,442.06000000
2024-05-13,443.99000000,443.08000000
2024-05-14,442.65000000,445.93000000
2024-05-15,448.43000000,452.90000000
2024-05-16,452.71000000,451.98000000
2024-05-17,452.11000000,451.76000000
2024-05-20,451.98000000,454.91000000
2024-05-21,453.04000000,455.80000000
2024-05-22,456.06000000,455.71000000
2024-05-23,460.55000000,453.66000000
2024-05-24,455.29000000,457.95000000
2024-05-28,459.18000000,459.68000000
2024-05-29,455.48000000,456.44000000
2024-05-30,455.50000000,451.55000000
2024-05-31,451.78000000,450.71000000
2024-06-03,454.57000000,453.13000000
2024-06-04,452.87000000,454.37000000
2024-06-05,457.98000000,463.53000000
2024-06-06,464.22000000,463.37000000
2024-06-07,463.00000000,462.96000000
2024-06-10,461.82000000,464.83000000
2024-06-11,463.54000000,468.02000000
2024-06-12,471.99000000,474.15000000
2024-06-13,477.72000000,476.72000000
2024-06-14,476.52000000,479.19000000
2024-06-17,479.46000000,485.06000000
2024-06-18,485.01000000,485.21000000
2024-06-20,486.42000000,481.47000000
2024-06-21,481.19000000,480.18000000
2024-06-24,478.18000000,473.96000000
2024-06-25,476.07000000,479.38000000
2024-06-26,478.55000000,480.37000000
2024-06-27,480.12000000,481.61000000
2024-06-28,482.41000000,479.11000000
2024-07-01,480.04000000,481.92000000
2024-07-02,480.41000000,486.98000000
2024-07-03,486.22000000,491.04000000
2024-07-05,491.89000000,496.16000000
2024-07-08,496.53000000,497.34000000
2024-07-09,498.87000000,497.77000000
2024-07-10,499.71000000,502.96000000
2024-07-11,503.07000000,491.93000000
2024-07-12,492.51000000,494.82000000
2024-07-15,496.61000000,496.15000000
2024-07-16,497.62000000,496.34000000
2024-07-17,488.28000000,481.77000000
2024-07-18,485.53000000,479.49000000
2024-07-19,479.15000000,475.24000000
2024-07-22,481.16000000,482.32000000
2024-07-23,481.41000000,480.62000000
2024-07-24,473.82000000,463.38000000
2024-07-25,463.72000000,458.27000000
2024-07-26,462.65000000,462.97000000
2024-07-29,465.71000000,463.90000000
2024-07-30,465.85000000,457.53000000
2024-07-31,467.87000000,471.07000000
2024-08-01,471.76000000,459.66000000
2024-08-02,450.89000000,448.75000000
2024-08-05,424.71000000,435.37000000
2024-08-06,437.23000000,439.53000000
2024-08-07,446.49000000,434.77000000
2024-08-08,441.06000000,448.07000000
2024-08-09,446.74000000,450.41000000
2024-08-12,451.39000000,451.38000000
2024-08-13,455.82000000,462.58000000
2024-08-14,463.51000000,462.73000000
2024-08-15,468.76000000,474.42000000
2024-08-16,472.62000000,475.03000000
2024-08-19,475.17000000,481.27000000
2024-08-20,480.35000000,480.26000000
2024-08-21,481.05000000,482.50000000
2024-08-22,484.84000000,474.85000000
2024-08-23,479.24000000,480.00000000
2024-08-26,479.45000000,475.34000000
2024-08-27,473.69000000,476.76000000
2024-08-28,476.29000000,471.35000000
2024-08-29,473.28000000,470.66000000
2024-08-30,475.04000000,476.27000000
2024-09-03,473.20000000,461.81000000
2024-09-04,458.67000000,460.61000000
2024-09-05,458.97000000,461.04000000
2024-09-06,460.33000000,448.69000000
2024-09-09,453.06000000,454.46000000
2024-09-10,456.24000000,458.66000000
2024-09-11,459.91000000,468.62000000
2024-09-12,468.65000000,473.22000000
2024-09-13,472.48000000,475.34000000
2024-09-16,473.19000000,473.24000000
2024-09-17,476.29000000,473.49000000
2024-09-18,474.70000000,471.44000000
2024-09-19,482.61000000,483.36000000
2024-09-20,482.49000000,482.44000000
2024-09-23,482.95000000,483.04000000
2024-09-24,484.46000000,485.37000000
2024-09-25,484.74000000,485.82000000
2024-09-26,493.37000000,489.47000000
2024-09-27,490.50000000,486.75000000
2024-09-30,485.78000000,488.07000000
2024-10-01,487.70000000,481.27000000
2024-10-02,480.36000000,481.95000000
2024-10-03,479.74000000,481.59000000
2024-10-04,487.45000000,487.32000000
2024-10-07,485.39000000,482.10000000
2024-10-08,484.66000000,489.30000000
2024-10-09,489.00000000,493.15000000
2024-10-10,490.85000000,492.59000000
2024-10-11,490.74000000,493.36000000
2024-10-14,495.77000000,497.50000000
2024-10-15,497.83000000,490.85000000
2024-10-16,491.18000000,490.91000000
2024-10-17,496.44000000,491.25000000
2024-10-18,494.06000000,494.47000000
2024-10-21,493.25000000,495.42000000
2024-10-22,492.73000000,495.96000000
2024-10-23,493.59000000,488.36000000
2024-10-24,492.11000000,492.32000000
2024-10-25,495.14000000,495.32000000
2024-10-28,498.46000000,495.40000000
2024-10-29,495.72000000,500.16000000
2024-10-30,499.39000000,496.38000000
2024-10-31,492.38000000,483.85000000
2024-11-01,485.50000000,487.43000000
2024-11-04,486.82000000,486.01000000
2024-11-05,487.61000000,492.21000000
2024-11-06,500.56000000,505.58000000
2024-11-07,508.40000000,513.54000000
2024-11-08,513.03000000,514.14000000
2024-11-11,515.37000000,513.84000000
2024-11-12,513.77000000,512.91000000
2024-11-13,512.40000000,512.25000000
2024-11-14,511.91000000,508.69000000
2024-11-15,502.94000000,496.57000000
2024-11-18,498.13000000,500.02000000
2024-11-19,497.42000000,503.46000000
2024-11-20,503.16000000,503.17000000
2024-11-21,506.24000000,504.98000000
2024-11-22,504.42000000,505.79000000
2024-11-25,509.90000000,506.59000000
2024-11-26,508.08000000,509.31000000
2024-11-27,508.17000000,505.30000000
2024-11-29,505.93000000,509.74000000
2024-12-02,511.01000000,515.29000000
2024-12-03,513.95000000,516.87000000
2024-12-04,520.32000000,523.26000000
2024-12-05,523.31000000,521.81000000
2024-12-06,522.48000000,526.48000000
2024-12-09,525.55000000,522.38000000
2024-12-10,523.62000000,520.60000000
2024-12-11,525.00000000,529.92000000
2024-12-12,527.68000000,526.50000000
2024-12-13,530.46000000,530.53000000
2024-12-16,533.08000000,538.17000000
2024-12-17,536.36000000,535.80000000
2024-12-18,535.15000000,516.47000000
2024-12-19,521.19000000,514.17000000
2024-12-20,510.44000000,518.66000000
2024-12-23,519.55000000,522.87000000
2024-12-24,524.83000000,529.96000000
2024-12-26,528.32000000,529.60000000
2024-12-27,526.01000000,522.56000000
2024-12-30,515.51000000,515.61000000
2024-12-31,516.90000000,511.23000000
2025-01-02,514.30000000,510.23000000
2025-01-03,513.35000000,518.58000000
2025-01-06,524.02000000,524.54000000
2025-01-07,525.59000000,515.18000000
2025-01-08,515.08000000,515.27000000
2025-01-10,511.48000000,507.19000000
2025-01-13,501.20000000,505.56000000
2025-01-14,508.74000000,505.08000000
2025-01-15,513.03000000,516.70000000
2025-01-16,518.98000000,513.08000000
2025-01-17,522.85000000,521.74000000
2025-01-21,524.48000000,524.80000000
2025-01-22,529.57000000,531.51000000
2025-01-23,529.04000000,532.64000000
2025-01-24,533.02000000,529.63000000
2025-01-27,511.00000000,514.21000000
2025-01-28,515.22000000,521.81000000
2025-01-29,522.46000000,520.83000000
2025-01-30,523.71000000,523.05000000
2025-01-31,526.92000000,522.29000000
2025-02-03,513.47000000,518.11000000
2025-02-04,518.63000000,524.47000000
2025-02-05,521.82000000,526.85000000
2025-02-06,527.36000000,529.60000000
2025-02-07,530.14000000,522.92000000
2025-02-10,527.22000000,529.25000000
2025-02-11,525.96000000,527.99000000
2025-02-12,522.30000000,528.30000000
2025-02-13,529.98000000,535.90000000
2025-02-14,536.01000000,538.15000000
2025-02-18,539.73000000,539.37000000
2025-02-19,538.57000000,539.52000000
2025-02-20,538.73000000,537.23000000
2025-02-21,538.38000000,526.08000000
2025-02-24,527.88000000,519.87000000
2025-02-25,519.24000000,513.32000000
2025-02-26,515.53000000,514.56000000
2025-02-27,518.13000000,500.27000000
2025-02-28,500.13000000,508.17000000
2025-03-03,511.52000000,497.05000000
2025-03-04,494.18000000,495.55000000
2025-03-05,496.20000000,502.01000000
2025-03-06,493.69000000,488.20000000
2025-03-07,487.16000000,491.79000000
2025-03-10,483.45000000,472.73000000
2025-03-11,472.35000000,471.60000000
2025-03-12,479.16000000,476.92000000
2025-03-13,476.25000000,468.34000000
2025-03-14,473.73000000,479.66000000
2025-03-17,479.61000000,482.77000000
2025-03-18,479.41000000,474.54000000
2025-03-19,476.81000000,480.89000000
2025-03-20,476.88000000,479.26000000
2025-03-21,474.08000000,480.84000000
2025-03-24,487.74000000,490.66000000
2025-03-25,491.39000000,493.46000000
2025-03-26,492.30000000,484.38000000
2025-03-27,482.41000000,481.62000000
2025-03-28,479.81000000,468.94000000
2025-03-31,461.92000000,468.92000000
2025-04-01,467.30000000,472.70000000
2025-04-02,466.12000000,476.15000000
2025-04-03,456.44000000,450.66000000
2025-04-04,438.14000000,422.67000000
2025-04-07,408.66000000,423.69000000
2025-04-08,438.16000000,416.06000000
2025-04-09,415.57000000,466.00000000
2025-04-10,453.56000000,446.18000000
2025-04-11,444.65000000,454.40000000
2025-04-14,464.46000000,457.48000000
2025-04-15,458.54000000,457.99000000
2025-04-16,449.03000000,444.18000000
2025-04-17,447.17000000,444.10000000
2025-04-21,438.23000000,433.11000000
2025-04-22,438.82000000,444.48000000
2025-04-23,458.17000000,454.56000000
2025-04-24,456.48000000,467.35000000
2025-04-25,466.97000000,472.56000000
2025-04-28,473.03000000,472.41000000
2025-04-29,470.17000000,475.53000000
2025-04-30,467.13000000,475.47000000
2025-05-01,483.41000000,481.68000000
2025-05-02,486.54000000,488.83000000
2025-05-05,484.60000000,485.93000000
2025-05-06,479.56000000,481.41000000
2025-05-07,482.08000000,483.30000000
2025-05-08,488.53000000,488.29000000
2025-05-09,490.21000000,487.97000000
2025-05-12,506.99000000,507.85000000
2025-05-13,509.16000000,515.59000000
2025-05-14,516.77000000,518.68000000
2025-05-15,516.52000000,519.25000000
2025-05-16,520.66000000,521.51000000
2025-05-19,514.24000000,522.01000000
2025-05-20,519.47000000,520.27000000
2025-05-21,516.27000000,513.04000000
2025-05-22,513.66000000,514.00000000
2025-05-23,506.18000000,509.24000000
2025-05-27,516.15000000,521.22000000
2025-05-28,522.18000000,518.91000000
2025-05-29,526.33000000,519.93000000
2025-05-30,519.44000000,519.11000000
2025-06-02,517.24000000,523.21000000
2025-06-03,523.56000000,527.30000000
2025-06-04,528.01000000,528.77000000
2025-06-05,530.18000000,524.79000000
2025-06-06,530.00000000,529.92000000
2025-06-09,530.14000000,530.70000000
2025-06-10,531.17000000,534.21000000
2025-06-11,535.62000000,532.41000000
2025-06-12,531.09000000,533.66000000
2025-06-13,527.68000000,526.96000000
2025-06-16,530.50000000,534.29000000
2025-06-17,531.71000000,529.08000000
2025-06-18,530.10000000,528.99000000
2025-06-20,532.26000000,526.83000000
2025-06-23,526.81000000,531.65000000
2025-06-24,536.89000000,539.78000000
2025-06-25,542.06000000,541.16000000
2025-06-26,543.35000000,546.22000000
2025-06-27,547.26000000,548.09000000
2025-06-30,551.26000000,551.64000000
2025-07-01,549.73000000,546.99000000
2025-07-02,546.16000000,550.80000000
2025-07-03,553.18000000,556.22000000
2025-07-07,553.52000000,552.03000000
2025-07-08,553.38000000,552.34000000
2025-07-09,554.48000000,556.25000000
2025-07-10,556.89000000,555.45000000
2025-07-11,553.30000000,554.20000000
2025-07-14,553.99000000,556.21000000
2025-07-15,560.25000000,556.72000000
2025-07-16,557.28000000,557.29000000
2025-07-17,558.02000000,561.80000000
2025-07-18,563.12000000,561.26000000
2025-07-21,562.09000000,564.17000000
2025-07-22,564.30000000,561.25000000
2025-07-23,562.34000000,563.81000000
2025-07-24,565.13000000,565.01000000
2025-07-25,564.93000000,566.37000000
2025-07-28,567.74000000,568.14000000
2025-07-29,570.76000000,567.26000000
2025-07-30,568.18000000,568.02000000
2025-07-31,574.54000000,565.01000000
2025-08-01,558.83000000,553.88000000
2025-08-04,559.05000000,564.10000000
2025-08-05,565.39000000,560.27000000
2025-08-06,561.11000000,567.32000000
2025-08-07,571.67000000,569.24000000
2025-08-08,570.45000000,574.55000000
2025-08-11,574.69000000,572.85000000
2025-08-12,575.16000000,580.05000000
2025-08-13,582.76000000,580.34000000
2025-08-14,578.28000000,579.89000000
2025-08-15,579.80000000,577.34000000
2025-08-18,576.44000000,577.11000000
2025-08-19,576.39000000,569.28000000
2025-08-20,568.33000000,565.90000000
2025-08-21,564.35000000,563.28000000
2025-08-22,564.67000000,571.97000000
2025-08-25,570.40000000,570.32000000
2025-08-26,569.83000000,572.61000000
2025-08-27,571.59000000,573.49000000
2025-08-28,574.11000000,577.08000000
2025-08-29,574.66000000,570.40000000
2025-09-02,561.31000000,565.62000000
2025-09-03,569.23000000,570.07000000
2025-09-04,570.74000000,575.23000000
2025-09-05,580.49000000,576.06000000
2025-09-08,578.37000000,578.87000000
2025-09-09,579.67000000,580.51000000
2025-09-10,583.74000000,580.70000000
2025-09-11,583.24000000,584.08000000
2025-09-12,585.04000000,586.66000000
2025-09-15,588.44000000,591.68000000
2025-09-16,592.61000000,591.18000000
2025-09-17,591.10000000,590.00000000
2025-09-18,594.91000000,595.32000000
2025-09-19,597.33000000,599.35000000
2025-09-22,597.74000000,602.20000000
2025-09-23,602.37000000,598.20000000
2025-09-24,599.58000000,596.10000000
2025-09-25,592.20000000,593.53000000
2025-09-26,594.35000000,595.97000000
2025-09-29,599.11000000,598.73000000
2025-09-30,598.43000000,600.37000000
2025-10-01,597.17000000,603.25000000
2025-10-02,607.06000000,605.73000000
2025-10-03,606.51000000,603.18000000
2025-10-06,608.45000000,607.71000000
2025-10-07,609.02000000,604.51000000
2025-10-08,605.41000000,611.44000000
2025-10-09,611.48000000,610.70000000
2025-10-10,611.40000000,589.50000000
2025-10-13,599.68000000,602.01000000
2025-10-14,595.31000000,598.00000000
2025-10-15,604.01000000,602.22000000
2025-10-16,605.11000000,599.99000000
2025-10-17,597.95000000,603.93000000
2025-10-20,607.14000000,611.54000000
2025-10-21,611.64000000,611.38000000
2025-10-22,610.82000000,605.49000000
2025-10-23,604.91000000,610.58000000
2025-10-24,615.99000000,617.10000000
2025-10-27,624.52000000,628.09000000
2025-10-28,630.36000000,632.92000000
2025-10-29,635.59000000,635.77000000
2025-10-30,632.17000000,626.05000000
2025-10-31,634.17000000,629.07000000
2025-11-03,635.11000000,632.08000000
2025-11-04,623.28000000,619.25000000
2025-11-05,618.49000000,623.28000000
2025-11-06,621.79000000,611.67000000
2025-11-07,608.31000000,609.74000000
2025-11-10,618.92000000,623.23000000
2025-11-11,620.57000000,621.57000000
2025-11-12,624.84000000,621.08000000
2025-11-13,617.54000000,608.40000000
2025-11-14,599.55000000,608.86000000
2025-11-17,606.30000000,603.66000000
2025-11-18,599.62000000,596.31000000
2025-11-19,597.07000000,599.87000000
2025-11-20,611.62000000,585.67000000
2025-11-21,587.47000000,590.07000000
2025-11-24,595.28000000,605.16000000
2025-11-25,603.51000000,608.89000000
2025-11-26,612.51000000,614.27000000
2025-11-28,616.11000000,619.25000000
2025-12-01,613.63000000,617.17000000
2025-12-02,619.46000000,622.00000000
2025-12-03,619.62000000,623.52000000
2025-12-04,624.93000000,622.94000000
2025-12-05,624.38000000,625.48000000
2025-12-08,627.21000000,624.28000000
2025-12-09,623.01000000,625.05000000
2025-12-10,623.85000000,627.61000000
2025-12-11,623.82000000,625.58000000
2025-12-12,622.08000000,613.62000000
2025-12-15,618.37000000,610.54000000
2025-12-16,608.26000000,611.75000000
2025-12-17,613.06000000,600.41000000
2025-12-18,609.80000000,609.11000000
2025-12-19,611.95000000,617.05000000
2025-12-22,621.35000000,619.21000000
2025-12-23,618.20000000,622.11000000
2025-12-24,621.99000000,623.93000000
2025-12-26,624.66000000,623.89000000
2025-12-29,620.10000000,620.87000000
2025-12-30,619.84000000,619.43000000
2025-12-31,619.65000000,614.31000000
2026-01-02,620.06000000,613.12000000
2026-01-05,619.32000000,617.99000000
2026-01-06,619.23000000,623.42000000
2026-01-07,623.04000000,624.02000000
2026-01-08,623.03000000,620.47000000
2026-01-09,621.41000000,626.65000000
2026-01-12,622.31000000,627.17000000
2026-01-13,627.27000000,626.24000000
2026-01-14,622.24000000,619.55000000
2026-01-15,626.60000000,621.78000000
2026-01-16,625.50000000,621.26000000
2026-01-20,610.53000000,608.06000000
2026-01-21,609.47000000,616.28000000
2026-01-22,622.35000000,620.76000000
2026-01-23,619.73000000,622.72000000
2026-01-26,623.21000000,625.46000000
2026-01-27,628.91000000,631.13000000
2026-01-28,635.46000000,633.22000000
2026-01-29,632.65000000,629.43000000
2026-01-30,625.71000000,621.87000000
2026-02-02,618.70000000,626.14000000
2026-02-03,628.30000000,616.52000000
2026-02-04,615.02000000,605.75000000
2026-02-05,600.21000000,597.03000000
2026-02-06,600.19000000,609.65000000
2026-02-09,607.54000000,614.32000000
2026-02-10,615.30000000,611.47000000
2026-02-11,616.38000000,613.11000000
2026-02-12,614.71000000,600.64000000
2026-02-13,600.43000000,601.92000000
2026-02-17,598.38000000,601.30000000
2026-02-18,602.11000000,605.79000000
2026-02-19,602.81000000,603.47000000
2026-02-20,600.12000000,608.81000000
2026-02-23,606.60000000,601.41000000
2026-02-24,602.40000000,607.87000000
2026-02-25,611.07000000,616.68000000
2026-02-26,615.59000000,609.24000000
2026-02-27,602.98000000,607.29000000
2026-03-02,598.86000000,608.09000000
2026-03-03,596.33000000,601.58000000
2026-03-04,604.16000000,610.75000000
2026-03-05,607.40000000,608.91000000
2026-03-06,600.31000000,599.75000000
2026-03-09,594.22000000,607.76000000
2026-03-10,607.78000000,607.77000000
2026-03-11,608.95000000,607.69000000
2026-03-12,602.76000000,597.26000000
2026-03-13,599.73000000,593.72000000
2026-03-16,600.04000000,600.38000000
2026-03-17,603.14000000,603.31000000
2026-03-18,601.49000000,594.90000000
2026-03-19,589.51000000,593.02000000
2026-03-20,591.06000000,582.06000000
2026-03-23,590.52000000,588.00000000
2026-03-24,584.81000000,583.98000000
2026-03-25,589.14000000,587.82000000
2026-03-26,582.60000000,573.79000000
2026-03-27,570.81000000,562.58000000
2026-03-30,567.38000000,558.28000000
2026-03-31,564.29000000,577.18000000
2026-04-01,581.48000000,584.31000000
2026-04-02,573.97000000,584.98000000
2026-04-06,586.23000000,588.50000000
2026-04-07,585.64000000,588.59000000
2026-04-08,608.71000000,606.09000000
2026-04-09,605.93000000,610.19000000
2026-04-10,611.84000000,611.07000000
2026-04-13,609.48000000,617.39000000
2026-04-14,620.22000000,628.60000000
2026-04-15,629.08000000,637.40000000
2026-04-16,639.21000000,640.47000000
2026-04-17,645.59000000,648.85000000
2026-04-20,648.04000000,646.79000000
2026-04-21,648.41000000,644.33000000
2026-04-22,650.15000000,655.11000000
2026-04-23,653.55000000,651.42000000
2026-04-24,658.51000000,663.88000000
2026-04-27,663.40000000,664.23000000
2026-04-28,657.41000000,657.55000000
2026-04-29,658.63000000,661.57000000
2026-04-30,665.35000000,667.74000000
2026-05-01,669.16000000,674.15000000
2026-05-04,674.66000000,672.88000000
2026-05-05,677.96000000,681.61000000
2026-05-06,687.78000000,695.77000000
2026-05-07,696.58000000,694.94000000
2026-05-08,699.92000000,711.23000000
2026-05-11,710.36000000,713.29000000
2026-05-12,708.22000000,707.24000000
2026-05-13,709.96000000,714.71000000
2026-05-14,714.62000000,719.79000000
2026-05-15,710.14000000,708.93000000
2026-05-18,711.54000000,705.88000000
2026-05-19,699.81000000,701.53000000
2026-05-20,705.29000000,713.15000000
2026-05-21,708.99000000,714.51000000
2026-05-22,718.07000000,717.54000000
2026-05-26,725.96000000,730.28000000
2026-05-27,732.96000000,729.45000000
2026-05-28,729.73000000,735.60000000
2026-05-29,737.84000000,738.31000000
2026-06-01,737.04000000,742.74000000
2026-06-02,742.40000000,746.16000000
2026-06-03,747.31000000,744.21000000
2026-06-04,735.48000000,740.61000000
2026-06-05,730.06000000,705.06000000
2026-06-08,717.81000000,716.07000000
2026-06-09,722.98000000,707.83000000
2026-06-10,701.66000000,693.69000000
2026-06-11,699.29000000,717.12000000
2026-06-12,717.61000000,721.34000000
2026-06-15,738.10000000,744.00000000
2026-06-16,742.25000000,729.86000000
2026-06-17,735.19000000,722.51000000
2026-06-18,737.20000000,740.62000000
2026-06-22,742.02000000,737.95000000
2026-06-23,715.74000000,713.65000000
2026-06-24,715.37000000,710.62000000
2026-06-25,725.90000000,716.38000000
2026-06-26,707.13000000,706.52000000
2026-06-29,713.99000000,724.08000000
2026-06-30,724.18000000,736.40000000
2026-07-01,729.19000000,725.17000000
2026-07-02,725.58000000,712.60000000
2026-07-06,719.93000000,722.82000000
2026-07-07,714.17000000,709.43000000
2026-07-08,704.95000000,711.44000000
2026-07-09,718.33000000,723.28000000
2026-07-10,720.70000000,725.51000000
2026-07-13,717.72000000,711.74000000
2026-07-14,720.22000000,719.69000000
2026-07-15,723.85000000,717.74000000
2026-07-16,712.01000000,705.94000000
2026-07-17,691.65000000,695.33000000
2026-07-20,702.16000000,696.06000000
2026-07-21,706.57000000,708.97000000
2026-07-22,703.62000000,705.35000000
2026-07-23,694.67000000,691.96000000
2026-07-24,690.41000000,684.23000000
2026-07-27,691.68000000,682.12000000
2026-07-28,676.23000000,675.49000000
2026-07-29,675.51000000,661.73000000
2026-07-30,674.76000000,683.55000000
2026-07-31,692.11000000,687.99000000
2026-08-03,688.30000000,700.07000000
2026-08-04,708.16000000,723.85000000
2026-08-05,726.25000000,717.30000000
2026-08-06,710.82000000,714.65000000
2026-08-07,720.15000000,723.03000000
2026-08-10,722.39000000,720.87000000
2026-08-11,723.29000000,718.45000000
2026-08-12,727.08000000,723.70000000
2026-08-13,725.15000000,732.07000000
2026-08-14,733.41000000,731.07000000
2026-08-17,732.95000000,729.87000000
2026-08-18,720.21000000,717.51000000
2026-08-19,720.39000000,716.08000000
2026-08-20,712.09000000,710.93000000
2026-08-21,715.23000000,713.44000000
2026-08-24,709.66000000,706.32000000
2026-08-25,711.22000000,710.72000000
2026-08-26,708.41000000,711.37000000
2026-08-27,716.93000000,721.11000000
2026-08-28,719.74000000,716.43000000
2026-08-31,715.17000000,716.76000000
2026-09-01,707.39000000,707.64000000
2026-09-02,707.10000000,709.24000000
2026-09-03,710.85000000,717.67000000
2026-09-04,719.34000000,718.96000000
2026-09-08,720.91000000,718.36000000
2026-09-09,716.40000000,716.31000000
2026-09-10,707.55000000,708.69000000
2026-09-11,715.68000000,714.88000000
2026-09-14,703.33000000,709.18000000
2026-09-15,708.80000000,704.54000000
2026-09-16,708.00000000,704.72000000
2026-09-17,715.95000000,716.92000000
2026-09-18,718.83000000,721.45000000
2026-09-21,727.89000000,741.47000000
2026-09-22,740.98000000,747.46000000
2026-09-23,746.97000000,741.21000000
2026-09-24,735.29000000,741.10000000
2026-09-25,742.83000000,744.50000000
2026-09-28,740.46000000,736.53000000
2026-09-29,740.15000000,737.93000000
2026-09-30,740.19000000,739.77000000
2026-10-01,742.51000000,742.03000000
2026-10-02,751.31000000,749.58000000
2026-10-05,749.35000000,756.20000000
