date,open,close
2010-01-04,112.37000000,113.33000000
2010-01-05,113.26000000,113.63000000
2010-01-06,113.52000000,113.71000000
2010-01-07,113.50000000,114.19000000
2010-01-08,113.89000000,114.57000000
2010-01-11,115.08000000,114.73000000
2010-01-12,113.97000000,113.66000000
2010-01-13,113.95000000,114.62000000
2010-01-14,114.49000000,114.93000000
2010-01-15,114.73000000,113.64000000
2010-01-19,113.62000000,115.06000000
2010-01-20,114.28000000,113.89000000
2010-01-21,113.92000000,111.70000000
2010-01-22,111.20000000,109.21000000
2010-01-25,110.21000000,109.77000000
2010-01-26,109.34000000,109.31000000
2010-01-27,109.17000000,109.83000000
2010-01-28,110.19000000,108.57000000
2010-01-29,109.04000000,107.39000000
2010-02-01,108.15000000,109.06000000
2010-02-02,109.26000000,110.38000000
2010-02-03,109.88000000,109.83000000
2010-02-04,108.98000000,106.44000000
2010-02-05,106.56000000,106.66000000
2010-02-08,106.74000000,105.89000000
2010-02-09,107.13000000,107.22000000
2010-02-10,107.05000000,107.01000000
2010-02-11,106.87000000,108.13000000
2010-02-12,106.99000000,108.04000000
2010-02-16,108.86000000,109.74000000
2010-02-17,110.27000000,110.26000000
2010-02-18,110.08000000,110.91000000
2010-02-19,110.62000000,111.14000000
2010-02-22,111.55000000,111.16000000
2010-02-23,110.86000000,109.81000000
2010-02-24,110.14000000,110.82000000
2010-02-25,109.24000000,110.67000000
2010-02-26,110.77000000,110.74000000
2010-03-01,111.20000000,111.89000000
2010-03-02,112.37000000,112.20000000
2010-03-03,112.49000000,112.30000000
2010-03-04,112.45000000,112.64000000
2010-03-05,113.37000000,114.25000000
2010-03-08,114.26000000,114.27000000
2010-03-09,113.93000000,114.46000000
2010-03-10,114.51000000,114.97000000
2010-03-11,114.70000000,115.45000000
2010-03-12,115.95000000,115.46000000
2010-03-15,115.26000000,115.49000000
2010-03-16,115.81000000,116.41000000
2010-03-17,116.76000000,117.10000000
2010-03-18,117.11000000,117.04000000
2010-03-19,116.96000000,115.97000000
2010-03-22,115.31000000,116.59000000
2010-03-23,116.76000000,117.41000000
2010-03-24,116.97000000,116.84000000
2010-03-25,117.63000000,116.65000000
2010-03-26,116.87000000,116.58000000
2010-03-29,117.17000000,117.32000000
2010-03-30,117.46000000,117.40000000
2010-03-31,116.95000000,117.00000000
2010-04-01,117.80000000,117.80000000
2010-04-05,118.25000000,118.76000000
2010-04-06,118.42000000,119.04000000
2010-04-07,118.80000000,118.36000000
2010-04-08,117.95000000,118.77000000
2010-04-09,119.02000000,119.55000000
2010-04-12,119.70000000,119.74000000
2010-04-13,119.62000000,119.83000000
2010-04-14,120.27000000,121.19000000
2010-04-15,120.99000000,121.29000000
2010-04-16,120.86000000,119.36000000
2010-04-19,119.01000000,119.81000000
2010-04-20,120.56000000,120.88000000
2010-04-21,120.95000000,120.66000000
2010-04-22,119.81000000,121.02000000
2010-04-23,120.94000000,121.81000000
2010-04-26,121.85000000,121.35000000
2010-04-27,120.65000000,118.48000000
2010-04-28,119.05000000,119.38000000
2010-04-29,120.10000000,120.86000000
2010-04-30,120.88000000,118.81000000
2010-05-03,119.38000000,120.35000000
2010-05-04,119.01000000,117.52000000
2010-05-05,116.56000000,116.82000000
2010-05-06,116.26000000,112.94000000
2010-05-07,112.64000000,111.26000000
2010-05-10,115.81000000,116.16000000
2010-05-11,115.07000000,115.83000000
2010-05-12,116.29000000,117.45000000
2010-05-13,117.13000000,115.99000000
2010-05-14,115.12000000,113.89000000
2010-05-17,114.20000000,113.95000000
2010-05-18,114.88000000,112.40000000
2010-05-19,111.77000000,111.76000000
2010-05-20,109.38000000,107.54000000
2010-05-21,105.91000000,109.11000000
2010-05-24,108.52000000,107.71000000
2010-05-25,105.11000000,107.82000000
2010-05-26,108.48000000,107.17000000
2010-05-27,109.19000000,110.76000000
2010-05-28,110.64000000,109.37000000
2010-06-01,108.35000000,107.53000000
2010-06-02,108.08000000,110.33000000
2010-06-03,110.65000000,110.71000000
2010-06-04,108.61000000,106.82000000
2010-06-07,107.20000000,105.49000000
2010-06-08,105.57000000,106.62000000
2010-06-09,107.24000000,106.05000000
2010-06-10,107.86000000,109.15000000
2010-06-11,108.19000000,109.68000000
2010-06-14,110.52000000,109.51000000
2010-06-15,110.28000000,112.00000000
2010-06-16,111.42000000,111.96000000
2010-06-17,112.28000000,112.14000000
2010-06-18,111.83000000,111.73000000
2010-06-21,113.12000000,111.41000000
2010-06-22,111.41000000,109.57000000
2010-06-23,109.64000000,109.23000000
2010-06-24,108.69000000,107.42000000
2010-06-25,107.74000000,107.87000000
2010-06-28,108.03000000,107.53000000
2010-06-29,106.02000000,104.21000000
2010-06-30,103.92000000,103.22000000
2010-07-01,103.15000000,102.76000000
2010-07-02,103.11000000,102.20000000
2010-07-06,103.64000000,102.87000000
2010-07-07,103.13000000,106.11000000
2010-07-08,107.00000000,107.16000000
2010-07-09,107.13000000,107.96000000
2010-07-12,107.60000000,108.03000000
2010-07-13,109.15000000,109.66000000
2010-07-14,109.31000000,109.65000000
2010-07-15,109.61000000,109.68000000
2010-07-16,109.09000000,106.66000000
2010-07-19,107.05000000,107.29000000
2010-07-20,105.87000000,108.48000000
2010-07-21,109.04000000,107.07000000
2010-07-22,108.34000000,109.46000000
2010-07-23,109.24000000,110.41000000
2010-07-26,110.60000000,111.56000000
2010-07-27,112.17000000,111.55000000
2010-07-28,111.32000000,110.83000000
2010-07-29,111.52000000,110.29000000
2010-07-30,109.17000000,110.27000000
2010-08-02,111.99000000,112.76000000
2010-08-03,112.48000000,112.22000000
2010-08-04,112.53000000,112.97000000
2010-08-05,112.25000000,112.85000000
2010-08-06,111.74000000,112.39000000
2010-08-09,112.92000000,112.99000000
2010-08-10,112.03000000,112.38000000
2010-08-11,110.65000000,109.30000000
2010-08-12,107.65000000,108.63000000
2010-08-13,108.29000000,108.31000000
2010-08-16,107.57000000,108.26000000
2010-08-17,109.19000000,109.59000000
2010-08-18,109.54000000,109.79000000
2010-08-19,109.22000000,107.88000000
2010-08-20,107.56000000,107.53000000
2010-08-23,108.04000000,107.12000000
2010-08-24,105.95000000,105.53000000
2010-08-25,104.95000000,105.94000000
2010-08-26,106.44000000,105.23000000
2010-08-27,105.89000000,106.86000000
2010-08-30,106.58000000,105.31000000
2010-08-31,104.92000000,105.31000000
2010-09-01,106.73000000,108.46000000
2010-09-02,108.72000000,109.47000000
2010-09-03,110.54000000,110.89000000
2010-09-07,110.37000000,109.64000000
2010-09-08,109.86000000,110.41000000
2010-09-09,111.65000000,110.92000000
2010-09-10,111.12000000,111.48000000
2010-09-13,112.58000000,112.72000000
2010-09-14,112.50000000,112.65000000
2010-09-15,112.32000000,113.08000000
2010-09-16,112.73000000,113.05000000
2010-09-17,113.04000000,112.49000000
2010-09-20,112.88000000,114.21000000
2010-09-21,114.30000000,113.98000000
2010-09-22,113.80000000,113.42000000
2010-09-23,112.49000000,112.50000000
2010-09-24,113.75000000,114.82000000
2010-09-27,114.86000000,114.27000000
2010-09-28,114.42000000,114.67000000
2010-09-29,114.38000000,114.47000000
2010-09-30,115.05000000,114.13000000
2010-10-01,114.99000000,114.61000000
2010-10-04,114.37000000,113.75000000
2010-10-05,114.80000000,116.04000000
2010-10-06,116.02000000,116.03000000
2010-10-07,116.50000000,115.89000000
2010-10-08,116.05000000,116.54000000
2010-10-11,116.72000000,116.65000000
2010-10-12,116.27000000,117.01000000
2010-10-13,117.66000000,117.92000000
2010-10-14,117.81000000,117.46000000
2010-10-15,118.28000000,117.70000000
2010-10-18,117.74000000,118.28000000
2010-10-19,117.19000000,116.73000000
2010-10-20,116.94000000,117.87000000
2010-10-21,118.40000000,118.13000000
2010-10-22,118.31000000,118.35000000
2010-10-25,119.14000000,118.70000000
2010-10-26,118.10000000,118.72000000
2010-10-27,117.89000000,118.38000000
2010-10-28,119.06000000,118.40000000
2010-10-29,118.28000000,118.49000000
2010-11-01,119.07000000,118.53000000
2010-11-02,119.42000000,119.47000000
2010-11-03,119.67000000,119.95000000
2010-11-04,121.28000000,122.26000000
2010-11-05,122.34000000,122.72000000
2010-11-08,122.34000000,122.49000000
2010-11-09,122.82000000,121.61000000
2010-11-10,121.58000000,122.10000000
2010-11-11,121.05000000,121.64000000
2010-11-12,120.82000000,120.20000000
2010-11-15,120.58000000,120.03000000
2010-11-16,119.29000000,118.16000000
2010-11-17,118.21000000,118.22000000
2010-11-18,119.36000000,119.96000000
2010-11-19,119.90000000,120.29000000
2010-11-22,119.69000000,120.19000000
2010-11-23,118.77000000,118.45000000
2010-11-24,119.20000000,120.20000000
2010-11-26,119.16000000,119.29000000
2010-11-29,118.50000000,119.16000000
2010-11-30,117.98000000,118.49000000
2010-12-01,120.20000000,121.01000000
2010-12-02,121.20000000,122.56000000
2010-12-03,122.14000000,122.89000000
2010-12-06,122.63000000,122.76000000
2010-12-07,123.94000000,122.83000000
2010-12-08,122.98000000,123.28000000
2010-12-09,123.97000000,123.76000000
2010-12-10,124.14000000,124.48000000
2010-12-13,125.05000000,124.56000000
2010-12-14,124.75000000,124.67000000
2010-12-15,124.44000000,124.10000000
2010-12-16,124.18000000,124.82000000
2010-12-17,124.08000000,124.30000000
2010-12-20,124.64000000,124.60000000
2010-12-21,124.99000000,125.39000000
2010-12-22,125.48000000,125.78000000
2010-12-23,125.64000000,125.60000000
2010-12-27,125.13000000,125.65000000
2010-12-28,125.90000000,125.83000000
2010-12-29,125.98000000,125.92000000
2010-12-30,125.80000000,125.72000000
2010-12-31,125.53000000,125.75000000
2011-01-03,126.71000000,127.05000000
2011-01-04,127.33000000,126.98000000
2011-01-05,126.58000000,127.64000000
2011-01-06,127.69000000,127.39000000
2011-01-07,127.56000000,127.14000000
2011-01-10,126.58000000,126.98000000
2011-01-11,127.44000000,127.43000000
2011-01-12,128.21000000,128.58000000
2011-01-13,128.63000000,128.37000000
2011-01-14,128.19000000,129.30000000
2011-01-18,129.18000000,129.52000000
2011-01-19,129.41000000,128.25000000
2011-01-20,127.96000000,128.08000000
2011-01-21,128.88000000,128.37000000
2011-01-24,128.28000000,129.10000000
2011-01-25,128.76000000,129.17000000
2011-01-26,129.49000000,129.67000000
2011-01-27,129.70000000,129.99000000
2011-01-28,130.14000000,127.72000000
2011-01-31,128.07000000,128.68000000
2011-02-01,129.46000000,130.74000000
2011-02-02,130.40000000,130.49000000
2011-02-03,130.26000000,130.78000000
2011-02-04,130.83000000,131.15000000
2011-02-07,131.44000000,131.97000000
2011-02-08,132.09000000,132.57000000
2011-02-09,132.21000000,132.27000000
2011-02-10,131.60000000,132.32000000
2011-02-11,131.80000000,133.11000000
2011-02-14,133.03000000,133.43000000
2011-02-15,133.02000000,133.01000000
2011-02-16,133.46000000,133.85000000
2011-02-17,133.46000000,134.25000000
2011-02-18,134.37000000,134.53000000
2011-02-22,133.12000000,131.83000000
2011-02-23,131.75000000,131.02000000
2011-02-24,130.88000000,130.93000000
2011-02-25,131.48000000,132.33000000
2011-02-28,132.82000000,133.15000000
2011-03-01,133.57000000,130.93000000
2011-03-02,130.75000000,131.21000000
2011-03-03,132.40000000,133.47000000
2011-03-04,133.37000000,132.47000000
2011-03-07,132.86000000,131.43000000
2011-03-08,131.64000000,132.58000000
2011-03-09,132.32000000,132.39000000
2011-03-10,131.00000000,129.94000000
2011-03-11,129.52000000,130.84000000
2011-03-14,129.99000000,130.05000000
2011-03-15,126.59000000,128.56000000
2011-03-16,128.15000000,126.17000000
2011-03-17,128.00000000,127.85000000
2011-03-18,128.84000000,127.76000000
2011-03-21,129.35000000,129.74000000
2011-03-22,129.72000000,129.29000000
2011-03-23,128.93000000,129.66000000
2011-03-24,130.40000000,130.90000000
2011-03-25,131.24000000,131.30000000
2011-03-28,131.58000000,130.98000000
2011-03-29,130.87000000,131.86000000
2011-03-30,132.55000000,132.77000000
2011-03-31,132.60000000,132.59000000
2011-04-01,133.41000000,133.15000000
2011-04-04,133.43000000,133.26000000
2011-04-05,133.00000000,133.24000000
2011-04-06,133.88000000,133.66000000
2011-04-07,133.42000000,133.32000000
2011-04-08,133.91000000,132.86000000
2011-04-11,133.00000000,132.46000000
2011-04-12,131.72000000,131.47000000
2011-04-13,132.08000000,131.46000000
2011-04-14,130.70000000,131.56000000
2011-04-15,131.80000000,132.04000000
2011-04-18,130.59000000,130.56000000
2011-04-19,130.76000000,131.31000000
2011-04-20,132.88000000,133.10000000
2011-04-21,133.79000000,133.78000000
2011-04-25,133.68000000,133.64000000
2011-04-26,134.05000000,134.79000000
2011-04-27,135.05000000,135.67000000
2011-04-28,135.43000000,136.11000000
2011-04-29,136.16000000,136.43000000
2011-05-02,137.07000000,136.22000000
2011-05-03,135.96000000,135.73000000
2011-05-04,135.67000000,134.83000000
2011-05-05,134.08000000,133.61000000
2011-05-06,134.94000000,134.20000000
2011-05-09,134.19000000,134.72000000
2011-05-10,135.17000000,135.87000000
2011-05-11,135.67000000,134.44000000
2011-05-12,134.08000000,135.08000000
2011-05-13,135.15000000,134.04000000
2011-05-16,133.56000000,133.19000000
2011-05-17,132.69000000,133.17000000
2011-05-18,133.24000000,134.36000000
2011-05-19,134.80000000,134.68000000
2011-05-20,134.33000000,133.61000000
2011-05-23,131.98000000,132.06000000
2011-05-24,132.44000000,131.95000000
2011-05-25,131.42000000,132.39000000
2011-05-26,132.03000000,133.00000000
2011-05-27,133.37000000,133.51000000
2011-05-31,134.77000000,134.90000000
2011-06-01,134.51000000,131.87000000
2011-06-02,131.96000000,131.73000000
2011-06-03,130.15000000,130.42000000
2011-06-06,130.09000000,129.04000000
2011-06-07,129.70000000,128.96000000
2011-06-08,128.76000000,128.42000000
2011-06-09,128.77000000,129.40000000
2011-06-10,128.85000000,127.60000000
2011-06-13,127.89000000,127.70000000
2011-06-14,128.87000000,129.32000000
2011-06-15,128.24000000,127.02000000
2011-06-16,127.06000000,127.30000000
2011-06-17,127.93000000,127.05000000
2011-06-20,126.62000000,127.70000000
2011-06-21,128.36000000,129.45000000
2011-06-22,129.05000000,128.67000000
2011-06-23,127.16000000,128.30000000
2011-06-24,128.27000000,126.81000000
2011-06-27,126.89000000,127.94000000
2011-06-28,128.45000000,129.61000000
2011-06-29,130.20000000,130.72000000
2011-06-30,131.14000000,131.97000000
2011-07-01,132.09000000,133.92000000
2011-07-05,133.78000000,133.81000000
2011-07-06,133.49000000,133.97000000
2011-07-07,135.16000000,135.36000000
2011-07-08,133.83000000,134.40000000
2011-07-11,132.75000000,131.97000000
2011-07-12,131.69000000,131.40000000
2011-07-13,132.09000000,131.84000000
2011-07-14,132.17000000,130.93000000
2011-07-15,131.66000000,131.69000000
2011-07-18,131.08000000,130.61000000
2011-07-19,131.34000000,132.73000000
2011-07-20,133.07000000,132.65000000
2011-07-21,133.40000000,134.49000000
2011-07-22,134.52000000,134.58000000
2011-07-25,133.30000000,133.83000000
2011-07-26,133.74000000,133.33000000
2011-07-27,132.59000000,130.60000000
2011-07-28,130.60000000,130.22000000
2011-07-29,128.91000000,129.33000000
2011-08-01,130.84000000,128.78000000
2011-08-02,127.81000000,125.49000000
2011-08-03,125.66000000,126.17000000
2011-08-04,124.42000000,120.26000000
2011-08-05,121.76000000,120.08000000
2011-08-08,116.91000000,112.26000000
2011-08-09,114.07000000,117.48000000
2011-08-10,115.26000000,112.29000000
2011-08-11,113.26000000,117.33000000
2011-08-12,118.40000000,118.12000000
2011-08-15,119.19000000,120.62000000
2011-08-16,119.47000000,119.59000000
2011-08-17,120.25000000,119.67000000
2011-08-18,116.50000000,114.51000000
2011-08-19,112.96000000,112.64000000
2011-08-22,115.17000000,112.73000000
2011-08-23,113.15000000,116.44000000
2011-08-24,116.19000000,118.08000000
2011-08-25,118.73000000,116.28000000
2011-08-26,115.69000000,117.97000000
2011-08-29,119.56000000,121.36000000
2011-08-30,120.83000000,121.68000000
2011-08-31,122.46000000,122.22000000
2011-09-01,122.29000000,120.94000000
2011-09-02,118.42000000,117.85000000
2011-09-06,114.39000000,116.99000000
2011-09-07,118.76000000,120.29000000
2011-09-08,119.57000000,119.04000000
2011-09-09,117.68000000,115.92000000
2011-09-12,114.47000000,116.67000000
2011-09-13,117.05000000,117.74000000
2011-09-14,118.34000000,119.37000000
2011-09-15,120.65000000,121.43000000
2011-09-16,121.29000000,121.52000000
2011-09-19,119.53000000,120.31000000
2011-09-20,120.82000000,120.17000000
2011-09-21,120.23000000,116.63000000
2011-09-22,113.25000000,112.86000000
2011-09-23,112.11000000,113.54000000
2011-09-26,114.61000000,116.24000000
2011-09-27,118.53000000,117.54000000
2011-09-28,117.78000000,115.14000000
2011-09-29,117.05000000,116.05000000
2011-09-30,114.45000000,113.15000000
2011-10-03,112.49000000,109.93000000
2011-10-04,108.35000000,112.34000000
2011-10-05,112.62000000,114.42000000
2011-10-06,114.36000000,116.49000000
2011-10-07,117.17000000,115.71000000
2011-10-10,117.68000000,119.58000000
2011-10-11,118.87000000,119.70000000
2011-10-12,120.60000000,120.75000000
2011-10-13,120.04000000,120.51000000
2011-10-14,121.91000000,122.57000000
2011-10-17,121.99000000,120.23000000
2011-10-18,120.14000000,122.58000000
2011-10-19,122.38000000,121.13000000
2011-10-20,121.43000000,121.66000000
2011-10-21,123.09000000,123.97000000
2011-10-24,124.17000000,125.49000000
2011-10-25,124.89000000,123.05000000
2011-10-26,124.35000000,124.30000000
2011-10-27,127.63000000,128.63000000
2011-10-28,128.00000000,128.60000000
2011-10-31,127.16000000,125.50000000
2011-11-01,122.03000000,122.00000000
2011-11-02,123.83000000,123.99000000
2011-11-03,125.27000000,126.25000000
2011-11-04,125.23000000,125.48000000
2011-11-07,125.39000000,126.26000000
2011-11-08,126.92000000,127.88000000
2011-11-09,124.89000000,123.16000000
2011-11-10,124.79000000,124.32000000
2011-11-11,125.83000000,126.66000000
2011-11-14,126.19000000,125.46000000
2011-11-15,125.17000000,126.08000000
2011-11-16,124.81000000,124.08000000
2011-11-17,123.85000000,122.11000000
2011-11-18,122.50000000,121.98000000
2011-11-21,120.20000000,119.66000000
2011-11-22,119.40000000,119.19000000
2011-11-23,118.07000000,116.56000000
2011-11-25,116.38000000,116.34000000
2011-11-28,119.54000000,119.71000000
2011-11-29,120.05000000,120.05000000
2011-11-30,123.49000000,124.99000000
2011-12-01,124.85000000,124.97000000
2011-12-02,126.12000000,124.86000000
2011-12-05,126.84000000,126.22000000
2011-12-06,126.21000000,126.26000000
2011-12-07,125.84000000,126.73000000
2011-12-08,125.90000000,123.95000000
2011-12-09,124.51000000,126.05000000
2011-12-12,124.95000000,124.21000000
2011-12-13,124.86000000,123.05000000
2011-12-14,122.56000000,121.74000000
2011-12-15,123.03000000,122.19000000
2011-12-16,122.23000000,121.59000000
2011-12-19,122.06000000,120.29000000
2011-12-20,122.18000000,123.93000000
2011-12-21,123.93000000,124.17000000
2011-12-22,124.63000000,125.27000000
2011-12-23,125.67000000,126.39000000
2011-12-27,126.17000000,126.49000000
2011-12-28,126.51000000,124.83000000
2011-12-29,125.24000000,126.12000000
2011-12-30,126.02000000,125.50000000
2012-01-03,127.76000000,127.50000000
2012-01-04,127.20000000,127.70000000
2012-01-05,127.01000000,128.04000000
2012-01-06,128.20000000,127.71000000
2012-01-09,128.00000000,128.02000000
2012-01-10,129.39000000,129.13000000
2012-01-11,128.73000000,129.20000000
2012-01-12,129.57000000,129.51000000
2012-01-13,128.64000000,128.84000000
2012-01-17,130.08000000,129.34000000
2012-01-18,129.31000000,130.77000000
2012-01-19,131.22000000,131.46000000
2012-01-20,131.24000000,131.95000000
2012-01-23,131.51000000,131.61000000
2012-01-24,130.80000000,131.46000000
2012-01-25,131.26000000,132.56000000
2012-01-26,133.15000000,131.88000000
2012-01-27,131.24000000,131.82000000
2012-01-30,130.51000000,131.37000000
2012-01-31,132.02000000,131.32000000
2012-02-01,132.29000000,132.47000000
2012-02-02,132.73000000,132.68000000
2012-02-03,134.00000000,134.54000000
2012-02-06,133.98000000,134.45000000
2012-02-07,134.17000000,134.79000000
2012-02-08,134.86000000,135.19000000
2012-02-09,135.41000000,135.36000000
2012-02-10,134.16000000,134.36000000
2012-02-13,135.32000000,135.36000000
2012-02-14,135.00000000,135.19000000
2012-02-15,135.63000000,134.56000000
2012-02-16,134.57000000,136.05000000
2012-02-17,136.52000000,136.41000000
2012-02-21,136.73000000,136.47000000
2012-02-22,136.26000000,136.03000000
2012-02-23,135.96000000,136.63000000
2012-02-24,136.93000000,136.93000000
2012-02-27,136.02000000,137.16000000
2012-02-28,137.20000000,137.56000000
2012-02-29,137.76000000,137.02000000
2012-03-01,137.31000000,137.73000000
2012-03-02,137.64000000,137.31000000
2012-03-05,137.10000000,136.75000000
2012-03-06,135.35000000,134.75000000
2012-03-07,135.06000000,135.69000000
2012-03-08,136.52000000,137.04000000
2012-03-09,137.30000000,137.57000000
2012-03-12,137.55000000,137.58000000
2012-03-13,138.32000000,140.06000000
2012-03-14,140.10000000,139.91000000
2012-03-15,140.12000000,140.72000000
2012-03-16,140.36000000,140.30000000
2012-03-19,140.21000000,140.85000000
2012-03-20,140.05000000,140.44000000
2012-03-21,140.52000000,140.21000000
2012-03-22,139.18000000,139.20000000
2012-03-23,139.32000000,139.65000000
2012-03-26,140.65000000,141.61000000
2012-03-27,141.74000000,141.17000000
2012-03-28,141.10000000,140.47000000
2012-03-29,139.64000000,140.23000000
2012-03-30,140.92000000,140.81000000
2012-04-02,140.64000000,141.84000000
2012-04-03,141.64000000,141.26000000
2012-04-04,140.22000000,139.86000000
2012-04-05,139.38000000,139.79000000
2012-04-09,138.03000000,138.22000000
2012-04-10,137.95000000,135.90000000
2012-04-11,137.29000000,137.00000000
2012-04-12,137.13000000,138.79000000
2012-04-13,138.47000000,137.14000000
2012-04-16,137.84000000,137.05000000
2012-04-17,137.84000000,139.08000000
2012-04-18,138.46000000,138.61000000
2012-04-19,138.63000000,137.72000000
2012-04-20,138.33000000,137.95000000
2012-04-23,136.54000000,136.79000000
2012-04-24,136.91000000,137.31000000
2012-04-25,138.65000000,139.19000000
2012-04-26,138.89000000,140.16000000
2012-04-27,140.58000000,140.39000000
2012-04-30,140.11000000,139.87000000
2012-05-01,139.79000000,140.74000000
2012-05-02,139.92000000,140.32000000
2012-05-03,140.34000000,139.25000000
2012-05-04,138.51000000,137.00000000
2012-05-07,136.51000000,137.10000000
2012-05-08,136.28000000,136.55000000
2012-05-09,135.10000000,135.74000000
2012-05-10,136.68000000,136.02000000
2012-05-11,135.17000000,135.61000000
2012-05-14,134.31000000,134.11000000
2012-05-15,134.02000000,133.34000000
2012-05-16,133.94000000,132.83000000
2012-05-17,132.86000000,130.86000000
2012-05-18,131.37000000,129.74000000
2012-05-21,130.16000000,131.97000000
2012-05-22,132.31000000,132.20000000
2012-05-23,131.25000000,132.27000000
2012-05-24,132.63000000,132.53000000
2012-05-25,132.48000000,132.10000000
2012-05-29,133.16000000,133.70000000
2012-05-30,132.56000000,131.76000000
2012-05-31,131.71000000,131.47000000
2012-06-01,129.41000000,128.16000000
2012-06-04,128.39000000,128.10000000
2012-06-05,127.85000000,129.07000000
2012-06-06,129.97000000,131.97000000
2012-06-07,133.47000000,132.05000000
2012-06-08,131.71000000,133.10000000
2012-06-11,134.17000000,131.41000000
2012-06-12,131.79000000,132.92000000
2012-06-13,132.53000000,132.07000000
2012-06-14,132.34000000,133.47000000
2012-06-15,133.38000000,134.14000000
2012-06-18,133.58000000,134.40000000
2012-06-19,135.08000000,135.70000000
2012-06-20,135.71000000,135.48000000
2012-06-21,135.64000000,132.44000000
2012-06-22,133.13000000,133.46000000
2012-06-25,132.05000000,131.32000000
2012-06-26,131.70000000,131.98000000
2012-06-27,132.42000000,133.17000000
2012-06-28,132.29000000,132.79000000
2012-06-29,135.20000000,136.10000000
2012-07-02,136.48000000,136.51000000
2012-07-03,136.48000000,137.41000000
2012-07-05,136.90000000,136.79000000
2012-07-06,135.47000000,135.49000000
2012-07-09,135.38000000,135.32000000
2012-07-10,136.01000000,134.14000000
2012-07-11,134.21000000,134.16000000
2012-07-12,133.38000000,133.51000000
2012-07-13,133.86000000,135.75000000
2012-07-16,135.44000000,135.43000000
2012-07-17,135.97000000,136.36000000
2012-07-18,136.04000000,137.37000000
2012-07-19,137.65000000,137.73000000
2012-07-20,136.95000000,136.47000000
2012-07-23,134.47000000,135.09000000
2012-07-24,135.19000000,133.93000000
2012-07-25,134.21000000,133.96000000
2012-07-26,135.89000000,136.17000000
2012-07-27,136.89000000,138.68000000
2012-07-30,138.52000000,138.68000000
2012-07-31,138.49000000,137.71000000
2012-08-01,138.70000000,137.59000000
2012-08-02,136.55000000,136.64000000
2012-08-03,138.56000000,139.35000000
2012-08-06,139.72000000,139.62000000
2012-08-07,140.18000000,140.32000000
2012-08-08,139.85000000,140.49000000
2012-08-09,140.29000000,140.61000000
2012-08-10,140.04000000,140.84000000
2012-08-13,140.60000000,140.77000000
2012-08-14,141.29000000,140.79000000
2012-08-15,140.64000000,140.95000000
2012-08-16,141.15000000,141.99000000
2012-08-17,142.23000000,142.18000000
2012-08-20,141.98000000,142.19000000
2012-08-21,142.54000000,141.76000000
2012-08-22,141.40000000,141.82000000
2012-08-23,141.47000000,140.66000000
2012-08-24,140.31000000,141.51000000
2012-08-27,141.89000000,141.54000000
2012-08-28,141.18000000,141.40000000
2012-08-29,141.52000000,141.51000000
2012-08-30,140.90000000,140.49000000
2012-08-31,141.29000000,141.16000000
2012-09-04,141.04000000,141.03000000
2012-09-05,141.09000000,140.91000000
2012-09-06,141.76000000,143.77000000
2012-09-07,144.01000000,144.33000000
2012-09-10,144.19000000,143.51000000
2012-09-11,143.60000000,143.91000000
2012-09-12,144.39000000,144.39000000
2012-09-13,144.37000000,146.59000000
2012-09-14,146.88000000,147.24000000
2012-09-17,146.94000000,146.74000000
2012-09-18,146.49000000,146.62000000
2012-09-19,146.79000000,146.70000000
2012-09-20,146.03000000,146.71000000
2012-09-21,146.64000000,145.87000000
2012-09-24,145.15000000,145.65000000
2012-09-25,145.96000000,144.10000000
2012-09-26,144.06000000,143.29000000
2012-09-27,143.89000000,144.64000000
2012-09-28,144.09000000,143.97000000
2012-10-01,144.52000000,144.34000000
2012-10-02,144.92000000,144.50000000
2012-10-03,144.89000000,145.09000000
2012-10-04,145.64000000,146.12000000
2012-10-05,146.91000000,146.14000000
2012-10-08,145.60000000,145.64000000
2012-10-09,145.53000000,144.20000000
2012-10-10,144.18000000,143.28000000
2012-10-11,144.28000000,143.36000000
2012-10-12,143.46000000,142.89000000
2012-10-15,143.23000000,144.08000000
2012-10-16,144.76000000,145.54000000
2012-10-17,145.64000000,146.20000000
2012-10-18,145.82000000,145.82000000
2012-10-19,145.55000000,143.39000000
2012-10-22,143.15000000,143.41000000
2012-10-23,141.86000000,141.42000000
2012-10-24,141.93000000,141.02000000
2012-10-25,142.02000000,141.43000000
2012-10-26,141.30000000,141.35000000
2012-10-31,141.85000000,141.35000000
2012-11-01,141.65000000,142.83000000
2012-11-02,143.68000000,141.56000000
2012-11-05,141.35000000,141.85000000
2012-11-06,142.28000000,142.96000000
2012-11-07,141.66000000,139.72000000
2012-11-08,139.70000000,138.04000000
2012-11-09,137.62000000,138.16000000
2012-11-12,138.59000000,138.26000000
2012-11-13,137.54000000,137.79000000
2012-11-14,138.21000000,135.93000000
2012-11-15,135.98000000,135.70000000
2012-11-16,135.90000000,136.37000000
2012-11-19,137.90000000,139.13000000
2012-11-20,138.91000000,139.19000000
2012-11-21,139.31000000,139.45000000
2012-11-23,140.13000000,141.35000000
2012-11-26,140.65000000,141.05000000
2012-11-27,140.91000000,140.33000000
2012-11-28,139.76000000,141.46000000
2012-11-29,141.99000000,142.12000000
2012-11-30,142.14000000,142.16000000
2012-12-03,142.80000000,141.45000000
2012-12-04,141.44000000,141.25000000
2012-12-05,141.37000000,141.50000000
2012-12-06,141.37000000,141.98000000
2012-12-07,142.53000000,142.41000000
2012-12-10,142.21000000,142.47000000
2012-12-11,143.06000000,143.44000000
2012-12-12,144.00000000,143.51000000
2012-12-13,143.42000000,142.63000000
2012-12-14,142.32000000,142.11000000
2012-12-17,142.47000000,143.77000000
2012-12-18,144.00000000,145.37000000
2012-12-19,145.53000000,144.29000000
2012-12-20,144.38000000,145.12000000
2012-12-21,142.17000000,142.79000000
2012-12-24,142.48000000,142.35000000
2012-12-26,142.64000000,141.75000000
2012-12-27,141.79000000,141.56000000
2012-12-28,140.64000000,140.03000000
2012-12-31,139.66000000,142.41000000
2013-01-02,145.11000000,146.06000000
2013-01-03,145.99000000,145.73000000
2013-01-04,145.97000000,146.37000000
2013-01-07,145.85000000,145.97000000
2013-01-08,145.71000000,145.55000000
2013-01-09,145.87000000,145.92000000
2013-01-10,146.73000000,147.08000000
2013-01-11,147.04000000,147.07000000
2013-01-14,146.89000000,146.97000000
2013-01-15,146.29000000,147.07000000
2013-01-16,146.77000000,147.05000000
2013-01-17,147.70000000,148.00000000
2013-01-18,147.97000000,148.33000000
2013-01-22,148.33000000,149.13000000
2013-01-23,149.13000000,149.37000000
2013-01-24,149.15000000,149.41000000
2013-01-25,149.88000000,150.25000000
2013-01-28,150.29000000,150.07000000
2013-01-29,149.77000000,150.66000000
2013-01-30,150.64000000,150.07000000
2013-01-31,149.89000000,149.70000000
2013-02-01,150.65000000,151.24000000
2013-02-04,150.32000000,149.53000000
2013-02-05,150.35000000,151.05000000
2013-02-06,150.52000000,151.16000000
2013-02-07,151.21000000,150.96000000
2013-02-08,151.22000000,151.80000000
2013-02-11,151.74000000,151.77000000
2013-02-12,151.78000000,152.02000000
2013-02-13,152.33000000,152.15000000
2013-02-14,151.69000000,152.29000000
2013-02-15,152.43000000,152.11000000
2013-02-19,152.37000000,153.25000000
2013-02-20,153.14000000,151.34000000
2013-02-21,150.96000000,150.42000000
2013-02-22,151.15000000,151.89000000
2013-02-25,152.63000000,149.00000000
2013-02-26,149.72000000,150.02000000
2013-02-27,149.89000000,151.91000000
2013-02-28,151.90000000,151.61000000
2013-03-01,151.09000000,152.11000000
2013-03-04,151.76000000,152.92000000
2013-03-05,153.66000000,154.29000000
2013-03-06,154.84000000,154.50000000
2013-03-07,154.70000000,154.78000000
2013-03-08,155.46000000,155.44000000
2013-03-11,155.32000000,156.03000000
2013-03-12,155.92000000,155.68000000
2013-03-13,155.76000000,155.91000000
2013-03-14,156.31000000,156.73000000
2013-03-15,155.85000000,155.83000000
2013-03-18,154.34000000,154.97000000
2013-03-19,155.30000000,154.61000000
2013-03-20,155.52000000,155.69000000
2013-03-21,154.76000000,154.36000000
2013-03-22,154.85000000,155.60000000
2013-03-25,156.01000000,154.95000000
2013-03-26,155.59000000,156.19000000
2013-03-27,155.26000000,156.19000000
2013-03-28,156.09000000,156.67000000
2013-04-01,156.59000000,156.05000000
2013-04-02,156.61000000,156.82000000
2013-04-03,156.91000000,155.23000000
2013-04-04,155.43000000,155.86000000
2013-04-05,153.95000000,155.16000000
2013-04-08,155.27000000,156.21000000
2013-04-09,156.50000000,156.75000000
2013-04-10,157.17000000,158.67000000
2013-04-11,158.70000000,159.19000000
2013-04-12,158.68000000,158.80000000
2013-04-15,158.00000000,155.12000000
2013-04-16,156.29000000,157.41000000
2013-04-17,156.29000000,155.11000000
2013-04-18,155.37000000,154.14000000
2013-04-19,154.50000000,155.48000000
2013-04-22,155.78000000,156.17000000
2013-04-23,156.95000000,157.78000000
2013-04-24,157.83000000,157.88000000
2013-04-25,158.34000000,158.52000000
2013-04-26,158.33000000,158.24000000
2013-04-29,158.67000000,159.30000000
2013-04-30,159.27000000,159.68000000
2013-05-01,159.33000000,158.28000000
2013-05-02,158.68000000,159.75000000
2013-05-03,161.14000000,161.37000000
2013-05-06,161.49000000,161.78000000
2013-05-07,162.13000000,162.60000000
2013-05-08,162.42000000,163.34000000
2013-05-09,163.27000000,162.88000000
2013-05-10,162.99000000,163.41000000
2013-05-13,163.20000000,163.54000000
2013-05-14,163.67000000,165.23000000
2013-05-15,164.96000000,166.12000000
2013-05-16,165.78000000,165.34000000
2013-05-17,165.95000000,166.94000000
2013-05-20,166.78000000,166.93000000
2013-05-21,167.08000000,167.17000000
2013-05-22,167.34000000,165.93000000
2013-05-23,164.16000000,165.45000000
2013-05-24,164.47000000,165.31000000
2013-05-28,167.04000000,166.30000000
2013-05-29,165.42000000,165.22000000
2013-05-30,165.35000000,165.83000000
2013-05-31,165.37000000,163.44000000
2013-06-03,163.83000000,164.35000000
2013-06-04,164.44000000,163.56000000
2013-06-05,163.09000000,161.27000000
2013-06-06,161.20000000,162.73000000
2013-06-07,163.85000000,164.80000000
2013-06-10,165.31000000,164.80000000
2013-06-11,163.30000000,163.10000000
2013-06-12,164.22000000,161.75000000
2013-06-13,161.66000000,164.21000000
2013-06-14,164.03000000,163.18000000
2013-06-17,164.29000000,164.44000000
2013-06-18,164.53000000,165.74000000
2013-06-19,165.60000000,163.45000000
2013-06-20,161.86000000,159.40000000
2013-06-21,159.64000000,159.07000000
2013-06-24,157.41000000,157.06000000
2013-06-25,158.48000000,158.57000000
2013-06-26,159.87000000,160.14000000
2013-06-27,161.10000000,161.08000000
2013-06-28,160.63000000,160.42000000
2013-07-01,161.26000000,161.36000000
2013-07-02,161.12000000,161.21000000
2013-07-03,160.48000000,161.28000000
2013-07-05,162.47000000,163.02000000
2013-07-08,163.86000000,163.94000000
2013-07-09,164.98000000,165.13000000
2013-07-10,164.97000000,165.19000000
2013-07-11,167.11000000,167.44000000
2013-07-12,167.39000000,167.51000000
2013-07-15,167.97000000,168.16000000
2013-07-16,168.26000000,167.53000000
2013-07-17,168.16000000,167.95000000
2013-07-18,168.31000000,168.87000000
2013-07-19,168.52000000,169.17000000
2013-07-22,169.41000000,169.50000000
2013-07-23,169.80000000,169.14000000
2013-07-24,169.79000000,168.52000000
2013-07-25,168.22000000,168.93000000
2013-07-26,168.22000000,169.11000000
2013-07-29,168.68000000,168.59000000
2013-07-30,169.10000000,168.59000000
2013-07-31,168.94000000,168.71000000
2013-08-01,169.99000000,170.66000000
2013-08-02,170.28000000,170.95000000
2013-08-05,170.57000000,170.70000000
2013-08-06,170.37000000,169.73000000
2013-08-07,169.19000000,169.18000000
2013-08-08,169.98000000,169.80000000
2013-08-09,169.58000000,169.31000000
2013-08-12,168.46000000,169.11000000
2013-08-13,169.41000000,169.61000000
2013-08-14,169.53000000,168.74000000
2013-08-15,167.41000000,166.38000000
2013-08-16,166.06000000,165.83000000
2013-08-19,165.64000000,164.77000000
2013-08-20,165.04000000,165.58000000
2013-08-21,165.12000000,164.56000000
2013-08-22,164.90000000,166.06000000
2013-08-23,166.55000000,166.62000000
2013-08-26,166.79000000,166.00000000
2013-08-27,164.36000000,163.33000000
2013-08-28,163.26000000,163.91000000
2013-08-29,163.55000000,164.17000000
2013-08-30,164.51000000,163.65000000
2013-09-03,165.23000000,164.39000000
2013-09-04,164.43000000,165.75000000
2013-09-05,165.85000000,165.96000000
2013-09-06,166.51000000,166.04000000
2013-09-09,166.45000000,167.63000000
2013-09-10,168.64000000,168.87000000
2013-09-11,168.64000000,169.40000000
2013-09-12,169.34000000,168.95000000
2013-09-13,169.13000000,169.33000000
2013-09-16,171.16000000,170.31000000
2013-09-17,170.46000000,171.07000000
2013-09-18,171.01000000,173.05000000
2013-09-19,173.52000000,172.76000000
2013-09-20,172.33000000,170.72000000
2013-09-23,170.49000000,169.93000000
2013-09-24,169.90000000,169.53000000
2013-09-25,169.64000000,169.04000000
2013-09-26,169.32000000,169.69000000
2013-09-27,168.84000000,168.91000000
2013-09-30,167.48000000,168.01000000
2013-10-01,168.14000000,169.34000000
2013-10-02,168.35000000,169.18000000
2013-10-03,168.79000000,167.62000000
2013-10-04,167.75000000,168.89000000
2013-10-07,167.42000000,167.43000000
2013-10-08,167.40000000,165.48000000
2013-10-09,165.80000000,165.60000000
2013-10-10,167.29000000,169.17000000
2013-10-11,168.91000000,170.26000000
2013-10-14,169.21000000,170.94000000
2013-10-15,170.51000000,169.70000000
2013-10-16,170.72000000,172.07000000
2013-10-17,171.37000000,173.22000000
2013-10-18,173.86000000,174.39000000
2013-10-21,174.45000000,174.40000000
2013-10-22,174.91000000,175.41000000
2013-10-23,174.81000000,174.57000000
2013-10-24,174.92000000,175.15000000
2013-10-25,175.51000000,175.95000000
2013-10-28,175.89000000,176.23000000
2013-10-29,176.63000000,177.17000000
2013-10-30,177.38000000,176.29000000
2013-10-31,176.15000000,175.79000000
2013-11-01,176.02000000,176.21000000
2013-11-04,176.69000000,176.83000000
2013-11-05,176.14000000,176.27000000
2013-11-06,177.03000000,177.17000000
2013-11-07,177.50000000,174.93000000
2013-11-08,174.87000000,177.29000000
2013-11-11,177.12000000,177.32000000
2013-11-12,176.94000000,176.96000000
2013-11-13,176.09000000,178.38000000
2013-11-14,178.54000000,179.27000000
2013-11-15,179.56000000,180.05000000
2013-11-18,180.35000000,179.42000000
2013-11-19,179.33000000,179.03000000
2013-11-20,179.39000000,178.47000000
2013-11-21,178.97000000,179.91000000
2013-11-22,179.98000000,180.81000000
2013-11-25,181.13000000,180.63000000
2013-11-26,180.72000000,180.68000000
2013-11-27,180.87000000,181.12000000
2013-11-29,181.32000000,181.00000000
2013-12-02,181.09000000,180.53000000
2013-12-03,179.94000000,179.75000000
2013-12-04,179.10000000,179.73000000
2013-12-05,179.41000000,178.94000000
2013-12-06,180.67000000,180.94000000
2013-12-09,181.47000000,181.40000000
2013-12-10,180.98000000,180.75000000
2013-12-11,180.82000000,178.72000000
2013-12-12,178.64000000,178.13000000
2013-12-13,178.50000000,178.11000000
2013-12-16,178.95000000,179.22000000
2013-12-17,179.38000000,178.65000000
2013-12-18,178.92000000,181.70000000
2013-12-19,181.18000000,181.49000000
2013-12-20,180.69000000,181.56000000
2013-12-23,182.45000000,182.53000000
2013-12-24,182.54000000,182.93000000
2013-12-26,183.34000000,183.85000000
2013-12-27,184.10000000,183.84000000
2013-12-30,183.87000000,183.82000000
2013-12-31,184.07000000,184.69000000
2014-01-02,183.98000000,182.92000000
2014-01-03,183.23000000,182.88000000
2014-01-06,183.49000000,182.36000000
2014-01-07,183.09000000,183.48000000
2014-01-08,183.45000000,183.52000000
2014-01-09,184.11000000,183.64000000
2014-01-10,183.95000000,184.14000000
2014-01-13,183.67000000,181.69000000
2014-01-14,182.29000000,183.67000000
2014-01-15,184.10000000,184.66000000
2014-01-16,184.28000000,184.42000000
2014-01-17,184.10000000,183.63000000
2014-01-21,184.70000000,184.18000000
2014-01-22,184.49000000,184.30000000
2014-01-23,183.37000000,182.79000000
2014-01-24,181.60000000,178.89000000
2014-01-27,179.06000000,178.01000000
2014-01-28,178.14000000,179.07000000
2014-01-29,177.58000000,177.35000000
2014-01-30,178.83000000,179.23000000
2014-01-31,177.01000000,178.18000000
2014-02-03,177.97000000,174.17000000
2014-02-04,174.95000000,175.38000000
2014-02-05,174.78000000,175.17000000
2014-02-06,175.58000000,177.48000000
2014-02-07,178.31000000,179.68000000
2014-02-10,179.70000000,180.01000000
2014-02-11,180.16000000,181.98000000
2014-02-12,182.25000000,182.07000000
2014-02-13,180.84000000,183.01000000
2014-02-14,182.84000000,184.02000000
2014-02-18,184.18000000,184.24000000
2014-02-19,183.76000000,183.02000000
2014-02-20,183.27000000,184.10000000
2014-02-21,184.45000000,183.89000000
2014-02-24,184.28000000,184.91000000
2014-02-25,185.06000000,184.84000000
2014-02-26,185.11000000,184.85000000
2014-02-27,184.58000000,185.82000000
2014-02-28,185.79000000,186.29000000
2014-03-03,184.65000000,184.98000000
2014-03-04,186.79000000,187.58000000
2014-03-05,187.74000000,187.75000000
2014-03-06,188.21000000,188.18000000
2014-03-07,188.96000000,188.26000000
2014-03-10,187.97000000,188.16000000
2014-03-11,188.44000000,187.23000000
2014-03-12,186.32000000,187.28000000
2014-03-13,187.84000000,185.18000000
2014-03-14,184.85000000,184.66000000
2014-03-17,185.59000000,186.33000000
2014-03-18,186.71000000,187.66000000
2014-03-19,187.68000000,186.66000000
2014-03-20,186.25000000,187.75000000
2014-03-21,187.71000000,186.20000000
2014-03-24,186.84000000,185.43000000
2014-03-25,186.37000000,186.31000000
2014-03-26,187.04000000,184.97000000
2014-03-27,184.75000000,184.58000000
2014-03-28,185.10000000,185.49000000
2014-03-31,186.67000000,187.01000000
2014-04-01,187.62000000,188.25000000
2014-04-02,188.49000000,188.88000000
2014-04-03,189.17000000,188.63000000
2014-04-04,189.66000000,186.40000000
2014-04-07,185.95000000,184.34000000
2014-04-08,184.26000000,185.10000000
2014-04-09,185.60000000,187.09000000
2014-04-10,187.08000000,183.16000000
2014-04-11,182.14000000,181.51000000
2014-04-14,182.93000000,182.94000000
2014-04-15,183.32000000,184.20000000
2014-04-16,185.47000000,186.12000000
2014-04-17,185.88000000,186.39000000
2014-04-21,186.44000000,187.04000000
2014-04-22,187.23000000,187.89000000
2014-04-23,187.82000000,187.45000000
2014-04-24,188.37000000,187.83000000
2014-04-25,187.22000000,186.29000000
2014-04-28,187.05000000,186.88000000
2014-04-29,187.48000000,187.75000000
2014-04-30,187.44000000,188.31000000
2014-05-01,188.22000000,188.32000000
2014-05-02,188.31000000,188.06000000
2014-05-05,187.14000000,188.42000000
2014-05-06,188.00000000,186.78000000
2014-05-07,187.41000000,187.88000000
2014-05-08,187.71000000,187.68000000
2014-05-09,187.71000000,187.96000000
2014-05-12,188.80000000,189.78000000
2014-05-13,190.04000000,189.96000000
2014-05-14,189.79000000,189.06000000
2014-05-15,188.68000000,187.40000000
2014-05-16,187.51000000,188.05000000
2014-05-19,187.69000000,188.74000000
2014-05-20,188.65000000,187.55000000
2014-05-21,188.09000000,189.13000000
2014-05-22,189.18000000,189.59000000
2014-05-23,189.76000000,190.35000000
2014-05-27,191.06000000,191.52000000
2014-05-28,191.52000000,191.38000000
2014-05-29,191.82000000,192.37000000
2014-05-30,192.19000000,192.68000000
2014-06-02,192.95000000,192.90000000
2014-06-03,192.43000000,192.80000000
2014-06-04,192.47000000,193.19000000
2014-06-05,193.41000000,194.45000000
2014-06-06,194.87000000,195.38000000
2014-06-09,195.35000000,195.58000000
2014-06-10,195.34000000,195.60000000
2014-06-11,194.90000000,194.92000000
2014-06-12,194.69000000,193.54000000
2014-06-13,193.92000000,194.13000000
2014-06-16,193.89000000,194.29000000
2014-06-17,194.02000000,194.83000000
2014-06-18,194.83000000,196.25000000
2014-06-19,196.43000000,196.48000000
2014-06-20,196.03000000,195.94000000
2014-06-23,195.99000000,195.88000000
2014-06-24,195.53000000,194.70000000
2014-06-25,194.29000000,195.58000000
2014-06-26,195.61000000,195.44000000
2014-06-27,194.98000000,195.82000000
2014-06-30,195.70000000,195.72000000
2014-07-01,196.20000000,197.03000000
2014-07-02,197.05000000,197.23000000
2014-07-03,197.79000000,198.20000000
2014-07-07,197.82000000,197.51000000
2014-07-08,197.15000000,196.24000000
2014-07-09,196.73000000,197.12000000
2014-07-10,195.22000000,196.34000000
2014-07-11,196.22000000,196.61000000
2014-07-14,197.61000000,197.60000000
2014-07-15,197.72000000,197.23000000
2014-07-16,198.11000000,197.96000000
2014-07-17,197.35000000,195.71000000
2014-07-18,196.35000000,197.71000000
2014-07-21,197.09000000,197.34000000
2014-07-22,198.01000000,198.20000000
2014-07-23,198.50000000,198.64000000
2014-07-24,198.83000000,198.65000000
2014-07-25,198.09000000,197.72000000
2014-07-28,197.76000000,197.80000000
2014-07-29,198.17000000,196.95000000
2014-07-30,197.65000000,196.98000000
2014-07-31,195.61000000,193.09000000
2014-08-01,192.56000000,192.50000000
2014-08-04,192.87000000,193.89000000
2014-08-05,193.10000000,192.01000000
2014-08-06,191.11000000,192.07000000
2014-08-07,192.94000000,191.03000000
2014-08-08,191.46000000,193.24000000
2014-08-11,193.97000000,193.79000000
2014-08-12,193.61000000,193.53000000
2014-08-13,194.29000000,194.84000000
2014-08-14,195.16000000,195.76000000
2014-08-15,196.47000000,195.72000000
2014-08-18,196.80000000,197.36000000
2014-08-19,197.84000000,198.39000000
2014-08-20,198.12000000,198.92000000
2014-08-21,199.09000000,199.50000000
2014-08-22,199.34000000,199.19000000
2014-08-25,200.14000000,200.20000000
2014-08-26,200.33000000,200.33000000
2014-08-27,200.43000000,200.25000000
2014-08-28,199.59000000,200.14000000
2014-08-29,200.45000000,200.71000000
2014-09-02,200.97000000,200.61000000
2014-09-03,201.38000000,200.50000000
2014-09-04,200.84000000,200.21000000
2014-09-05,200.17000000,201.11000000
2014-09-08,200.92000000,200.59000000
2014-09-09,200.41000000,199.32000000
2014-09-10,199.43000000,200.07000000
2014-09-11,199.27000000,200.30000000
2014-09-12,200.10000000,199.13000000
2014-09-15,199.16000000,198.98000000
2014-09-16,198.61000000,200.48000000
2014-09-17,200.77000000,200.75000000
2014-09-18,201.36000000,201.82000000
2014-09-19,201.52000000,200.70000000
2014-09-22,200.35000000,199.15000000
2014-09-23,198.43000000,198.01000000
2014-09-24,198.04000000,199.56000000
2014-09-25,199.04000000,196.34000000
2014-09-26,196.70000000,197.90000000
2014-09-29,196.20000000,197.54000000
2014-09-30,197.69000000,197.02000000
2014-10-01,196.70000000,194.35000000
2014-10-02,194.18000000,194.38000000
2014-10-03,195.68000000,196.52000000
2014-10-06,197.34000000,196.29000000
2014-10-07,195.28000000,193.26000000
2014-10-08,193.37000000,196.64000000
2014-10-09,196.33000000,192.74000000
2014-10-10,192.69000000,190.54000000
2014-10-13,190.46000000,187.41000000
2014-10-14,188.42000000,187.70000000
2014-10-15,185.16000000,186.43000000
2014-10-16,183.06000000,186.27000000
2014-10-17,188.42000000,188.47000000
2014-10-20,188.13000000,190.30000000
2014-10-21,191.68000000,194.07000000
2014-10-22,194.41000000,192.69000000
2014-10-23,194.62000000,194.93000000
2014-10-24,195.25000000,196.43000000
2014-10-27,195.73000000,196.16000000
2014-10-28,196.82000000,198.41000000
2014-10-29,198.55000000,198.11000000
2014-10-30,197.58000000,199.38000000
2014-10-31,201.78000000,201.66000000
2014-11-03,201.92000000,201.77000000
2014-11-04,201.23000000,201.07000000
2014-11-05,202.54000000,202.34000000
2014-11-06,202.39000000,203.15000000
2014-11-07,203.17000000,203.34000000
2014-11-10,203.38000000,203.98000000
2014-11-11,204.06000000,204.18000000
2014-11-12,203.35000000,203.96000000
2014-11-13,204.16000000,204.19000000
2014-11-14,204.10000000,204.24000000
2014-11-17,203.85000000,204.37000000
2014-11-18,204.44000000,205.55000000
2014-11-19,205.31000000,205.22000000
2014-11-20,204.26000000,205.58000000
2014-11-21,207.64000000,206.68000000
2014-11-24,207.17000000,207.26000000
2014-11-25,207.54000000,207.11000000
2014-11-26,207.29000000,207.64000000
2014-11-28,207.49000000,207.20000000
2014-12-01,206.40000000,205.76000000
2014-12-02,205.81000000,207.09000000
2014-12-03,207.30000000,207.89000000
2014-12-04,207.54000000,207.66000000
2014-12-05,207.87000000,208.00000000
2014-12-08,207.52000000,206.61000000
2014-12-09,204.37000000,206.47000000
2014-12-10,205.91000000,203.16000000
2014-12-11,203.88000000,204.19000000
2014-12-12,202.64000000,200.89000000
2014-12-15,201.98000000,199.51000000
2014-12-16,198.58000000,197.91000000
2014-12-17,198.44000000,201.79000000
2014-12-18,204.74000000,206.78000000
2014-12-19,206.43000000,206.52000000
2014-12-22,206.75000000,207.47000000
2014-12-23,208.17000000,207.75000000
2014-12-24,208.02000000,207.77000000
2014-12-26,208.31000000,208.44000000
2014-12-29,208.22000000,208.72000000
2014-12-30,208.21000000,207.60000000
2014-12-31,207.99000000,205.54000000
2015-01-02,206.38000000,205.43000000
2015-01-05,204.17000000,201.72000000
2015-01-06,202.09000000,199.82000000
2015-01-07,201.42000000,202.31000000
2015-01-08,204.01000000,205.90000000
2015-01-09,206.40000000,204.25000000
2015-01-12,204.41000000,202.65000000
2015-01-13,204.12000000,202.08000000
2015-01-14,199.65000000,200.86000000
2015-01-15,201.63000000,199.02000000
2015-01-16,198.77000000,201.63000000
2015-01-20,202.40000000,202.06000000
2015-01-21,201.50000000,203.08000000
2015-01-22,203.99000000,206.10000000
2015-01-23,205.79000000,204.97000000
2015-01-26,204.71000000,205.45000000
2015-01-27,202.97000000,202.74000000
2015-01-28,204.17000000,200.14000000
2015-01-29,200.38000000,201.99000000
2015-01-30,200.57000000,199.45000000
2015-02-02,200.05000000,201.92000000
2015-02-03,203.00000000,204.84000000
2015-02-04,203.92000000,204.06000000
2015-02-05,204.86000000,206.12000000
2015-02-06,206.56000000,205.55000000
2015-02-09,204.77000000,204.63000000
2015-02-10,205.88000000,206.81000000
2015-02-11,206.61000000,206.93000000
2015-02-12,207.89000000,208.92000000
2015-02-13,209.07000000,209.78000000
2015-02-17,209.40000000,210.11000000
2015-02-18,209.66000000,210.13000000
2015-02-19,209.41000000,209.98000000
2015-02-20,209.48000000,211.24000000
2015-02-23,210.94000000,211.21000000
2015-02-24,211.12000000,211.81000000
2015-02-25,211.66000000,211.63000000
2015-02-26,211.52000000,211.38000000
2015-02-27,211.26000000,210.66000000
2015-03-02,210.78000000,211.99000000
2015-03-03,211.47000000,211.12000000
2015-03-04,210.40000000,210.23000000
2015-03-05,210.62000000,210.46000000
2015-03-06,209.42000000,207.50000000
2015-03-09,207.74000000,208.36000000
2015-03-10,206.71000000,204.98000000
2015-03-11,205.29000000,204.50000000
2015-03-12,205.26000000,207.10000000
2015-03-13,206.77000000,205.83000000
2015-03-16,206.71000000,208.58000000
2015-03-17,207.69000000,207.96000000
2015-03-18,207.39000000,210.46000000
2015-03-19,209.96000000,209.50000000
2015-03-20,209.71000000,210.41000000
2015-03-23,210.42000000,210.00000000
2015-03-24,209.85000000,208.82000000
2015-03-25,209.07000000,205.76000000
2015-03-26,204.96000000,205.27000000
2015-03-27,205.13000000,205.74000000
2015-03-30,206.98000000,208.25000000
2015-03-31,207.26000000,206.43000000
2015-04-01,206.39000000,205.70000000
2015-04-02,205.62000000,206.44000000
2015-04-06,205.37000000,207.83000000
2015-04-07,207.85000000,207.28000000
2015-04-08,207.55000000,207.97000000
2015-04-09,207.78000000,208.90000000
2015-04-10,209.20000000,210.04000000
2015-04-13,209.87000000,209.09000000
2015-04-14,208.85000000,209.49000000
2015-04-15,210.05000000,210.43000000
2015-04-16,210.03000000,210.37000000
2015-04-17,208.94000000,207.95000000
2015-04-20,209.06000000,209.85000000
2015-04-21,210.67000000,209.60000000
2015-04-22,210.01000000,210.63000000
2015-04-23,210.15000000,211.16000000
2015-04-24,211.66000000,211.65000000
2015-04-27,212.33000000,210.77000000
2015-04-28,210.74000000,211.44000000
2015-04-29,210.37000000,210.57000000
2015-04-30,209.88000000,208.46000000
2015-05-01,209.40000000,210.72000000
2015-05-04,211.23000000,211.32000000
2015-05-05,211.03000000,208.90000000
2015-05-06,209.56000000,208.04000000
2015-05-07,207.92000000,208.87000000
2015-05-08,210.88000000,211.62000000
2015-05-11,211.57000000,210.60000000
2015-05-12,209.61000000,209.98000000
2015-05-13,210.47000000,210.02000000
2015-05-14,211.24000000,212.21000000
2015-05-15,212.44000000,212.44000000
2015-05-18,212.24000000,213.10000000
2015-05-19,213.24000000,213.03000000
2015-05-20,213.15000000,212.88000000
2015-05-21,212.71000000,213.50000000
2015-05-22,213.04000000,212.99000000
2015-05-26,212.40000000,210.70000000
2015-05-27,211.25000000,212.70000000
2015-05-28,212.33000000,212.46000000
2015-05-29,212.38000000,211.14000000
2015-06-01,211.94000000,211.57000000
2015-06-02,211.02000000,211.36000000
2015-06-03,212.00000000,211.92000000
2015-06-04,211.07000000,210.13000000
2015-06-05,209.95000000,209.77000000
2015-06-08,209.64000000,208.48000000
2015-06-09,208.45000000,208.45000000
2015-06-10,209.37000000,210.95000000
2015-06-11,211.48000000,211.63000000
2015-06-12,210.64000000,210.01000000
2015-06-15,208.64000000,209.11000000
2015-06-16,208.93000000,210.25000000
2015-06-17,210.59000000,210.59000000
2015-06-18,211.31000000,212.78000000
2015-06-19,211.46000000,210.81000000
2015-06-22,211.91000000,211.89000000
2015-06-23,212.14000000,212.04000000
2015-06-24,211.72000000,210.50000000
2015-06-25,211.10000000,209.86000000
2015-06-26,210.29000000,209.82000000
2015-06-29,208.04000000,205.42000000
2015-06-30,207.26000000,205.85000000
2015-07-01,207.73000000,207.50000000
2015-07-02,208.07000000,207.31000000
2015-07-06,205.77000000,206.72000000
2015-07-07,206.96000000,208.02000000
2015-07-08,206.42000000,204.53000000
2015-07-09,207.04000000,204.90000000
2015-07-10,207.29000000,207.48000000
2015-07-13,208.99000000,209.77000000
2015-07-14,209.72000000,210.68000000
2015-07-15,210.73000000,210.61000000
2015-07-16,211.87000000,212.30000000
2015-07-17,212.29000000,212.48000000
2015-07-20,212.75000000,212.59000000
2015-07-21,212.43000000,211.75000000
2015-07-22,210.93000000,211.37000000
2015-07-23,211.53000000,210.18000000
2015-07-24,210.30000000,208.00000000
2015-07-27,206.94000000,206.79000000
2015-07-28,207.79000000,209.33000000
2015-07-29,209.48000000,210.77000000
2015-07-30,210.16000000,210.82000000
2015-07-31,211.42000000,210.50000000
2015-08-03,210.46000000,209.79000000
2015-08-04,209.70000000,209.38000000
2015-08-05,210.45000000,210.07000000
2015-08-06,210.29000000,208.35000000
2015-08-07,208.16000000,207.95000000
2015-08-10,209.28000000,210.57000000
2015-08-11,208.97000000,208.67000000
2015-08-12,207.11000000,208.92000000
2015-08-13,208.73000000,208.66000000
2015-08-14,208.43000000,209.42000000
2015-08-17,208.71000000,210.59000000
2015-08-18,210.26000000,209.98000000
2015-08-19,209.09000000,208.32000000
2015-08-20,206.51000000,203.97000000
2015-08-21,201.73000000,197.83000000
2015-08-24,187.49000000,189.50000000
2015-08-25,195.43000000,187.27000000
2015-08-26,192.08000000,194.46000000
2015-08-27,197.02000000,199.27000000
2015-08-28,198.50000000,199.28000000
2015-08-31,198.11000000,197.67000000
2015-09-01,193.12000000,191.77000000
2015-09-02,194.62000000,195.41000000
2015-09-03,196.26000000,195.55000000
2015-09-04,192.85000000,192.59000000
2015-09-08,195.94000000,197.43000000
2015-09-09,199.32000000,194.79000000
2015-09-10,194.56000000,195.85000000
2015-09-11,195.38000000,196.74000000
2015-09-14,196.95000000,196.01000000
2015-09-15,196.61000000,198.46000000
2015-09-16,198.82000000,200.18000000
2015-09-17,200.02000000,199.73000000
2015-09-18,195.71000000,195.45000000
2015-09-21,196.44000000,196.46000000
2015-09-22,193.88000000,193.91000000
2015-09-23,194.11000000,193.60000000
2015-09-24,192.15000000,192.90000000
2015-09-25,194.64000000,192.85000000
2015-09-28,191.78000000,188.01000000
2015-09-29,188.27000000,188.12000000
2015-09-30,190.37000000,191.63000000
2015-10-01,192.08000000,192.13000000
2015-10-02,189.77000000,195.00000000
2015-10-05,196.46000000,198.47000000
2015-10-06,198.31000000,197.79000000
2015-10-07,198.90000000,199.41000000
2015-10-08,198.95000000,201.21000000
2015-10-09,201.38000000,201.33000000
2015-10-12,201.42000000,201.52000000
2015-10-13,200.65000000,200.25000000
2015-10-14,200.18000000,199.29000000
2015-10-15,200.08000000,202.35000000
2015-10-16,202.83000000,203.27000000
2015-10-19,202.50000000,203.37000000
2015-10-20,202.85000000,203.11000000
2015-10-21,203.61000000,201.85000000
2015-10-22,202.98000000,205.26000000
2015-10-23,207.25000000,207.51000000
2015-10-26,207.30000000,207.00000000
2015-10-27,206.20000000,206.60000000
2015-10-28,207.00000000,208.95000000
2015-10-29,208.35000000,208.83000000
2015-10-30,209.06000000,207.93000000
2015-11-02,208.32000000,210.39000000
2015-11-03,209.97000000,211.00000000
2015-11-04,211.35000000,210.36000000
2015-11-05,210.43000000,210.15000000
2015-11-06,209.74000000,210.04000000
2015-11-09,209.31000000,208.08000000
2015-11-10,207.51000000,208.56000000
2015-11-11,208.88000000,207.74000000
2015-11-12,206.50000000,204.84000000
2015-11-13,204.35000000,202.54000000
2015-11-16,202.32000000,205.62000000
2015-11-17,205.99000000,205.47000000
2015-11-18,206.04000000,208.73000000
2015-11-19,208.59000000,208.55000000
2015-11-20,209.45000000,209.31000000
2015-11-23,209.38000000,209.07000000
2015-11-24,207.87000000,209.35000000
2015-11-25,209.50000000,209.32000000
2015-11-27,209.43000000,209.56000000
2015-11-30,209.75000000,208.69000000
2015-12-01,209.44000000,210.68000000
2015-12-02,210.62000000,208.53000000
2015-12-03,208.83000000,205.61000000
2015-12-04,206.08000000,209.62000000
2015-12-07,209.23000000,208.35000000
2015-12-08,206.49000000,206.95000000
2015-12-09,206.19000000,205.34000000
2015-12-10,205.42000000,205.87000000
2015-12-11,203.35000000,201.88000000
2015-12-14,202.07000000,202.90000000
2015-12-15,204.70000000,205.03000000
2015-12-16,206.37000000,208.03000000
2015-12-17,208.40000000,204.86000000
2015-12-18,202.77000000,200.02000000
2015-12-21,201.41000000,201.67000000
2015-12-22,202.72000000,203.50000000
2015-12-23,204.69000000,206.02000000
2015-12-24,205.72000000,205.68000000
2015-12-28,204.86000000,205.21000000
2015-12-29,206.51000000,207.40000000
2015-12-30,207.11000000,205.93000000
2015-12-31,205.13000000,203.87000000
2016-01-04,200.49000000,201.02000000
2016-01-05,201.40000000,201.36000000
2016-01-06,198.34000000,198.82000000
2016-01-07,195.33000000,194.05000000
2016-01-08,195.19000000,191.92000000
2016-01-11,193.01000000,192.11000000
2016-01-12,193.82000000,193.66000000
2016-01-13,194.45000000,188.83000000
2016-01-14,189.55000000,191.93000000
2016-01-15,186.77000000,187.81000000
2016-01-19,189.96000000,188.06000000
2016-01-20,185.03000000,185.65000000
2016-01-21,186.21000000,186.69000000
2016-01-22,189.78000000,190.52000000
2016-01-25,189.92000000,187.64000000
2016-01-26,188.42000000,190.20000000
2016-01-27,189.58000000,188.13000000
2016-01-28,189.96000000,189.11000000
2016-01-29,190.02000000,193.72000000
2016-02-01,192.53000000,193.65000000
2016-02-02,191.96000000,190.16000000
2016-02-03,191.41000000,191.30000000
2016-02-04,190.71000000,191.60000000
2016-02-05,190.99000000,187.95000000
2016-02-08,185.77000000,185.42000000
2016-02-09,183.36000000,185.43000000
2016-02-10,186.41000000,185.27000000
2016-02-11,182.34000000,182.86000000
2016-02-12,184.96000000,186.63000000
2016-02-16,188.77000000,189.78000000
2016-02-17,191.16000000,192.88000000
2016-02-18,193.20000000,192.09000000
2016-02-19,191.17000000,192.00000000
2016-02-22,193.87000000,194.78000000
2016-02-23,194.00000000,192.32000000
2016-02-24,190.63000000,193.20000000
2016-02-25,193.73000000,195.54000000
2016-02-26,196.57000000,195.09000000
2016-02-29,195.11000000,193.56000000
2016-03-01,195.01000000,198.11000000
2016-03-02,197.74000000,199.00000000
2016-03-03,198.79000000,199.78000000
2016-03-04,200.01000000,200.43000000
2016-03-07,199.34000000,200.59000000
2016-03-08,199.32000000,198.40000000
2016-03-09,199.36000000,199.38000000
2016-03-10,199.96000000,199.54000000
2016-03-11,201.26000000,202.76000000
2016-03-14,202.16000000,202.50000000
2016-03-15,201.36000000,202.17000000
2016-03-16,201.60000000,203.34000000
2016-03-17,203.24000000,204.63000000
2016-03-18,204.17000000,204.38000000
2016-03-21,204.07000000,204.67000000
2016-03-22,203.76000000,204.56000000
2016-03-23,204.11000000,203.21000000
2016-03-24,202.00000000,203.12000000
2016-03-28,203.61000000,203.24000000
2016-03-29,202.76000000,205.12000000
2016-03-30,206.30000000,206.02000000
2016-03-31,205.91000000,205.52000000
2016-04-01,204.35000000,206.92000000
2016-04-04,206.83000000,206.25000000
2016-04-05,204.67000000,204.19000000
2016-04-06,204.29000000,206.42000000
2016-04-07,205.14000000,203.95000000
2016-04-08,205.34000000,204.50000000
2016-04-11,205.25000000,204.02000000
2016-04-12,204.22000000,205.92000000
2016-04-13,207.00000000,208.00000000
2016-04-14,208.07000000,208.01000000
2016-04-15,208.01000000,207.78000000
2016-04-18,207.14000000,209.24000000
2016-04-19,209.74000000,209.90000000
2016-04-20,209.95000000,210.10000000
2016-04-21,210.12000000,208.97000000
2016-04-22,208.55000000,208.97000000
2016-04-25,208.26000000,208.61000000
2016-04-26,209.04000000,208.92000000
2016-04-27,208.47000000,209.35000000
2016-04-28,208.46000000,207.45000000
2016-04-29,206.72000000,206.33000000
2016-05-02,206.92000000,207.97000000
2016-05-03,206.52000000,206.16000000
2016-05-04,204.99000000,205.01000000
2016-05-05,205.56000000,204.97000000
2016-05-06,204.06000000,205.72000000
2016-05-09,205.57000000,205.89000000
2016-05-10,206.72000000,208.45000000
2016-05-11,207.91000000,206.50000000
2016-05-12,207.29000000,206.56000000
2016-05-13,206.21000000,204.76000000
2016-05-16,204.96000000,206.78000000
2016-05-17,206.46000000,204.85000000
2016-05-18,204.44000000,204.91000000
2016-05-19,204.06000000,204.20000000
2016-05-20,204.92000000,205.49000000
2016-05-23,205.51000000,205.21000000
2016-05-24,206.17000000,207.87000000
2016-05-25,208.67000000,209.28000000
2016-05-26,209.44000000,209.34000000
2016-05-27,209.53000000,210.24000000
2016-05-31,210.56000000,209.84000000
2016-06-01,209.12000000,210.27000000
2016-06-02,209.80000000,210.91000000
2016-06-03,210.25000000,210.28000000
2016-06-06,210.70000000,211.35000000
2016-06-07,211.53000000,211.68000000
2016-06-08,211.84000000,212.37000000
2016-06-09,211.51000000,212.08000000
2016-06-10,210.46000000,210.07000000
2016-06-13,209.36000000,208.45000000
2016-06-14,208.00000000,208.04000000
2016-06-15,208.54000000,207.75000000
2016-06-16,206.73000000,208.37000000
2016-06-17,207.17000000,206.52000000
2016-06-20,208.82000000,207.85000000
2016-06-21,208.30000000,208.44000000
2016-06-22,208.65000000,208.10000000
2016-06-23,209.81000000,210.81000000
2016-06-24,203.63000000,203.13000000
2016-06-27,201.59000000,199.60000000
2016-06-28,201.48000000,203.20000000
2016-06-29,204.84000000,206.66000000
2016-06-30,207.21000000,209.47000000
2016-07-01,209.36000000,209.92000000
2016-07-05,208.95000000,208.41000000
2016-07-06,207.83000000,209.66000000
2016-07-07,209.87000000,209.53000000
2016-07-08,211.05000000,212.65000000
2016-07-11,213.19000000,213.40000000
2016-07-12,214.53000000,214.95000000
2016-07-13,215.44000000,214.92000000
2016-07-14,216.40000000,216.12000000
2016-07-15,216.78000000,215.83000000
2016-07-18,215.97000000,216.41000000
2016-07-19,215.92000000,216.19000000
2016-07-20,216.75000000,217.09000000
2016-07-21,216.96000000,216.26000000
2016-07-22,216.41000000,217.24000000
2016-07-25,217.00000000,216.65000000
2016-07-26,216.53000000,216.75000000
2016-07-27,217.19000000,216.52000000
2016-07-28,216.29000000,216.77000000
2016-07-29,216.46000000,217.12000000
2016-08-01,217.19000000,216.94000000
2016-08-02,216.65000000,215.55000000
2016-08-03,215.48000000,216.18000000
2016-08-04,216.31000000,216.41000000
2016-08-05,217.21000000,218.18000000
2016-08-08,218.40000000,218.05000000
2016-08-09,218.13000000,218.18000000
2016-08-10,218.31000000,217.64000000
2016-08-11,218.26000000,218.65000000
2016-08-12,218.29000000,218.46000000
2016-08-15,218.89000000,219.09000000
2016-08-16,218.60000000,217.96000000
2016-08-17,218.00000000,218.37000000
2016-08-18,218.34000000,218.86000000
2016-08-19,218.31000000,218.54000000
2016-08-22,218.26000000,218.53000000
2016-08-23,219.25000000,218.97000000
2016-08-24,218.80000000,217.85000000
2016-08-25,217.40000000,217.70000000
2016-08-26,217.92000000,217.29000000
2016-08-29,217.44000000,218.36000000
2016-08-30,218.26000000,218.00000000
2016-08-31,217.61000000,217.38000000
2016-09-01,217.37000000,217.39000000
2016-09-02,218.39000000,218.37000000
2016-09-06,218.70000000,219.03000000
2016-09-07,218.84000000,219.01000000
2016-09-08,218.62000000,218.51000000
2016-09-09,216.97000000,213.28000000
2016-09-12,212.39000000,216.34000000
2016-09-13,214.84000000,213.23000000
2016-09-14,213.29000000,213.15000000
2016-09-15,212.96000000,215.28000000
2016-09-16,213.48000000,213.37000000
2016-09-19,214.13000000,213.41000000
2016-09-20,214.41000000,213.42000000
2016-09-21,214.24000000,215.82000000
2016-09-22,217.00000000,217.18000000
2016-09-23,216.72000000,215.99000000
2016-09-26,215.02000000,214.24000000
2016-09-27,214.05000000,215.57000000
2016-09-28,215.83000000,216.64000000
2016-09-29,216.40000000,214.68000000
2016-09-30,215.65000000,216.30000000
2016-10-03,215.82000000,215.78000000
2016-10-04,215.91000000,214.68000000
2016-10-05,215.41000000,215.63000000
2016-10-06,215.37000000,215.78000000
2016-10-07,216.10000000,215.04000000
2016-10-10,216.16000000,216.16000000
2016-10-11,215.66000000,213.43000000
2016-10-12,213.59000000,213.71000000
2016-10-13,212.16000000,213.01000000
2016-10-14,214.15000000,213.12000000
2016-10-17,213.09000000,212.38000000
2016-10-18,214.24000000,213.71000000
2016-10-19,214.02000000,214.28000000
2016-10-20,213.87000000,213.88000000
2016-10-21,212.96000000,213.98000000
2016-10-24,215.00000000,214.89000000
2016-10-25,214.68000000,214.17000000
2016-10-26,213.21000000,213.74000000
2016-10-27,214.58000000,213.17000000
2016-10-28,213.14000000,212.54000000
2016-10-31,212.93000000,212.55000000
2016-11-01,212.93000000,211.01000000
2016-11-02,210.65000000,209.74000000
2016-11-03,209.99000000,208.78000000
2016-11-04,208.91000000,208.55000000
2016-11-07,211.45000000,213.15000000
2016-11-08,212.69000000,214.11000000
2016-11-09,212.37000000,216.38000000
2016-11-10,217.30000000,216.92000000
2016-11-11,216.08000000,216.42000000
2016-11-14,217.03000000,216.59000000
2016-11-15,217.04000000,218.28000000
2016-11-16,217.56000000,217.87000000
2016-11-17,218.05000000,218.99000000
2016-11-18,219.07000000,218.50000000
2016-11-21,219.17000000,220.15000000
2016-11-22,220.51000000,220.58000000
2016-11-23,219.98000000,220.70000000
2016-11-25,221.10000000,221.52000000
2016-11-28,221.16000000,220.48000000
2016-11-29,220.52000000,220.91000000
2016-11-30,221.63000000,220.38000000
2016-12-01,220.73000000,219.57000000
2016-12-02,219.67000000,219.68000000
2016-12-05,220.65000000,221.00000000
2016-12-06,221.22000000,221.70000000
2016-12-07,221.52000000,224.60000000
2016-12-08,224.57000000,225.15000000
2016-12-09,225.41000000,226.51000000
2016-12-12,226.40000000,226.25000000
2016-12-13,227.02000000,227.76000000
2016-12-14,227.41000000,225.88000000
2016-12-15,226.16000000,226.81000000
2016-12-16,226.01000000,225.04000000
2016-12-19,225.25000000,225.53000000
2016-12-20,226.15000000,226.40000000
2016-12-21,226.25000000,225.77000000
2016-12-22,225.60000000,225.38000000
2016-12-23,225.43000000,225.71000000
2016-12-27,226.02000000,226.27000000
2016-12-28,226.57000000,224.40000000
2016-12-29,224.48000000,224.35000000
2016-12-30,224.73000000,223.53000000
2017-01-03,225.04000000,225.24000000
2017-01-04,225.62000000,226.58000000
2017-01-05,226.27000000,226.40000000
2017-01-06,226.53000000,227.21000000
2017-01-09,226.91000000,226.46000000
2017-01-10,226.48000000,226.46000000
2017-01-11,226.36000000,227.10000000
2017-01-12,226.50000000,226.53000000
2017-01-13,226.73000000,227.05000000
2017-01-17,226.31000000,226.25000000
2017-01-18,226.53000000,226.75000000
2017-01-19,226.84000000,225.91000000
2017-01-20,226.70000000,226.74000000
2017-01-23,226.35000000,226.15000000
2017-01-24,226.40000000,227.60000000
2017-01-25,228.70000000,229.57000000
2017-01-26,229.40000000,229.33000000
2017-01-27,229.42000000,228.97000000
2017-01-30,228.17000000,227.55000000
2017-01-31,226.98000000,227.53000000
2017-02-01,228.25000000,227.62000000
2017-02-02,227.20000000,227.77000000
2017-02-03,228.82000000,229.34000000
2017-02-06,228.87000000,228.93000000
2017-02-07,229.38000000,228.94000000
2017-02-08,228.61000000,229.24000000
2017-02-09,229.56000000,230.60000000
2017-02-10,231.00000000,231.51000000
2017-02-13,232.08000000,232.77000000
2017-02-14,232.56000000,233.70000000
2017-02-15,233.45000000,234.92000000
2017-02-16,234.96000000,234.72000000
2017-02-17,233.95000000,235.09000000
2017-02-21,235.52000000,236.49000000
2017-02-22,236.02000000,236.28000000
2017-02-23,236.88000000,236.44000000
2017-02-24,235.46000000,236.74000000
2017-02-27,236.64000000,237.11000000
2017-02-28,236.67000000,236.47000000
2017-03-01,238.39000000,239.78000000
2017-03-02,239.56000000,238.27000000
2017-03-03,238.17000000,238.42000000
2017-03-06,237.50000000,237.71000000
2017-03-07,237.36000000,237.00000000
2017-03-08,237.34000000,236.56000000
2017-03-09,236.70000000,236.86000000
2017-03-10,237.97000000,237.69000000
2017-03-13,237.62000000,237.81000000
2017-03-14,237.18000000,236.90000000
2017-03-15,237.56000000,238.95000000
2017-03-16,239.11000000,238.48000000
2017-03-17,237.75000000,237.03000000
2017-03-20,237.03000000,236.77000000
2017-03-21,237.47000000,233.73000000
2017-03-22,233.77000000,234.28000000
2017-03-23,234.00000000,234.03000000
2017-03-24,234.38000000,233.86000000
2017-03-27,231.93000000,233.62000000
2017-03-28,233.27000000,235.32000000
2017-03-29,234.99000000,235.54000000
2017-03-30,235.47000000,236.29000000
2017-03-31,235.90000000,235.74000000
2017-04-03,235.80000000,235.33000000
2017-04-04,235.00000000,235.48000000
2017-04-05,236.26000000,234.78000000
2017-04-06,234.94000000,235.44000000
2017-04-07,235.15000000,235.20000000
2017-04-10,235.36000000,235.34000000
2017-04-11,234.90000000,235.06000000
2017-04-12,234.74000000,234.03000000
2017-04-13,233.64000000,232.51000000
2017-04-17,233.11000000,234.57000000
2017-04-18,233.72000000,233.87000000
2017-04-19,234.52000000,233.44000000
2017-04-20,234.15000000,235.34000000
2017-04-21,235.25000000,234.59000000
2017-04-24,237.18000000,237.17000000
2017-04-25,237.91000000,238.55000000
2017-04-26,238.51000000,238.40000000
2017-04-27,238.77000000,238.60000000
2017-04-28,238.90000000,238.08000000
2017-05-01,238.68000000,238.68000000
2017-05-02,238.84000000,238.77000000
2017-05-03,238.29000000,238.48000000
2017-05-04,238.83000000,238.76000000
2017-05-05,239.19000000,239.70000000
2017-05-08,239.75000000,239.66000000
2017-05-09,239.96000000,239.44000000
2017-05-10,239.39000000,239.87000000
2017-05-11,239.35000000,239.38000000
2017-05-12,239.09000000,238.98000000
2017-05-15,239.47000000,240.30000000
2017-05-16,240.64000000,240.08000000
2017-05-17,238.10000000,235.82000000
2017-05-18,235.73000000,236.77000000
2017-05-19,237.33000000,238.31000000
2017-05-22,238.90000000,239.52000000
2017-05-23,239.95000000,240.05000000
2017-05-24,240.32000000,240.61000000
2017-05-25,241.20000000,241.76000000
2017-05-26,241.54000000,241.71000000
2017-05-30,241.34000000,241.50000000
2017-05-31,241.84000000,241.44000000
2017-06-01,241.97000000,243.36000000
2017-06-02,243.42000000,244.17000000
2017-06-05,243.97000000,243.99000000
2017-06-06,243.34000000,243.21000000
2017-06-07,243.60000000,243.66000000
2017-06-08,243.77000000,243.78000000
2017-06-09,244.09000000,243.41000000
2017-06-12,243.13000000,243.36000000
2017-06-13,243.98000000,244.55000000
2017-06-14,244.86000000,244.24000000
2017-06-15,242.68000000,243.77000000
2017-06-16,242.77000000,242.64000000
2017-06-19,243.59000000,244.66000000
2017-06-20,244.25000000,243.01000000
2017-06-21,243.42000000,242.95000000
2017-06-22,242.96000000,242.84000000
2017-06-23,242.91000000,243.13000000
2017-06-26,243.90000000,243.29000000
2017-06-27,243.04000000,241.33000000
2017-06-28,242.50000000,243.49000000
2017-06-29,243.66000000,241.35000000
2017-06-30,242.28000000,241.80000000
2017-07-03,242.88000000,242.21000000
2017-07-05,242.63000000,242.77000000
2017-07-06,241.89000000,240.55000000
2017-07-07,241.21000000,242.11000000
2017-07-10,241.95000000,242.37000000
2017-07-11,242.16000000,242.19000000
2017-07-12,243.30000000,244.01000000
2017-07-13,244.02000000,244.42000000
2017-07-14,244.43000000,245.56000000
2017-07-17,245.47000000,245.53000000
2017-07-18,245.06000000,245.66000000
2017-07-19,246.02000000,246.99000000
2017-07-20,247.28000000,247.10000000
2017-07-21,246.44000000,246.88000000
2017-07-24,246.79000000,246.82000000
2017-07-25,247.68000000,247.42000000
2017-07-26,247.75000000,247.43000000
2017-07-27,247.96000000,247.20000000
2017-07-28,246.65000000,246.91000000
2017-07-31,247.37000000,246.77000000
2017-08-01,247.46000000,247.32000000
2017-08-02,247.47000000,247.44000000
2017-08-03,247.31000000,246.96000000
2017-08-04,247.52000000,247.41000000
2017-08-07,247.49000000,247.87000000
2017-08-08,247.51000000,247.26000000
2017-08-09,246.47000000,247.25000000
2017-08-10,246.29000000,243.76000000
2017-08-11,244.02000000,244.12000000
2017-08-14,245.59000000,246.54000000
2017-08-15,246.98000000,246.51000000
2017-08-16,247.11000000,246.94000000
2017-08-17,246.24000000,243.09000000
2017-08-18,242.90000000,242.71000000
2017-08-21,242.64000000,242.90000000
2017-08-22,243.57000000,245.44000000
2017-08-23,244.33000000,244.56000000
2017-08-24,245.00000000,243.99000000
2017-08-25,244.90000000,244.56000000
2017-08-28,245.17000000,244.57000000
2017-08-29,243.06000000,244.85000000
2017-08-30,244.83000000,246.01000000
2017-08-31,246.72000000,247.49000000
2017-09-01,247.92000000,247.84000000
2017-09-05,247.26000000,246.06000000
2017-09-06,246.84000000,246.90000000
2017-09-07,247.25000000,246.87000000
2017-09-08,246.54000000,246.58000000
2017-09-11,248.04000000,249.21000000
2017-09-12,249.63000000,250.05000000
2017-09-13,249.72000000,250.17000000
2017-09-14,249.80000000,250.09000000
2017-09-15,248.69000000,249.19000000
2017-09-18,249.61000000,249.72000000
2017-09-19,250.00000000,249.97000000
2017-09-20,250.07000000,250.06000000
2017-09-21,249.88000000,249.39000000
2017-09-22,249.05000000,249.44000000
2017-09-25,249.15000000,248.93000000
2017-09-26,249.42000000,249.08000000
2017-09-27,249.88000000,250.05000000
2017-09-28,249.73000000,250.35000000
2017-09-29,250.34000000,251.23000000
2017-10-02,251.49000000,252.32000000
2017-10-03,252.46000000,252.86000000
2017-10-04,252.69000000,253.16000000
2017-10-05,253.54000000,254.66000000
2017-10-06,254.15000000,254.37000000
2017-10-09,254.63000000,253.95000000
2017-10-10,254.60000000,254.62000000
2017-10-11,254.51000000,255.02000000
2017-10-12,254.66000000,254.64000000
2017-10-13,255.14000000,254.95000000
2017-10-16,255.21000000,255.29000000
2017-10-17,255.23000000,255.47000000
2017-10-18,255.90000000,255.72000000
2017-10-19,254.83000000,255.79000000
2017-10-20,256.70000000,257.11000000
2017-10-23,257.48000000,256.11000000
2017-10-24,256.60000000,256.56000000
2017-10-25,256.18000000,255.29000000
2017-10-26,255.99000000,255.62000000
2017-10-27,256.47000000,257.71000000
2017-10-30,257.07000000,256.75000000
2017-10-31,257.18000000,257.15000000
2017-11-01,258.04000000,257.49000000
2017-11-02,257.41000000,257.59000000
2017-11-03,257.77000000,258.45000000
2017-11-06,258.30000000,258.85000000
2017-11-07,258.97000000,258.67000000
2017-11-08,258.47000000,259.11000000
2017-11-09,257.73000000,258.17000000
2017-11-10,257.73000000,258.09000000
2017-11-13,257.31000000,258.33000000
2017-11-14,257.41000000,257.73000000
2017-11-15,256.62000000,256.44000000
2017-11-16,257.52000000,258.62000000
2017-11-17,258.22000000,257.86000000
2017-11-20,258.14000000,258.30000000
2017-11-21,259.18000000,259.99000000
2017-11-22,260.00000000,259.76000000
2017-11-24,260.32000000,260.36000000
2017-11-27,260.41000000,260.23000000
2017-11-28,260.76000000,262.87000000
2017-11-29,263.02000000,262.71000000
2017-11-30,263.76000000,265.01000000
2017-12-01,264.76000000,264.46000000
2017-12-04,266.31000000,264.14000000
2017-12-05,264.43000000,263.19000000
2017-12-06,262.87000000,263.24000000
2017-12-07,263.09000000,264.07000000
2017-12-08,264.99000000,265.51000000
2017-12-11,265.58000000,266.31000000
2017-12-12,266.57000000,266.78000000
2017-12-13,267.06000000,266.75000000
2017-12-14,267.09000000,265.66000000
2017-12-15,265.45000000,266.51000000
2017-12-18,268.10000000,268.20000000
2017-12-19,268.48000000,267.17000000
2017-12-20,268.27000000,267.03000000
2017-12-21,267.74000000,267.58000000
2017-12-22,267.60000000,267.51000000
2017-12-26,267.05000000,267.19000000
2017-12-27,267.38000000,267.32000000
2017-12-28,267.89000000,267.87000000
2017-12-29,268.53000000,266.86000000
2018-01-02,267.84000000,268.77000000
2018-01-03,268.96000000,270.47000000
2018-01-04,271.20000000,271.61000000
2018-01-05,272.51000000,273.42000000
2018-01-08,273.31000000,273.92000000
2018-01-09,274.40000000,274.54000000
2018-01-10,273.68000000,274.12000000
2018-01-11,274.75000000,276.12000000
2018-01-12,276.42000000,277.92000000
2018-01-16,279.35000000,276.97000000
2018-01-17,278.03000000,279.61000000
2018-01-18,279.48000000,279.14000000
2018-01-19,279.80000000,280.41000000
2018-01-22,280.17000000,282.69000000
2018-01-23,282.74000000,283.29000000
2018-01-24,284.02000000,283.18000000
2018-01-25,284.16000000,283.30000000
2018-01-26,284.25000000,286.58000000
2018-01-29,285.93000000,284.68000000
2018-01-30,282.60000000,281.76000000
2018-01-31,282.73000000,281.90000000
2018-02-01,281.07000000,281.58000000
2018-02-02,280.08000000,275.45000000
2018-02-05,273.45000000,263.93000000
2018-02-06,259.94000000,269.13000000
2018-02-07,268.50000000,267.67000000
2018-02-08,268.01000000,257.63000000
2018-02-09,260.80000000,261.50000000
2018-02-12,263.83000000,265.34000000
2018-02-13,263.97000000,266.00000000
2018-02-14,264.31000000,269.59000000
2018-02-15,271.57000000,273.03000000
2018-02-16,272.32000000,273.11000000
2018-02-20,272.03000000,271.40000000
2018-02-21,271.90000000,270.05000000
2018-02-22,271.10000000,270.40000000
2018-02-23,271.79000000,274.71000000
2018-02-26,275.93000000,277.90000000
2018-02-27,278.11000000,274.43000000
2018-02-28,275.68000000,271.65000000
2018-03-01,271.41000000,267.70000000
2018-03-02,265.80000000,269.08000000
2018-03-05,267.73000000,272.19000000
2018-03-06,273.30000000,272.88000000
2018-03-07,270.42000000,272.78000000
2018-03-08,273.55000000,274.10000000
2018-03-09,275.70000000,278.87000000
2018-03-12,279.20000000,278.52000000
2018-03-13,279.84000000,276.72000000
2018-03-14,277.81000000,275.30000000
2018-03-15,275.88000000,275.00000000
2018-03-16,274.50000000,274.20000000
2018-03-19,273.35000000,270.49000000
2018-03-20,270.94000000,270.95000000
2018-03-21,270.90000000,270.43000000
2018-03-22,267.91000000,263.67000000
2018-03-23,264.17000000,258.05000000
2018-03-26,262.13000000,265.11000000
2018-03-27,266.17000000,260.60000000
2018-03-28,260.75000000,259.83000000
2018-03-29,261.12000000,263.15000000
2018-04-02,262.55000000,257.47000000
2018-04-03,258.87000000,260.77000000
2018-04-04,256.75000000,263.56000000
2018-04-05,265.55000000,265.64000000
2018-04-06,263.42000000,259.72000000
2018-04-09,261.37000000,261.00000000
2018-04-10,264.27000000,265.15000000
2018-04-11,263.47000000,263.76000000
2018-04-12,265.26000000,265.93000000
2018-04-13,267.41000000,265.15000000
2018-04-16,267.00000000,267.33000000
2018-04-17,269.33000000,270.19000000
2018-04-18,270.69000000,270.39000000
2018-04-19,269.65000000,268.89000000
2018-04-20,268.81000000,266.61000000
2018-04-23,267.26000000,266.57000000
2018-04-24,267.73000000,262.98000000
2018-04-25,262.91000000,263.63000000
2018-04-26,264.79000000,266.31000000
2018-04-27,267.00000000,266.56000000
2018-04-30,267.26000000,264.51000000
2018-05-01,263.87000000,264.98000000
2018-05-02,264.76000000,263.20000000
2018-05-03,262.26000000,262.62000000
2018-05-04,261.52000000,266.02000000
2018-05-07,266.89000000,266.92000000
2018-05-08,266.50000000,266.92000000
2018-05-09,267.68000000,269.50000000
2018-05-10,270.34000000,272.02000000
2018-05-11,272.16000000,272.85000000
2018-05-14,273.34000000,272.98000000
2018-05-15,271.59000000,271.10000000
2018-05-16,271.14000000,272.24000000
2018-05-17,271.94000000,272.01000000
2018-05-18,271.62000000,271.33000000
2018-05-21,273.01000000,273.37000000
2018-05-22,273.96000000,272.61000000
2018-05-23,271.17000000,273.36000000
2018-05-24,272.91000000,272.80000000
2018-05-25,272.15000000,272.15000000
2018-05-29,270.31000000,269.02000000
2018-05-30,270.50000000,272.61000000
2018-05-31,272.15000000,270.94000000
2018-06-01,272.41000000,273.60000000
2018-06-04,274.53000000,274.90000000
2018-06-05,275.05000000,275.10000000
2018-06-06,275.79000000,277.40000000
2018-06-07,277.95000000,277.37000000
2018-06-08,276.85000000,278.19000000
2018-06-11,278.44000000,278.56000000
2018-06-12,279.03000000,278.92000000
2018-06-13,279.19000000,278.03000000
2018-06-14,279.01000000,278.73000000
2018-06-15,276.60000000,277.13000000
2018-06-18,275.49000000,276.56000000
2018-06-19,274.00000000,275.50000000
2018-06-20,276.27000000,275.97000000
2018-06-21,275.96000000,274.24000000
2018-06-22,275.66000000,274.74000000
2018-06-25,273.44000000,271.00000000
2018-06-26,271.64000000,271.60000000
2018-06-27,272.26000000,269.35000000
2018-06-28,269.29000000,270.89000000
2018-06-29,272.12000000,271.28000000
2018-07-02,269.51000000,271.86000000
2018-07-03,272.87000000,270.90000000
2018-07-05,272.17000000,273.11000000
2018-07-06,273.14000000,275.42000000
2018-07-09,276.55000000,277.90000000
2018-07-10,278.41000000,278.90000000
2018-07-11,277.15000000,276.86000000
2018-07-12,278.28000000,279.37000000
2018-07-13,279.17000000,279.59000000
2018-07-16,279.64000000,279.34000000
2018-07-17,278.47000000,280.47000000
2018-07-18,280.56000000,281.06000000
2018-07-19,280.31000000,280.00000000
2018-07-20,279.77000000,279.68000000
2018-07-23,279.45000000,280.20000000
2018-07-24,281.79000000,281.61000000
2018-07-25,281.33000000,284.01000000
2018-07-26,283.20000000,283.34000000
2018-07-27,283.71000000,281.42000000
2018-07-30,281.51000000,279.95000000
2018-07-31,280.81000000,281.33000000
2018-08-01,281.56000000,280.86000000
2018-08-02,279.39000000,282.39000000
2018-08-03,282.53000000,283.60000000
2018-08-06,283.64000000,284.64000000
2018-08-07,285.39000000,285.58000000
2018-08-08,285.39000000,285.46000000
2018-08-09,285.53000000,285.07000000
2018-08-10,283.45000000,283.16000000
2018-08-13,283.47000000,282.10000000
2018-08-14,282.92000000,283.90000000
2018-08-15,282.38000000,281.78000000
2018-08-16,283.40000000,284.06000000
2018-08-17,283.83000000,285.06000000
2018-08-20,285.57000000,285.67000000
2018-08-21,286.25000000,286.34000000
2018-08-22,285.88000000,286.17000000
2018-08-23,285.97000000,285.79000000
2018-08-24,286.44000000,287.51000000
2018-08-27,288.86000000,289.78000000
2018-08-28,290.30000000,289.92000000
2018-08-29,290.16000000,291.48000000
2018-08-30,290.94000000,290.30000000
2018-08-31,289.84000000,290.31000000
2018-09-04,289.84000000,289.81000000
2018-09-05,289.41000000,289.03000000
2018-09-06,289.15000000,288.16000000
2018-09-07,286.98000000,287.60000000
2018-09-10,288.74000000,288.10000000
2018-09-11,287.37000000,289.05000000
2018-09-12,289.06000000,289.12000000
2018-09-13,290.32000000,290.83000000
2018-09-14,291.06000000,290.88000000
2018-09-17,290.82000000,289.34000000
2018-09-18,289.58000000,290.91000000
2018-09-19,290.97000000,291.22000000
2018-09-20,292.64000000,293.58000000
2018-09-21,293.09000000,291.99000000
2018-09-24,291.34000000,291.02000000
2018-09-25,291.53000000,290.75000000
2018-09-26,290.91000000,289.88000000
2018-09-27,290.41000000,290.69000000
2018-09-28,289.99000000,290.72000000
2018-10-01,292.11000000,291.73000000
2018-10-02,291.56000000,291.56000000
2018-10-03,292.74000000,291.72000000
2018-10-04,291.18000000,289.44000000
2018-10-05,289.69000000,287.82000000
2018-10-08,287.05000000,287.82000000
2018-10-09,287.39000000,287.40000000
2018-10-10,286.83000000,278.30000000
2018-10-11,277.08000000,272.17000000
2018-10-12,276.77000000,275.95000000
2018-10-15,275.55000000,274.40000000
2018-10-16,276.60000000,280.40000000
2018-10-17,280.44000000,280.45000000
2018-10-18,279.40000000,276.40000000
2018-10-19,277.13000000,276.25000000
2018-10-22,277.00000000,275.01000000
2018-10-23,270.95000000,273.61000000
2018-10-24,273.33000000,265.32000000
2018-10-25,267.38000000,270.08000000
2018-10-26,265.92000000,265.33000000
2018-10-29,268.80000000,263.86000000
2018-10-30,263.67000000,267.77000000
2018-10-31,270.65000000,270.63000000
2018-11-01,271.60000000,273.51000000
2018-11-02,274.75000000,271.89000000
2018-11-05,272.44000000,273.39000000
2018-11-06,273.32000000,275.12000000
2018-11-07,277.56000000,281.01000000
2018-11-08,280.11000000,280.50000000
2018-11-09,279.03000000,277.76000000
2018-11-12,277.19000000,272.57000000
2018-11-13,273.09000000,272.06000000
2018-11-14,274.16000000,270.20000000
2018-11-15,268.78000000,273.02000000
2018-11-16,271.79000000,273.73000000
2018-11-19,273.05000000,269.10000000
2018-11-20,265.36000000,264.12000000
2018-11-21,265.86000000,265.02000000
2018-11-23,263.18000000,263.25000000
2018-11-26,265.78000000,267.50000000
2018-11-27,266.34000000,268.40000000
2018-11-28,269.60000000,274.58000000
2018-11-29,273.71000000,273.98000000
2018-11-30,273.81000000,275.65000000
2018-12-03,280.28000000,279.30000000
2018-12-04,278.37000000,270.25000000
2018-12-06,265.92000000,269.84000000
2018-12-07,269.46000000,263.57000000
2018-12-10,263.37000000,264.07000000
2018-12-11,267.66000000,264.13000000
2018-12-12,267.47000000,265.46000000
2018-12-13,266.52000000,265.37000000
2018-12-14,262.96000000,260.47000000
2018-12-17,259.40000000,255.36000000
2018-12-18,257.20000000,255.08000000
2018-12-19,255.17000000,251.26000000
2018-12-20,249.86000000,247.17000000
2018-12-21,246.74000000,240.70000000
2018-12-24,239.04000000,234.34000000
2018-12-26,235.97000000,246.18000000
2018-12-27,242.57000000,248.07000000
2018-12-28,249.58000000,247.75000000
2018-12-31,249.56000000,249.92000000
2019-01-02,245.98000000,250.18000000
2019-01-03,248.23000000,244.21000000
2019-01-04,247.59000000,252.39000000
2019-01-07,252.69000000,254.38000000
2019-01-08,256.82000000,256.77000000
2019-01-09,257.56000000,257.97000000
2019-01-10,256.26000000,258.88000000
2019-01-11,257.68000000,258.98000000
2019-01-14,256.86000000,257.40000000
2019-01-15,257.82000000,260.35000000
2019-01-16,260.83000000,260.98000000
2019-01-17,260.01000000,262.96000000
2019-01-18,264.98000000,266.46000000
2019-01-22,264.82000000,262.86000000
2019-01-23,264.01000000,263.41000000
2019-01-24,263.21000000,263.55000000
2019-01-25,265.61000000,265.78000000
2019-01-28,263.39000000,263.76000000
2019-01-29,263.92000000,263.41000000
2019-01-30,265.10000000,267.58000000
2019-01-31,267.51000000,269.93000000
2019-02-01,270.15000000,270.06000000
2019-02-04,270.11000000,271.96000000
2019-02-05,272.44000000,273.10000000
2019-02-06,272.79000000,272.74000000
2019-02-07,270.94000000,270.14000000
2019-02-08,268.75000000,270.47000000
2019-02-11,271.20000000,270.62000000
2019-02-12,272.42000000,274.10000000
2019-02-13,275.03000000,274.99000000
2019-02-14,273.78000000,274.38000000
2019-02-15,276.36000000,277.37000000
2019-02-19,276.48000000,277.85000000
2019-02-20,277.81000000,278.41000000
2019-02-21,277.70000000,277.42000000
2019-02-22,278.11000000,279.14000000
2019-02-25,280.73000000,279.52000000
2019-02-26,279.13000000,279.32000000
2019-02-27,278.52000000,279.20000000
2019-02-28,278.96000000,278.68000000
2019-03-01,280.44000000,280.42000000
2019-03-04,281.60000000,279.40000000
2019-03-05,279.54000000,279.02000000
2019-03-06,279.15000000,277.33000000
2019-03-07,276.83000000,275.01000000
2019-03-08,272.94000000,274.46000000
2019-03-11,275.26000000,278.44000000
2019-03-12,279.06000000,279.49000000
2019-03-13,280.48000000,281.34000000
2019-03-14,281.37000000,281.16000000
2019-03-15,280.54000000,281.31000000
2019-03-18,281.55000000,282.33000000
2019-03-19,283.51000000,282.40000000
2019-03-20,282.16000000,281.55000000
2019-03-21,280.64000000,284.73000000
2019-03-22,283.22000000,279.25000000
2019-03-25,278.87000000,279.04000000
2019-03-26,280.99000000,281.12000000
2019-03-27,281.11000000,279.65000000
2019-03-28,280.35000000,280.71000000
2019-03-29,282.39000000,282.48000000
2019-04-01,284.70000000,285.83000000
2019-04-02,286.04000000,285.97000000
2019-04-03,287.32000000,286.42000000
2019-04-04,286.78000000,287.18000000
2019-04-05,287.92000000,288.57000000
2019-04-08,288.10000000,288.79000000
2019-04-09,287.72000000,287.31000000
2019-04-10,287.77000000,288.29000000
2019-04-11,288.83000000,288.21000000
2019-04-12,290.00000000,290.16000000
2019-04-15,290.24000000,289.97000000
2019-04-16,290.95000000,290.16000000
2019-04-17,291.40000000,289.45000000
2019-04-18,290.10000000,290.02000000
2019-04-22,289.17000000,290.27000000
2019-04-23,290.68000000,292.88000000
2019-04-24,292.79000000,292.23000000
2019-04-25,292.12000000,292.05000000
2019-04-26,292.10000000,293.41000000
2019-04-29,293.51000000,293.87000000
2019-04-30,293.49000000,294.02000000
2019-05-01,294.72000000,291.81000000
2019-05-02,291.68000000,291.18000000
2019-05-03,292.82000000,294.03000000
2019-05-06,289.25000000,292.82000000
2019-05-07,290.15000000,287.93000000
2019-05-08,287.53000000,287.53000000
2019-05-09,285.23000000,286.66000000
2019-05-10,285.62000000,288.10000000
2019-05-13,282.42000000,280.86000000
2019-05-14,281.99000000,283.40000000
2019-05-15,281.59000000,285.06000000
2019-05-16,285.84000000,287.70000000
2019-05-17,285.14000000,285.84000000
2019-05-20,284.06000000,283.95000000
2019-05-21,285.83000000,286.51000000
2019-05-22,285.45000000,285.63000000
2019-05-23,283.16000000,282.14000000
2019-05-24,283.74000000,282.78000000
2019-05-28,283.09000000,280.15000000
2019-05-29,278.91000000,278.27000000
2019-05-30,279.11000000,279.03000000
2019-05-31,276.20000000,275.27000000
2019-06-03,275.31000000,274.57000000
2019-06-04,277.12000000,280.53000000
2019-06-05,282.33000000,282.96000000
2019-06-06,283.29000000,284.80000000
2019-06-07,285.93000000,287.65000000
2019-06-10,289.37000000,288.97000000
2019-06-11,290.99000000,288.90000000
2019-06-12,288.64000000,288.39000000
2019-06-13,289.40000000,289.58000000
2019-06-14,289.26000000,289.26000000
2019-06-17,289.52000000,289.37000000
2019-06-18,291.39000000,292.40000000
2019-06-19,292.55000000,293.06000000
2019-06-20,296.04000000,295.86000000
2019-06-21,294.13000000,294.00000000
2019-06-24,294.23000000,293.64000000
2019-06-25,293.70000000,290.76000000
2019-06-26,291.75000000,290.47000000
2019-06-27,291.31000000,291.50000000
2019-06-28,292.58000000,293.00000000
2019-07-01,296.68000000,295.66000000
2019-07-02,295.61000000,296.43000000
2019-07-03,297.18000000,298.80000000
2019-07-05,297.44000000,298.46000000
2019-07-08,297.01000000,296.82000000
2019-07-09,295.54000000,297.19000000
2019-07-10,298.37000000,298.61000000
2019-07-11,299.32000000,299.31000000
2019-07-12,299.85000000,300.65000000
2019-07-15,301.13000000,300.75000000
2019-07-16,300.65000000,299.71000000
2019-07-17,299.75000000,297.74000000
2019-07-18,297.19000000,298.83000000
2019-07-19,300.04000000,297.17000000
2019-07-22,297.61000000,297.90000000
2019-07-23,299.14000000,300.03000000
2019-07-24,299.19000000,301.44000000
2019-07-25,300.94000000,300.00000000
2019-07-26,300.76000000,302.01000000
2019-07-29,301.88000000,301.46000000
2019-07-30,299.91000000,300.72000000
2019-07-31,300.99000000,297.43000000
2019-08-01,297.60000000,294.84000000
2019-08-02,293.85000000,292.62000000
2019-08-05,288.09000000,283.82000000
2019-08-06,285.91000000,287.80000000
2019-08-07,284.40000000,287.97000000
2019-08-08,289.62000000,293.62000000
2019-08-09,292.58000000,291.62000000
2019-08-12,289.96000000,288.07000000
2019-08-13,287.74000000,292.55000000
2019-08-14,288.07000000,283.90000000
2019-08-15,284.88000000,284.65000000
2019-08-16,286.48000000,288.85000000
2019-08-19,292.19000000,292.33000000
2019-08-20,291.77000000,290.09000000
2019-08-21,292.48000000,292.45000000
2019-08-22,293.23000000,292.36000000
2019-08-23,290.92000000,284.85000000
2019-08-26,287.27000000,288.00000000
2019-08-27,289.54000000,286.87000000
2019-08-28,286.14000000,288.89000000
2019-08-29,291.72000000,292.58000000
2019-08-30,294.22000000,292.45000000
2019-09-03,290.57000000,290.74000000
2019-09-04,293.14000000,294.04000000
2019-09-05,296.79000000,297.82000000
2019-09-06,298.17000000,298.05000000
2019-09-09,299.14000000,298.20000000
2019-09-10,297.36000000,298.13000000
2019-09-11,298.47000000,300.25000000
2019-09-12,301.25000000,301.29000000
2019-09-13,301.78000000,301.09000000
2019-09-16,299.84000000,300.16000000
2019-09-17,299.94000000,300.92000000
2019-09-18,300.49000000,301.10000000
2019-09-19,301.53000000,301.08000000
2019-09-20,300.36000000,298.28000000
2019-09-23,297.55000000,298.21000000
2019-09-24,299.41000000,295.87000000
2019-09-25,295.96000000,297.62000000
2019-09-26,297.63000000,297.00000000
2019-09-27,297.83000000,295.40000000
2019-09-30,295.97000000,296.77000000
2019-10-01,297.74000000,293.24000000
2019-10-02,291.50000000,288.06000000
2019-10-03,287.81000000,290.42000000
2019-10-04,291.14000000,294.35000000
2019-10-07,293.47000000,293.08000000
2019-10-08,291.04000000,288.53000000
2019-10-09,290.75000000,291.27000000
2019-10-10,291.18000000,293.24000000
2019-10-11,296.27000000,296.28000000
2019-10-14,295.93000000,295.95000000
2019-10-15,297.10000000,298.88000000
2019-10-16,298.37000000,298.40000000
2019-10-17,299.68000000,299.28000000
2019-10-18,298.69000000,297.97000000
2019-10-21,299.42000000,299.99000000
2019-10-22,300.58000000,299.01000000
2019-10-23,298.73000000,299.88000000
2019-10-24,300.91000000,300.37000000
2019-10-25,299.74000000,301.60000000
2019-10-28,302.94000000,303.30000000
2019-10-29,303.00000000,303.21000000
2019-10-30,303.43000000,304.14000000
2019-10-31,304.13000000,303.33000000
2019-11-01,304.92000000,306.14000000
2019-11-04,307.85000000,307.37000000
2019-11-05,307.59000000,307.03000000
2019-11-06,307.03000000,307.10000000
2019-11-07,308.57000000,308.18000000
2019-11-08,307.80000000,308.94000000
2019-11-11,307.42000000,308.35000000
2019-11-12,308.75000000,309.00000000
2019-11-13,307.91000000,309.10000000
2019-11-14,308.79000000,309.55000000
2019-11-15,311.02000000,311.79000000
2019-11-18,311.53000000,312.02000000
2019-11-19,312.68000000,311.93000000
2019-11-20,311.28000000,310.77000000
2019-11-21,310.89000000,310.27000000
2019-11-22,311.09000000,310.96000000
2019-11-25,311.98000000,313.37000000
2019-11-26,313.41000000,314.08000000
2019-11-27,314.61000000,315.48000000
2019-11-29,314.86000000,314.31000000
2019-12-02,314.59000000,311.64000000
2019-12-03,308.65000000,309.55000000
2019-12-04,310.70000000,311.46000000
2019-12-05,312.23000000,312.02000000
2019-12-06,314.12000000,314.87000000
2019-12-09,314.44000000,313.88000000
2019-12-10,313.82000000,313.53000000
2019-12-11,314.03000000,314.42000000
2019-12-12,314.43000000,317.13000000
2019-12-13,316.87000000,317.32000000
2019-12-16,319.22000000,319.50000000
2019-12-17,319.92000000,319.57000000
2019-12-18,320.00000000,319.59000000
2019-12-19,319.80000000,320.90000000
2019-12-20,320.46000000,320.73000000
2019-12-23,321.59000000,321.22000000
2019-12-24,321.47000000,321.23000000
2019-12-26,321.65000000,322.94000000
2019-12-27,323.74000000,322.86000000
2019-12-30,322.95000000,321.08000000
2019-12-31,320.53000000,321.86000000
2020-01-02,323.54000000,324.87000000
2020-01-03,321.16000000,322.41000000
2020-01-06,320.49000000,323.64000000
2020-01-07,323.02000000,322.73000000
2020-01-08,322.94000000,324.45000000
2020-01-09,326.16000000,326.65000000
2020-01-10,327.29000000,325.71000000
2020-01-13,326.39000000,327.95000000
2020-01-14,327.47000000,327.45000000
2020-01-15,327.35000000,328.19000000
2020-01-16,329.70000000,330.92000000
2020-01-17,331.70000000,331.95000000
2020-01-21,330.90000000,331.30000000
2020-01-22,332.24000000,331.34000000
2020-01-23,330.63000000,331.72000000
2020-01-24,332.44000000,328.77000000
2020-01-27,323.03000000,323.50000000
2020-01-28,325.06000000,326.89000000
2020-01-29,328.38000000,326.62000000
2020-01-30,324.36000000,327.68000000
2020-01-31,327.00000000,321.73000000
2020-02-03,323.35000000,324.12000000
2020-02-04,328.07000000,329.06000000
2020-02-05,332.27000000,332.86000000
2020-02-06,333.91000000,333.98000000
2020-02-07,332.82000000,332.20000000
2020-02-10,331.23000000,334.68000000
2020-02-11,336.16000000,335.26000000
2020-02-12,336.83000000,337.42000000
2020-02-13,335.86000000,337.06000000
2020-02-14,337.51000000,337.60000000
2020-02-18,336.51000000,336.73000000
2020-02-19,337.79000000,338.34000000
2020-02-20,337.74000000,336.95000000
2020-02-21,335.47000000,333.48000000
2020-02-24,323.14000000,322.42000000
2020-02-25,323.94000000,312.65000000
2020-02-26,314.18000000,311.50000000
2020-02-27,305.46000000,297.51000000
2020-02-28,288.70000000,296.26000000
2020-03-02,298.21000000,309.09000000
2020-03-03,309.50000000,300.24000000
2020-03-04,306.12000000,312.86000000
2020-03-05,304.98000000,302.46000000
2020-03-06,293.15000000,297.46000000
2020-03-09,275.30000000,274.23000000
2020-03-10,284.64000000,288.42000000
2020-03-11,280.70000000,274.36000000
2020-03-12,256.00000000,248.11000000
2020-03-13,263.09000000,269.32000000
2020-03-16,241.18000000,239.85000000
2020-03-17,245.04000000,252.80000000
2020-03-18,236.25000000,240.00000000
2020-03-19,239.25000000,240.51000000
2020-03-20,242.53000000,228.80000000
2020-03-23,228.19000000,222.95000000
2020-03-24,234.42000000,243.15000000
2020-03-25,244.87000000,246.79000000
2020-03-26,249.52000000,261.20000000
2020-03-27,253.27000000,253.42000000
2020-03-30,255.70000000,261.65000000
2020-03-31,260.56000000,257.75000000
2020-04-01,247.98000000,246.15000000
2020-04-02,245.19000000,251.83000000
2020-04-03,250.76000000,248.19000000
2020-04-06,257.84000000,264.86000000
2020-04-07,274.21000000,265.13000000
2020-04-08,267.96000000,274.03000000
2020-04-09,277.58000000,278.20000000
2020-04-13,277.14000000,275.66000000
2020-04-14,280.98000000,283.79000000
2020-04-15,277.57000000,277.76000000
2020-04-16,279.15000000,279.10000000
2020-04-17,285.38000000,286.64000000
2020-04-20,282.61000000,281.59000000
2020-04-21,276.73000000,273.04000000
2020-04-22,278.35000000,279.10000000
2020-04-23,280.49000000,279.08000000
2020-04-24,280.73000000,282.97000000
2020-04-27,285.12000000,287.05000000
2020-04-28,291.02000000,285.73000000
2020-04-29,291.53000000,293.21000000
2020-04-30,291.71000000,290.48000000
2020-05-01,285.31000000,282.79000000
2020-05-04,280.74000000,283.57000000
2020-05-05,286.64000000,286.19000000
2020-05-06,288.04000000,284.25000000
2020-05-07,287.75000000,287.68000000
2020-05-08,291.09000000,292.44000000
2020-05-11,290.34000000,292.50000000
2020-05-12,293.79000000,286.67000000
2020-05-13,286.06000000,281.60000000
2020-05-14,278.95000000,284.97000000
2020-05-15,282.37000000,286.28000000
2020-05-18,293.05000000,295.00000000
2020-05-19,294.35000000,291.97000000
2020-05-20,295.82000000,296.93000000
2020-05-21,296.79000000,294.88000000
2020-05-22,294.57000000,295.44000000
2020-05-26,301.93000000,299.08000000
2020-05-27,302.12000000,303.53000000
2020-05-28,304.65000000,302.97000000
2020-05-29,302.46000000,304.32000000
2020-06-01,303.62000000,305.55000000
2020-06-02,306.55000000,308.08000000
2020-06-03,310.24000000,312.18000000
2020-06-04,311.11000000,311.36000000
2020-06-05,317.23000000,319.34000000
2020-06-08,320.22000000,323.20000000
2020-06-09,320.30000000,320.79000000
2020-06-10,321.42000000,319.00000000
2020-06-11,311.46000000,300.61000000
2020-06-12,308.24000000,304.21000000
2020-06-15,298.02000000,307.05000000
2020-06-16,315.48000000,312.96000000
2020-06-17,314.07000000,311.66000000
2020-06-18,310.00000000,311.78000000
2020-06-19,314.17000000,308.64000000
2020-06-22,307.99000000,310.62000000
2020-06-23,313.49000000,312.05000000
2020-06-24,309.84000000,304.09000000
2020-06-25,303.47000000,307.35000000
2020-06-26,306.16000000,300.05000000
2020-06-29,301.41000000,304.46000000
2020-06-30,303.99000000,308.36000000
2020-07-01,309.57000000,310.52000000
2020-07-02,314.24000000,312.23000000
2020-07-06,316.37000000,317.05000000
2020-07-07,315.38000000,313.78000000
2020-07-08,314.61000000,316.18000000
2020-07-09,316.84000000,314.38000000
2020-07-10,314.31000000,317.59000000
2020-07-13,320.13000000,314.84000000
2020-07-14,313.30000000,318.92000000
2020-07-15,322.41000000,321.85000000
2020-07-16,319.79000000,320.79000000
2020-07-17,321.88000000,321.72000000
2020-07-20,321.43000000,324.32000000
2020-07-21,326.45000000,325.01000000
2020-07-22,324.62000000,326.86000000
2020-07-23,326.47000000,322.96000000
2020-07-24,320.95000000,320.88000000
2020-07-27,321.63000000,323.22000000
2020-07-28,322.43000000,321.17000000
2020-07-29,322.12000000,325.12000000
2020-07-30,321.90000000,323.96000000
2020-07-31,325.90000000,326.52000000
2020-08-03,328.32000000,328.79000000
2020-08-04,327.86000000,330.06000000
2020-08-05,331.47000000,332.11000000
2020-08-06,331.48000000,334.33000000
2020-08-07,333.28000000,334.57000000
2020-08-10,335.06000000,335.57000000
2020-08-11,336.85000000,332.80000000
2020-08-12,335.44000000,337.44000000
2020-08-13,336.61000000,336.83000000
2020-08-14,336.41000000,336.84000000
2020-08-17,337.94000000,337.91000000
2020-08-18,338.34000000,338.64000000
2020-08-19,339.05000000,337.23000000
2020-08-20,335.36000000,338.28000000
2020-08-21,337.92000000,339.48000000
2020-08-24,342.12000000,342.92000000
2020-08-25,343.53000000,344.12000000
2020-08-26,344.76000000,347.57000000
2020-08-27,348.51000000,348.33000000
2020-08-28,349.44000000,350.58000000
2020-08-31,350.35000000,349.31000000
2020-09-01,350.21000000,352.60000000
2020-09-02,354.67000000,357.70000000
2020-09-03,355.87000000,345.39000000
2020-09-04,346.13000000,342.57000000
2020-09-08,336.71000000,333.21000000
2020-09-09,337.55000000,339.79000000
2020-09-10,341.82000000,333.89000000
2020-09-11,335.82000000,334.06000000
2020-09-14,337.49000000,338.46000000
2020-09-15,341.12000000,340.17000000
2020-09-16,341.51000000,338.82000000
2020-09-17,333.56000000,335.84000000
2020-09-18,335.37000000,330.65000000
2020-09-21,325.70000000,326.97000000
2020-09-22,328.57000000,330.30000000
2020-09-23,330.90000000,322.64000000
2020-09-24,321.22000000,323.50000000
2020-09-25,322.58000000,328.73000000
2020-09-28,333.22000000,334.19000000
2020-09-29,333.97000000,332.37000000
2020-09-30,333.09000000,334.89000000
2020-10-01,337.69000000,337.04000000
2020-10-02,331.70000000,333.84000000
2020-10-05,336.06000000,339.76000000
2020-10-06,339.91000000,334.93000000
2020-10-07,338.12000000,340.76000000
2020-10-08,342.85000000,343.78000000
2020-10-09,345.56000000,346.85000000
2020-10-12,349.59000000,352.43000000
2020-10-13,352.28000000,350.13000000
2020-10-14,350.75000000,347.93000000
2020-10-15,343.71000000,347.50000000
2020-10-16,348.96000000,347.29000000
2020-10-19,348.65000000,342.01000000
2020-10-20,343.46000000,343.38000000
2020-10-21,343.33000000,342.73000000
2020-10-22,342.96000000,344.61000000
2020-10-23,345.93000000,345.78000000
2020-10-26,342.13000000,339.39000000
2020-10-27,339.76000000,338.22000000
2020-10-28,332.10000000,326.66000000
2020-10-29,326.91000000,329.98000000
2020-10-30,328.28000000,326.54000000
2020-11-02,330.20000000,330.20000000
2020-11-03,333.69000000,336.03000000
2020-11-04,340.86000000,343.54000000
2020-11-05,349.24000000,350.24000000
2020-11-06,349.93000000,350.16000000
2020-11-09,363.97000000,354.56000000
2020-11-10,353.49000000,354.04000000
2020-11-11,356.40000000,356.67000000
2020-11-12,355.58000000,353.21000000
2020-11-13,355.27000000,358.10000000
2020-11-16,360.98000000,362.57000000
2020-11-17,359.97000000,360.62000000
2020-11-18,360.91000000,356.28000000
2020-11-19,355.60000000,357.78000000
2020-11-20,357.50000000,355.33000000
2020-11-23,357.28000000,357.46000000
2020-11-24,360.21000000,363.22000000
2020-11-25,363.13000000,362.66000000
2020-11-27,363.84000000,363.67000000
2020-11-30,362.83000000,362.06000000
2020-12-01,365.57000000,366.02000000
2020-12-02,364.82000000,366.79000000
2020-12-03,366.68000000,366.69000000
2020-12-04,367.32000000,369.85000000
2020-12-07,369.02000000,369.09000000
2020-12-08,367.72000000,370.17000000
2020-12-09,370.88000000,366.85000000
2020-12-10,365.37000000,366.73000000
2020-12-11,364.90000000,366.30000000
2020-12-14,368.64000000,364.66000000
2020-12-15,367.40000000,369.59000000
2020-12-16,369.82000000,370.17000000
2020-12-17,371.94000000,372.24000000
2020-12-18,370.97000000,369.18000000
2020-12-21,364.97000000,367.86000000
2020-12-22,368.21000000,367.24000000
2020-12-23,368.28000000,367.57000000
2020-12-24,368.08000000,369.00000000
2020-12-28,371.74000000,372.17000000
2020-12-29,373.81000000,371.46000000
2020-12-30,372.34000000,371.99000000
2020-12-31,371.78000000,373.88000000
2021-01-04,375.31000000,368.79000000
2021-01-05,368.10000000,371.33000000
2021-01-06,369.71000000,373.55000000
2021-01-07,376.10000000,379.10000000
2021-01-08,380.59000000,381.26000000
2021-01-11,377.85000000,378.69000000
2021-01-12,378.89000000,378.77000000
2021-01-13,378.69000000,379.79000000
2021-01-14,380.59000000,378.46000000
2021-01-15,376.72000000,375.70000000
2021-01-19,378.34000000,378.65000000
2021-01-20,381.11000000,383.89000000
2021-01-21,384.49000000,384.24000000
2021-01-22,382.25000000,382.88000000
2021-01-25,383.67000000,384.39000000
2021-01-26,385.41000000,383.79000000
2021-01-27,380.22000000,374.41000000
2021-01-28,376.36000000,377.63000000
2021-01-29,375.63000000,370.07000000
2021-02-01,373.72000000,376.23000000
2021-02-02,379.65000000,381.55000000
2021-02-03,382.44000000,381.85000000
2021-02-04,382.96000000,386.19000000
2021-02-05,388.20000000,387.71000000
2021-02-08,389.27000000,390.51000000
2021-02-09,389.61000000,390.25000000
2021-02-10,392.12000000,390.08000000
2021-02-11,391.24000000,390.71000000
2021-02-12,389.85000000,392.64000000
2021-02-16,393.96000000,392.30000000
2021-02-17,390.42000000,392.39000000
2021-02-18,389.59000000,390.72000000
2021-02-19,392.07000000,390.03000000
2021-02-22,387.06000000,387.03000000
2021-02-23,384.66000000,387.50000000
2021-02-24,386.33000000,391.77000000
2021-02-25,390.41000000,382.33000000
2021-02-26,384.35000000,380.36000000
2021-03-01,385.59000000,389.58000000
2021-03-02,389.82000000,386.54000000
2021-03-03,385.79000000,381.42000000
2021-03-04,381.22000000,376.70000000
2021-03-05,380.46000000,383.63000000
2021-03-08,384.66000000,381.72000000
2021-03-09,385.85000000,387.17000000
2021-03-10,389.69000000,389.58000000
2021-03-11,392.23000000,393.53000000
2021-03-12,392.07000000,394.06000000
2021-03-15,394.33000000,396.41000000
2021-03-16,397.07000000,395.91000000
2021-03-17,394.53000000,397.26000000
2021-03-18,394.48000000,391.48000000
2021-03-19,389.88000000,389.48000000
2021-03-22,390.03000000,392.59000000
2021-03-23,391.91000000,389.50000000
2021-03-24,391.00000000,387.52000000
2021-03-25,385.98000000,389.70000000
2021-03-26,390.93000000,395.98000000
2021-03-29,394.40000000,395.78000000
2021-03-30,394.42000000,394.73000000
2021-03-31,395.34000000,396.33000000
2021-04-01,398.40000000,400.61000000
2021-04-05,403.46000000,406.36000000
2021-04-06,405.76000000,406.12000000
2021-04-07,405.94000000,406.59000000
2021-04-08,407.93000000,408.52000000
2021-04-09,408.39000000,411.49000000
2021-04-12,410.85000000,411.64000000
2021-04-13,411.53000000,412.86000000
2021-04-14,412.83000000,411.45000000
2021-04-15,413.74000000,415.87000000
2021-04-16,417.25000000,417.26000000
2021-04-19,416.26000000,415.21000000
2021-04-20,413.91000000,412.17000000
2021-04-21,411.51000000,416.07000000
2021-04-22,415.89000000,412.27000000
2021-04-23,412.87000000,416.74000000
2021-04-26,417.44000000,417.61000000
2021-04-27,417.93000000,417.52000000
2021-04-28,417.81000000,417.40000000
2021-04-29,420.32000000,420.06000000
2021-04-30,417.63000000,417.30000000
2021-05-03,419.43000000,418.20000000
2021-05-04,416.07000000,415.62000000
2021-05-05,417.38000000,415.75000000
2021-05-06,415.83000000,419.07000000
2021-05-07,419.89000000,422.12000000
2021-05-10,422.50000000,417.94000000
2021-05-11,413.10000000,414.21000000
2021-05-12,411.23000000,405.41000000
2021-05-13,407.07000000,410.28000000
2021-05-14,413.21000000,416.58000000
2021-05-17,415.39000000,415.52000000
2021-05-18,415.80000000,411.94000000
2021-05-19,406.92000000,410.86000000
2021-05-20,411.80000000,415.28000000
2021-05-21,416.87000000,414.94000000
2021-05-24,417.34000000,419.17000000
2021-05-25,420.33000000,418.24000000
2021-05-26,418.87000000,419.07000000
2021-05-27,420.17000000,419.29000000
2021-05-28,420.97000000,420.04000000
2021-06-01,422.57000000,419.67000000
2021-06-02,420.37000000,420.33000000
2021-06-03,417.85000000,418.77000000
2021-06-04,420.75000000,422.60000000
2021-06-07,422.59000000,422.19000000
2021-06-08,423.11000000,422.28000000
2021-06-09,423.18000000,421.65000000
2021-06-10,422.96000000,423.61000000
2021-06-11,424.20000000,424.31000000
2021-06-14,424.43000000,425.26000000
2021-06-15,425.42000000,424.48000000
2021-06-16,424.63000000,422.11000000
2021-06-17,421.67000000,421.97000000
2021-06-18,417.09000000,414.92000000
2021-06-21,416.80000000,420.86000000
2021-06-22,420.85000000,423.11000000
2021-06-23,423.19000000,422.60000000
2021-06-24,424.89000000,425.10000000
2021-06-25,425.90000000,426.61000000
2021-06-28,427.17000000,427.47000000
2021-06-29,427.88000000,427.70000000
2021-06-30,427.21000000,428.06000000
2021-07-01,428.87000000,430.43000000
2021-07-02,431.67000000,433.72000000
2021-07-06,433.78000000,432.93000000
2021-07-07,433.66000000,434.46000000
2021-07-08,428.78000000,430.92000000
2021-07-09,432.53000000,435.52000000
2021-07-12,435.43000000,437.08000000
2021-07-13,436.24000000,435.59000000
2021-07-14,437.40000000,436.24000000
2021-07-15,434.81000000,434.75000000
2021-07-16,436.01000000,431.34000000
2021-07-19,426.19000000,424.97000000
2021-07-20,425.68000000,431.06000000
2021-07-21,432.34000000,434.55000000
2021-07-22,434.74000000,435.46000000
2021-07-23,437.52000000,439.94000000
2021-07-26,439.31000000,441.02000000
2021-07-27,439.91000000,439.01000000
2021-07-28,439.68000000,438.83000000
2021-07-29,439.81000000,440.65000000
2021-07-30,437.91000000,438.51000000
2021-08-02,440.34000000,437.59000000
2021-08-03,438.44000000,441.15000000
2021-08-04,439.78000000,438.98000000
2021-08-05,440.22000000,441.76000000
2021-08-06,442.10000000,442.49000000
2021-08-09,442.46000000,442.13000000
2021-08-10,442.61000000,442.68000000
2021-08-11,443.82000000,443.78000000
2021-08-12,443.62000000,445.11000000
2021-08-13,445.59000000,445.92000000
2021-08-16,444.53000000,446.97000000
2021-08-17,444.24000000,444.04000000
2021-08-18,442.96000000,439.18000000
2021-08-19,436.27000000,439.86000000
2021-08-20,440.23000000,443.36000000
2021-08-23,445.16000000,447.26000000
2021-08-24,447.97000000,447.97000000
2021-08-25,448.17000000,448.91000000
2021-08-26,448.61000000,446.26000000
2021-08-27,447.12000000,450.25000000
2021-08-30,450.97000000,452.23000000
2021-08-31,452.13000000,451.56000000
2021-09-01,452.56000000,451.80000000
2021-09-02,453.32000000,453.19000000
2021-09-03,451.98000000,453.08000000
2021-09-07,452.71000000,451.46000000
2021-09-08,450.89000000,450.91000000
2021-09-09,450.70000000,448.98000000
2021-09-10,451.04000000,445.44000000
2021-09-13,448.64000000,446.58000000
2021-09-14,448.12000000,444.17000000
2021-09-15,444.62000000,447.88000000
2021-09-16,447.32000000,447.17000000
2021-09-17,444.92000000,441.40000000
2021-09-20,434.88000000,434.04000000
2021-09-21,436.53000000,433.63000000
2021-09-22,436.05000000,437.86000000
2021-09-23,439.85000000,443.18000000
2021-09-24,441.44000000,443.91000000
2021-09-27,442.81000000,442.64000000
2021-09-28,439.69000000,433.72000000
2021-09-29,435.19000000,434.45000000
2021-09-30,436.02000000,429.14000000
2021-10-01,430.98000000,434.24000000
2021-10-04,433.00000000,428.64000000
2021-10-05,430.24000000,433.10000000
2021-10-06,429.27000000,434.90000000
2021-10-07,438.39000000,438.66000000
2021-10-08,439.48000000,437.86000000
2021-10-11,437.16000000,434.69000000
2021-10-12,435.67000000,433.62000000
2021-10-13,434.71000000,435.18000000
2021-10-14,439.08000000,442.50000000
2021-10-15,444.75000000,445.87000000
2021-10-18,443.97000000,447.19000000
2021-10-19,448.92000000,450.64000000
2021-10-20,451.13000000,452.41000000
2021-10-21,451.77000000,453.59000000
2021-10-22,453.13000000,453.12000000
2021-10-25,454.28000000,455.55000000
2021-10-26,457.20000000,455.96000000
2021-10-27,456.45000000,453.94000000
2021-10-28,455.46000000,458.32000000
2021-10-29,455.87000000,459.25000000
2021-11-01,460.30000000,460.04000000
2021-11-02,460.22000000,461.90000000
2021-11-03,461.30000000,464.72000000
2021-11-04,465.36000000,466.91000000
2021-11-05,469.28000000,468.53000000
2021-11-08,469.70000000,468.93000000
2021-11-09,469.32000000,467.38000000
2021-11-10,465.58000000,463.62000000
2021-11-11,465.21000000,463.77000000
2021-11-12,465.12000000,467.27000000
2021-11-15,468.64000000,467.43000000
2021-11-16,467.15000000,469.28000000
2021-11-17,469.00000000,468.14000000
2021-11-18,469.24000000,469.73000000
2021-11-19,469.61000000,468.89000000
2021-11-22,470.89000000,467.57000000
2021-11-23,467.22000000,468.19000000
2021-11-24,466.06000000,469.44000000
2021-11-26,462.34000000,458.97000000
2021-11-29,464.07000000,464.60000000
2021-11-30,462.00000000,455.56000000
2021-12-01,461.64000000,450.50000000
2021-12-02,450.73000000,457.40000000
2021-12-03,459.17000000,453.42000000
2021-12-06,456.13000000,458.79000000
2021-12-07,464.41000000,468.28000000
2021-12-08,468.70000000,469.52000000
2021-12-09,468.15000000,466.35000000
2021-12-10,469.23000000,470.74000000
2021-12-13,470.19000000,466.57000000
2021-12-14,463.09000000,463.36000000
2021-12-15,463.42000000,470.60000000
2021-12-16,472.57000000,466.45000000
2021-12-17,461.55000000,459.87000000
2021-12-20,454.48000000,454.98000000
2021-12-21,458.61000000,463.06000000
2021-12-22,462.79000000,467.69000000
2021-12-23,468.75000000,470.60000000
2021-12-27,472.06000000,477.26000000
2021-12-28,477.72000000,476.87000000
2021-12-29,476.98000000,477.48000000
2021-12-30,477.93000000,476.16000000
2021-12-31,475.64000000,474.96000000
2022-01-03,476.30000000,477.71000000
2022-01-04,479.22000000,477.55000000
2022-01-05,477.16000000,468.38000000
2022-01-06,467.89000000,467.94000000
2022-01-07,467.95000000,466.09000000
2022-01-10,462.70000000,465.51000000
2022-01-11,465.23000000,469.75000000
2022-01-12,471.59000000,471.02000000
2022-01-13,472.19000000,464.53000000
2022-01-14,461.19000000,464.72000000
2022-01-18,459.74000000,456.49000000
2022-01-19,458.13000000,451.75000000
2022-01-20,453.75000000,446.75000000
2022-01-21,445.56000000,437.98000000
2022-01-24,432.03000000,439.84000000
2022-01-25,433.06000000,434.47000000
2022-01-26,440.72000000,433.38000000
2022-01-27,438.26000000,431.24000000
2022-01-28,432.68000000,441.95000000
2022-01-31,441.24000000,449.91000000
2022-02-01,450.68000000,452.95000000
2022-02-02,455.50000000,457.35000000
2022-02-03,450.95000000,446.60000000
2022-02-04,446.35000000,448.70000000
2022-02-07,449.51000000,447.26000000
2022-02-08,446.73000000,450.94000000
2022-02-09,455.22000000,457.54000000
2022-02-10,451.34000000,449.32000000
2022-02-11,449.41000000,440.46000000
2022-02-14,439.92000000,439.02000000
2022-02-15,443.73000000,446.10000000
2022-02-16,443.93000000,446.60000000
2022-02-17,443.22000000,437.06000000
2022-02-18,437.33000000,434.23000000
2022-02-22,431.89000000,429.57000000
2022-02-23,432.66000000,421.95000000
2022-02-24,411.02000000,428.30000000
2022-02-25,429.61000000,437.75000000
2022-02-28,432.03000000,436.63000000
2022-03-01,435.04000000,429.98000000
2022-03-02,432.37000000,437.89000000
2022-03-03,440.47000000,435.71000000
2022-03-04,431.75000000,432.17000000
2022-03-07,431.55000000,419.43000000
2022-03-08,419.62000000,416.25000000
2022-03-09,425.14000000,427.41000000
2022-03-10,422.52000000,425.48000000
2022-03-11,428.12000000,420.07000000
2022-03-14,420.89000000,417.00000000
2022-03-15,419.77000000,426.17000000
2022-03-16,429.89000000,435.62000000
2022-03-17,433.59000000,441.07000000
2022-03-18,438.00000000,444.52000000
2022-03-21,444.34000000,444.39000000
2022-03-22,445.86000000,449.59000000
2022-03-23,446.91000000,443.80000000
2022-03-24,445.94000000,450.49000000
2022-03-25,451.16000000,452.69000000
2022-03-28,452.06000000,455.91000000
2022-03-29,460.02000000,461.55000000
2022-03-30,460.34000000,458.70000000
2022-03-31,457.89000000,451.64000000
2022-04-01,453.31000000,452.92000000
2022-04-04,453.13000000,456.80000000
2022-04-05,455.22000000,451.03000000
2022-04-06,446.89000000,446.52000000
2022-04-07,445.59000000,448.77000000
2022-04-08,447.97000000,447.57000000
2022-04-11,444.11000000,439.92000000
2022-04-12,443.08000000,438.29000000
2022-04-13,438.03000000,443.31000000
2022-04-14,443.55000000,437.79000000
2022-04-18,436.81000000,437.97000000
2022-04-19,437.86000000,445.04000000
2022-04-20,446.92000000,444.71000000
2022-04-21,448.54000000,438.06000000
2022-04-22,436.91000000,426.04000000
2022-04-25,423.67000000,428.51000000
2022-04-26,425.83000000,416.10000000
2022-04-27,417.24000000,417.27000000
2022-04-28,422.29000000,427.81000000
2022-04-29,423.59000000,412.00000000
2022-05-02,412.07000000,414.48000000
2022-05-03,415.01000000,416.38000000
2022-05-04,417.08000000,429.06000000
2022-05-05,424.55000000,413.81000000
2022-05-06,411.10000000,411.34000000
2022-05-09,405.10000000,398.17000000
2022-05-10,404.49000000,399.09000000
2022-05-11,398.07000000,392.75000000
2022-05-12,389.37000000,392.34000000
2022-05-13,396.71000000,401.72000000
2022-05-16,399.98000000,400.09000000
2022-05-17,406.53000000,408.32000000
2022-05-18,403.50000000,391.86000000
2022-05-19,388.62000000,389.46000000
2022-05-20,393.25000000,389.63000000
2022-05-23,392.83000000,396.92000000
2022-05-24,392.56000000,393.89000000
2022-05-25,392.31000000,397.37000000
2022-05-26,398.67000000,405.31000000
2022-05-27,407.91000000,415.26000000
2022-05-31,413.55000000,412.93000000
2022-06-01,415.17000000,409.59000000
2022-06-02,409.42000000,417.39000000
2022-06-03,412.40000000,410.54000000
2022-06-06,414.78000000,411.79000000
2022-06-07,408.10000000,415.74000000
2022-06-08,413.93000000,411.22000000
2022-06-09,409.34000000,401.44000000
2022-06-10,394.88000000,389.80000000
2022-06-13,379.85000000,375.00000000
2022-06-14,376.85000000,373.87000000
2022-06-15,377.36000000,379.20000000
2022-06-16,370.51000000,366.65000000
2022-06-17,365.51000000,365.86000000
2022-06-21,371.89000000,375.07000000
2022-06-22,370.62000000,374.39000000
2022-06-23,376.64000000,378.06000000
2022-06-24,381.40000000,390.08000000
2022-06-27,391.05000000,388.59000000
2022-06-28,390.23000000,380.65000000
2022-06-29,381.23000000,380.34000000
2022-06-30,376.24000000,377.25000000
2022-07-01,376.56000000,381.24000000
2022-07-05,375.88000000,381.96000000
2022-07-06,382.11000000,383.25000000
2022-07-07,385.12000000,388.99000000
2022-07-08,387.27000000,388.67000000
2022-07-11,385.85000000,384.23000000
2022-07-12,383.65000000,380.83000000
2022-07-13,375.10000000,378.83000000
2022-07-14,373.61000000,377.91000000
2022-07-15,382.55000000,385.13000000
2022-07-18,388.38000000,381.95000000
2022-07-19,386.08000000,392.27000000
2022-07-20,392.47000000,394.77000000
2022-07-21,394.16000000,398.79000000
2022-07-22,398.92000000,395.09000000
2022-07-25,395.75000000,395.57000000
2022-07-26,393.84000000,390.89000000
2022-07-27,394.36000000,401.04000000
2022-07-28,401.89000000,406.07000000
2022-07-29,407.58000000,411.99000000
2022-08-01,409.15000000,410.77000000
2022-08-02,409.12000000,408.06000000
2022-08-03,410.30000000,414.45000000
2022-08-04,414.37000000,414.17000000
2022-08-05,409.66000000,413.47000000
2022-08-08,415.25000000,412.99000000
2022-08-09,412.22000000,411.35000000
2022-08-10,418.78000000,419.99000000
2022-08-11,422.99000000,419.99000000
2022-08-12,422.03000000,427.10000000
2022-08-15,424.77000000,428.86000000
2022-08-16,427.73000000,429.70000000
2022-08-17,425.91000000,426.65000000
2022-08-18,426.86000000,427.89000000
2022-08-19,424.98000000,422.14000000
2022-08-22,417.05000000,413.35000000
2022-08-23,412.90000000,412.35000000
2022-08-24,412.11000000,413.67000000
2022-08-25,415.24000000,419.51000000
2022-08-26,419.39000000,405.31000000
2022-08-29,402.20000000,402.63000000
2022-08-30,403.85000000,398.21000000
2022-08-31,399.93000000,395.18000000
2022-09-01,392.89000000,396.42000000
2022-09-02,400.28000000,392.24000000
2022-09-06,393.13000000,390.76000000
2022-09-07,390.43000000,397.78000000
2022-09-08,395.39000000,400.38000000
2022-09-09,402.74000000,406.60000000
2022-09-12,408.78000000,410.97000000
2022-09-13,401.83000000,393.10000000
2022-09-14,394.47000000,394.60000000
2022-09-15,392.96000000,390.12000000
2022-09-16,384.14000000,385.56000000
2022-09-19,382.26000000,388.55000000
2022-09-20,385.06000000,384.09000000
2022-09-21,386.11000000,377.39000000
2022-09-22,376.58000000,374.22000000
2022-09-23,370.58000000,367.95000000
2022-09-26,366.41000000,364.31000000
2022-09-27,368.02000000,363.38000000
2022-09-28,364.38000000,370.53000000
2022-09-29,366.81000000,362.79000000
2022-09-30,361.80000000,357.18000000
2022-10-03,361.08000000,366.61000000
2022-10-04,372.40000000,377.97000000
2022-10-05,373.39000000,377.09000000
2022-10-06,375.62000000,373.20000000
2022-10-07,368.97000000,362.79000000
2022-10-10,363.96000000,360.02000000
2022-10-11,358.23000000,357.74000000
2022-10-12,358.17000000,356.56000000
2022-10-13,349.20000000,365.97000000
2022-10-14,368.55000000,357.63000000
2022-10-17,364.01000000,366.82000000
2022-10-18,375.13000000,371.13000000
2022-10-19,368.99000000,368.50000000
2022-10-20,368.03000000,365.41000000
2022-10-21,365.12000000,374.29000000
2022-10-24,375.89000000,378.87000000
2022-10-25,378.79000000,384.92000000
2022-10-26,381.62000000,382.02000000
2022-10-27,383.07000000,379.98000000
2022-10-28,379.87000000,389.02000000
2022-10-31,386.44000000,386.21000000
2022-11-01,390.14000000,384.52000000
2022-11-02,383.90000000,374.87000000
2022-11-03,371.46000000,371.01000000
2022-11-04,377.00000000,376.35000000
2022-11-07,377.71000000,379.95000000
2022-11-08,381.11000000,382.00000000
2022-11-09,379.93000000,374.13000000
2022-11-10,388.05000000,394.69000000
2022-11-11,395.59000000,398.51000000
2022-11-14,396.66000000,395.12000000
2022-11-15,401.15000000,398.49000000
2022-11-16,396.78000000,395.45000000
2022-11-17,390.46000000,394.24000000
2022-11-18,397.74000000,396.03000000
2022-11-21,394.64000000,394.59000000
2022-11-22,396.63000000,399.90000000
2022-11-23,399.55000000,402.42000000
2022-11-25,401.83000000,402.33000000
2022-11-28,399.09000000,395.91000000
2022-11-29,396.05000000,395.23000000
2022-11-30,395.49000000,407.68000000
2022-12-01,408.77000000,407.38000000
2022-12-02,402.25000000,406.91000000
2022-12-05,403.95000000,399.59000000
2022-12-06,399.42000000,393.83000000
2022-12-07,392.94000000,393.16000000
2022-12-08,395.14000000,396.24000000
2022-12-09,394.94000000,393.28000000
2022-12-12,394.11000000,398.95000000
2022-12-13,410.22000000,401.97000000
2022-12-14,401.61000000,399.40000000
2022-12-15,394.30000000,389.63000000
2022-12-16,385.18000000,383.27000000
2022-12-19,383.47000000,380.02000000
2022-12-20,379.23000000,380.54000000
2022-12-21,383.25000000,386.23000000
2022-12-22,383.05000000,380.72000000
2022-12-23,379.65000000,382.91000000
2022-12-27,382.79000000,381.40000000
2022-12-28,381.33000000,376.66000000
2022-12-29,379.63000000,383.44000000
2022-12-30,380.64000000,382.43000000
2023-01-03,384.37000000,380.82000000
2023-01-04,383.18000000,383.76000000
2023-01-05,381.72000000,379.38000000
2023-01-06,382.61000000,388.08000000
2023-01-09,390.37000000,387.86000000
2023-01-10,387.25000000,390.58000000
2023-01-11,392.23000000,395.52000000
2023-01-12,396.67000000,396.96000000
2023-01-13,393.62000000,398.50000000
2023-01-17,398.48000000,397.77000000
2023-01-18,399.01000000,391.49000000
2023-01-19,389.36000000,388.64000000
2023-01-20,390.10000000,395.88000000
2023-01-23,396.72000000,400.63000000
2023-01-24,398.88000000,400.20000000
2023-01-25,395.95000000,400.35000000
2023-01-26,403.13000000,404.75000000
2023-01-27,403.65000000,405.68000000
2023-01-30,402.80000000,400.59000000
2023-01-31,401.13000000,406.48000000
2023-02-01,405.21000000,410.80000000
2023-02-02,414.86000000,416.78000000
2023-02-03,411.59000000,412.35000000
2023-02-06,409.79000000,409.83000000
2023-02-07,408.87000000,415.19000000
2023-02-08,413.13000000,410.65000000
2023-02-09,414.41000000,407.09000000
2023-02-10,405.86000000,408.04000000
2023-02-13,408.72000000,412.83000000
2023-02-14,411.24000000,412.64000000
2023-02-15,410.35000000,413.98000000
2023-02-16,408.79000000,408.28000000
2023-02-17,406.06000000,407.26000000
2023-02-21,403.06000000,399.09000000
2023-02-22,399.52000000,398.54000000
2023-02-23,401.56000000,400.66000000
2023-02-24,395.42000000,396.38000000
2023-02-27,399.87000000,397.73000000
2023-02-28,397.23000000,396.26000000
2023-03-01,395.41000000,394.74000000
2023-03-02,392.68000000,397.81000000
2023-03-03,399.71000000,404.19000000
2023-03-06,405.05000000,404.47000000
2023-03-07,404.42000000,398.27000000
2023-03-08,398.39000000,398.92000000
2023-03-09,399.74000000,391.56000000
2023-03-10,390.99000000,385.91000000
2023-03-13,381.81000000,385.36000000
2023-03-14,390.50000000,391.73000000
2023-03-15,385.89000000,389.28000000
2023-03-16,386.82000000,396.11000000
2023-03-17,393.22000000,389.99000000
2023-03-20,390.80000000,393.74000000
2023-03-21,397.24000000,398.91000000
2023-03-22,398.73000000,392.11000000
2023-03-23,395.09000000,393.17000000
2023-03-24,391.84000000,395.75000000
2023-03-27,398.12000000,396.49000000
2023-03-28,395.77000000,395.60000000
2023-03-29,399.92000000,401.35000000
2023-03-30,404.09000000,403.70000000
2023-03-31,404.66000000,409.39000000
2023-04-03,408.85000000,410.95000000
2023-04-04,411.62000000,408.67000000
2023-04-05,407.91000000,407.60000000
2023-04-06,406.77000000,409.19000000
2023-04-10,406.61000000,409.61000000
2023-04-11,410.26000000,409.72000000
2023-04-12,411.87000000,408.05000000
2023-04-13,409.18000000,413.47000000
2023-04-14,412.81000000,412.46000000
2023-04-17,412.37000000,413.94000000
2023-04-18,415.58000000,414.21000000
2023-04-19,412.22000000,414.14000000
2023-04-20,411.21000000,411.88000000
2023-04-21,412.19000000,412.20000000
2023-04-24,411.99000000,412.63000000
2023-04-25,410.58000000,406.08000000
2023-04-26,406.72000000,404.36000000
2023-04-27,407.00000000,412.41000000
2023-04-28,411.49000000,415.93000000
2023-05-01,415.47000000,415.51000000
2023-05-02,414.77000000,410.84000000
2023-05-03,411.36000000,408.02000000
2023-05-04,406.93000000,405.13000000
2023-05-05,408.91000000,412.63000000
2023-05-08,412.97000000,412.74000000
2023-05-09,411.13000000,410.93000000
2023-05-10,413.88000000,412.85000000
2023-05-11,411.95000000,412.13000000
2023-05-12,413.42000000,411.59000000
2023-05-15,412.22000000,413.01000000
2023-05-16,411.86000000,410.25000000
2023-05-17,412.35000000,415.23000000
2023-05-18,414.90000000,419.23000000
2023-05-19,420.17000000,418.62000000
2023-05-22,418.64000000,418.79000000
2023-05-23,417.08000000,414.09000000
2023-05-24,412.42000000,411.09000000
2023-05-25,414.74000000,414.65000000
2023-05-26,415.33000000,420.02000000
2023-05-30,422.03000000,420.18000000
2023-05-31,418.28000000,417.85000000
2023-06-01,418.09000000,421.82000000
2023-06-02,424.50000000,427.92000000
2023-06-05,428.28000000,427.10000000
2023-06-06,426.67000000,428.03000000
2023-06-07,428.44000000,426.55000000
2023-06-08,426.62000000,429.13000000
2023-06-09,429.96000000,429.90000000
2023-06-12,430.92000000,433.80000000
2023-06-13,435.32000000,436.66000000
2023-06-14,437.01000000,437.18000000
2023-06-15,436.33000000,442.60000000
2023-06-16,443.02000000,439.46000000
2023-06-20,437.45000000,437.18000000
2023-06-21,436.16000000,434.94000000
2023-06-22,433.95000000,436.51000000
2023-06-23,432.93000000,433.21000000
2023-06-26,432.62000000,431.44000000
2023-06-27,432.35000000,436.17000000
2023-06-28,435.05000000,436.39000000
2023-06-29,435.96000000,438.11000000
2023-06-30,441.44000000,443.28000000
2023-07-03,442.92000000,443.79000000
2023-07-05,441.91000000,443.13000000
2023-07-06,439.42000000,439.66000000
2023-07-07,438.63000000,438.55000000
2023-07-10,438.18000000,439.66000000
2023-07-11,440.45000000,442.46000000
2023-07-12,446.39000000,446.02000000
2023-07-13,447.90000000,449.56000000
2023-07-14,450.48000000,449.28000000
2023-07-17,449.13000000,450.84000000
2023-07-18,450.50000000,454.19000000
2023-07-19,455.01000000,455.20000000
2023-07-20,454.17000000,452.18000000
2023-07-21,453.96000000,452.18000000
2023-07-24,453.37000000,454.20000000
2023-07-25,453.92000000,455.44000000
2023-07-26,454.47000000,455.51000000
2023-07-27,459.02000000,452.49000000
2023-07-28,455.88000000,456.92000000
2023-07-31,457.41000000,457.79000000
2023-08-01,456.27000000,456.48000000
2023-08-02,453.25000000,450.13000000
2023-08-03,448.04000000,448.84000000
2023-08-04,450.72000000,446.81000000
2023-08-07,448.71000000,450.71000000
2023-08-08,448.08000000,448.75000000
2023-08-09,449.03000000,445.75000000
2023-08-10,448.19000000,445.91000000
2023-08-11,443.97000000,445.65000000
2023-08-14,444.70000000,448.11000000
2023-08-15,446.27000000,442.89000000
2023-08-16,442.46000000,439.64000000
2023-08-17,441.16000000,436.29000000
2023-08-18,433.37000000,436.50000000
2023-08-21,437.55000000,439.34000000
2023-08-22,441.18000000,438.15000000
2023-08-23,439.25000000,443.03000000
2023-08-24,444.69000000,436.89000000
2023-08-25,438.68000000,439.97000000
2023-08-28,442.24000000,442.76000000
2023-08-29,442.65000000,449.16000000
2023-08-30,449.51000000,451.01000000
2023-08-31,451.65000000,450.35000000
2023-09-01,453.17000000,451.19000000
2023-09-05,450.73000000,449.24000000
2023-09-06,448.40000000,446.22000000
2023-09-07,443.11000000,444.85000000
2023-09-08,444.90000000,445.52000000
2023-09-11,448.24000000,448.45000000
2023-09-12,446.95000000,445.99000000
2023-09-13,446.22000000,446.51000000
2023-09-14,449.07000000,450.36000000
2023-09-15,447.14000000,443.37000000
2023-09-18,443.05000000,443.63000000
2023-09-19,442.68000000,442.71000000
2023-09-20,444.01000000,438.64000000
2023-09-21,435.70000000,431.39000000
2023-09-22,432.45000000,430.42000000
2023-09-25,429.17000000,432.23000000
2023-09-26,429.09000000,425.88000000
2023-09-27,427.09000000,426.05000000
2023-09-28,425.48000000,428.52000000
2023-09-29,431.67000000,427.48000000
2023-10-02,426.62000000,427.31000000
2023-10-03,425.06000000,421.59000000
2023-10-04,422.07000000,424.66000000
2023-10-05,424.36000000,424.50000000
2023-10-06,421.97000000,429.54000000
2023-10-09,427.58000000,432.29000000
2023-10-10,432.94000000,434.54000000
2023-10-11,435.64000000,436.32000000
2023-10-12,436.95000000,433.66000000
2023-10-13,435.21000000,431.50000000
2023-10-16,433.82000000,436.04000000
2023-10-17,432.81000000,436.02000000
2023-10-18,434.19000000,430.21000000
2023-10-19,430.95000000,426.43000000
2023-10-20,425.98000000,421.19000000
2023-10-23,419.61000000,420.46000000
2023-10-24,422.65000000,423.63000000
2023-10-25,421.89000000,417.55000000
2023-10-26,416.45000000,412.55000000
2023-10-27,414.19000000,410.68000000
2023-10-30,413.56000000,415.59000000
2023-10-31,416.18000000,418.20000000
2023-11-01,419.20000000,422.66000000
2023-11-02,426.58000000,430.76000000
2023-11-03,433.14000000,434.69000000
2023-11-06,435.47000000,435.69000000
2023-11-07,435.69000000,436.93000000
2023-11-08,437.55000000,437.25000000
2023-11-09,438.43000000,433.84000000
2023-11-10,435.98000000,440.61000000
2023-11-13,439.23000000,440.19000000
2023-11-14,446.32000000,448.73000000
2023-11-15,450.11000000,449.68000000
2023-11-16,449.22000000,450.23000000
2023-11-17,450.24000000,450.79000000
2023-11-20,450.53000000,454.26000000
2023-11-21,453.18000000,453.27000000
2023-11-22,454.98000000,455.02000000
2023-11-24,455.07000000,455.30000000
2023-11-27,454.65000000,454.48000000
2023-11-28,454.08000000,454.93000000
2023-11-29,457.15000000,454.61000000
2023-11-30,455.48000000,456.40000000
2023-12-01,455.77000000,459.10000000
2023-12-04,455.60000000,456.69000000
2023-12-05,455.26000000,456.60000000
2023-12-06,458.81000000,454.76000000
2023-12-07,456.91000000,458.23000000
2023-12-08,457.46000000,460.20000000
2023-12-11,459.69000000,461.99000000
2023-12-12,461.63000000,464.10000000
2023-12-13,464.49000000,470.50000000
2023-12-14,472.50000000,472.01000000
2023-12-15,469.49000000,469.33000000
2023-12-18,470.98000000,471.97000000
2023-12-19,472.53000000,474.84000000
2023-12-20,473.96000000,468.26000000
2023-12-21,471.33000000,472.70000000
2023-12-22,473.86000000,473.65000000
2023-12-26,474.07000000,475.65000000
2023-12-27,475.44000000,476.51000000
2023-12-28,476.88000000,476.69000000
2023-12-29,476.49000000,475.31000000
2024-01-02,472.16000000,472.65000000
2024-01-03,470.43000000,468.79000000
2024-01-04,468.30000000,467.28000000
2024-01-05,467.49000000,467.92000000
2024-01-08,468.43000000,474.60000000
2024-01-09,471.87000000,473.88000000
2024-01-10,474.16000000,476.56000000
2024-01-11,477.59000000,476.35000000
2024-01-12,477.84000000,476.68000000
2024-01-16,475.26000000,474.93000000
2024-01-17,471.82000000,472.29000000
2024-01-18,474.01000000,476.49000000
2024-01-19,477.65000000,482.43000000
2024-01-22,484.01000000,483.45000000
2024-01-23,484.01000000,484.86000000
2024-01-24,487.81000000,485.39000000
2024-01-25,487.58000000,488.03000000
2024-01-26,487.59000000,487.41000000
2024-01-29,487.73000000,491.27000000
2024-01-30,490.56000000,490.89000000
2024-01-31,488.62000000,482.88000000
2024-02-01,484.63000000,489.20000000
2024-02-02,489.65000000,494.35000000
2024-02-05,493.70000000,492.55000000
2024-02-06,493.52000000,493.98000000
2024-02-07,496.29000000,498.10000000
2024-02-08,498.10000000,498.32000000
2024-02-09,498.84000000,501.20000000
2024-02-12,501.17000000,500.98000000
2024-02-13,494.53000000,494.08000000
2024-02-14,496.79000000,498.57000000
2024-02-15,499.29000000,502.01000000
2024-02-16,501.70000000,499.51000000
2024-02-20,497.72000000,496.76000000
2024-02-21,495.42000000,497.21000000
2024-02-22,504.01000000,507.50000000
2024-02-23,509.27000000,507.85000000
2024-02-26,508.30000000,505.99000000
2024-02-27,506.70000000,506.93000000
2024-02-28,505.33000000,506.26000000
2024-02-29,508.07000000,508.08000000
2024-03-01,508.98000000,512.85000000
2024-03-04,512.03000000,512.30000000
2024-03-05,510.24000000,507.18000000
2024-03-06,510.55000000,509.75000000
2024-03-07,513.14000000,514.81000000
2024-03-08,515.46000000,511.72000000
2024-03-11,510.48000000,511.28000000
2024-03-12,513.45000000,516.78000000
2024-03-13,517.11000000,515.97000000
2024-03-14,516.97000000,514.95000000
2024-03-15,510.21000000,509.83000000
2024-03-18,514.00000000,512.86000000
2024-03-19,512.15000000,515.71000000
2024-03-20,515.77000000,520.48000000
2024-03-21,523.39000000,522.20000000
2024-03-22,522.11000000,521.21000000
2024-03-25,519.80000000,519.77000000
2024-03-26,521.23000000,518.81000000
2024-03-27,521.71000000,523.17000000
2024-03-28,523.21000000,523.07000000
2024-04-01,523.83000000,522.16000000
2024-04-02,518.24000000,518.84000000
2024-04-03,517.72000000,519.41000000
2024-04-04,523.52000000,513.07000000
2024-04-05,514.46000000,518.43000000
2024-04-08,519.15000000,518.72000000
2024-04-09,520.50000000,519.32000000
2024-04-10,513.48000000,514.12000000
2024-04-11,515.68000000,518.00000000
2024-04-12,514.37000000,510.85000000
2024-04-15,515.13000000,504.45000000
2024-04-16,504.94000000,503.53000000
2024-04-17,506.05000000,500.55000000
2024-04-18,501.98000000,499.52000000
2024-04-19,499.44000000,495.16000000
2024-04-22,497.83000000,499.72000000
2024-04-23,501.78000000,505.65000000
2024-04-24,506.56000000,505.41000000
2024-04-25,499.18000000,503.49000000
2024-04-26,506.35000000,508.26000000
2024-04-29,510.09000000,510.06000000
2024-04-30,508.56000000,501.98000000
2024-05-01,501.38000000,500.35000000
2024-05-02,504.15000000,505.03000000
2024-05-03,511.16000000,511.29000000
2024-05-06,513.75000000,516.57000000
2024-05-07,517.56000000,517.14000000
2024-05-08,515.26000000,517.19000000
2024-05-09,517.38000000,520.17000000
2024-05-10,521.81000000,520.84000000
2024-05-13,522.56000000,520.91000000
2024-05-14,521.11000000,523.30000000
2024-05-15,525.83000000,529.78000000
2024-05-16,529.88000000,528.69000000
2024-05-17,528.81000000,529.45000000
2024-05-20,529.57000000,530.06000000
2024-05-21,529.28000000,531.36000000
2024-05-22,530.65000000,529.83000000
2024-05-23,532.96000000,525.96000000
2024-05-24,527.85000000,529.44000000
2024-05-28,530.27000000,529.81000000
2024-05-29,525.68000000,526.10000000
2024-05-30,524.52000000,522.61000000
2024-05-31,523.59000000,527.37000000
2024-06-03,529.02000000,527.80000000
2024-06-04,526.46000000,528.39000000
2024-06-05,530.77000000,534.67000000
2024-06-06,534.98000000,534.66000000
2024-06-07,533.66000000,534.01000000
2024-06-10,533.18000000,535.66000000
2024-06-11,534.07000000,536.95000000
2024-06-12,541.63000000,541.36000000
2024-06-13,543.15000000,542.45000000
2024-06-14,540.88000000,542.78000000
2024-06-17,542.08000000,547.10000000
2024-06-18,547.16000000,548.49000000
2024-06-20,549.44000000,547.00000000
2024-06-21,544.40000000,544.51000000
2024-06-24,544.33000000,542.74000000
2024-06-25,543.99000000,544.83000000
2024-06-26,543.69000000,545.51000000
2024-06-27,545.37000000,546.37000000
2024-06-28,547.16000000,544.22000000
2024-07-01,545.63000000,545.34000000
2024-07-02,543.70000000,549.01000000
2024-07-03,548.69000000,551.46000000
2024-07-05,551.77000000,554.64000000
2024-07-08,555.44000000,555.28000000
2024-07-09,556.26000000,555.82000000
2024-07-10,557.07000000,561.32000000
2024-07-11,561.44000000,556.48000000
2024-07-12,557.63000000,559.99000000
2024-07-15,562.03000000,561.53000000
2024-07-16,562.86000000,564.86000000
2024-07-17,558.80000000,556.94000000
2024-07-18,558.51000000,552.66000000
2024-07-19,552.42000000,548.99000000
2024-07-22,553.00000000,554.65000000
2024-07-23,554.54000000,553.78000000
2024-07-24,548.86000000,541.23000000
2024-07-25,541.35000000,538.41000000
2024-07-26,542.28000000,544.44000000
2024-07-29,546.02000000,544.76000000
2024-07-30,546.26000000,542.00000000
2024-07-31,548.98000000,550.81000000
2024-08-01,552.57000000,543.01000000
2024-08-02,535.75000000,532.90000000
2024-08-05,511.64000000,517.38000000
2024-08-06,519.22000000,522.15000000
2024-08-07,528.47000000,518.66000000
2024-08-08,523.91000000,530.65000000
2024-08-09,529.81000000,532.99000000
2024-08-12,534.21000000,533.27000000
2024-08-13,536.53000000,542.04000000
2024-08-14,542.85000000,543.75000000
2024-08-15,549.50000000,553.07000000
2024-08-16,551.42000000,554.31000000
2024-08-19,554.73000000,559.61000000
2024-08-20,559.15000000,558.70000000
2024-08-21,559.77000000,560.62000000
2024-08-22,562.56000000,556.22000000
2024-08-23,559.53000000,562.13000000
2024-08-26,563.18000000,560.79000000
2024-08-27,559.49000000,561.56000000
2024-08-28,561.21000000,558.30000000
2024-08-29,560.31000000,558.35000000
2024-08-30,560.77000000,563.68000000
2024-09-03,560.47000000,552.08000000
2024-09-04,550.20000000,550.95000000
2024-09-05,550.89000000,549.61000000
2024-09-06,549.94000000,540.36000000
2024-09-09,544.65000000,546.41000000
2024-09-10,548.36000000,548.79000000
2024-09-11,548.70000000,554.42000000
2024-09-12,555.01000000,559.09000000
2024-09-13,559.71000000,562.01000000
2024-09-16,561.74000000,562.84000000
2024-09-17,565.10000000,563.07000000
2024-09-18,563.74000000,561.40000000
2024-09-19,571.01000000,570.98000000
2024-09-20,567.84000000,568.25000000
2024-09-23,569.34000000,569.67000000
2024-09-24,570.48000000,571.30000000
2024-09-25,571.14000000,570.04000000
2024-09-26,574.38000000,572.30000000
2024-09-27,573.39000000,571.47000000
2024-09-30,570.42000000,573.76000000
2024-10-01,573.40000000,568.62000000
2024-10-02,567.71000000,568.86000000
2024-10-03,567.36000000,567.82000000
2024-10-04,572.35000000,572.98000000
2024-10-07,571.30000000,567.80000000
2024-10-08,570.42000000,573.17000000
2024-10-09,573.16000000,577.14000000
2024-10-10,575.77000000,576.13000000
2024-10-11,576.05000000,579.58000000
2024-10-14,581.22000000,584.32000000
2024-10-15,584.59000000,579.78000000
2024-10-16,579.78000000,582.30000000
2024-10-17,585.91000000,582.35000000
2024-10-18,584.07000000,584.59000000
2024-10-21,583.85000000,583.63000000
2024-10-22,581.05000000,583.32000000
2024-10-23,581.26000000,577.99000000
2024-10-24,579.98000000,579.24000000
2024-10-25,581.51000000,579.04000000
2024-10-28,582.58000000,580.83000000
2024-10-29,579.85000000,581.77000000
2024-10-30,581.29000000,580.01000000
2024-10-31,575.56000000,568.64000000
2024-11-01,571.32000000,571.04000000
2024-11-04,571.18000000,569.81000000
2024-11-05,570.74000000,576.70000000
2024-11-06,589.20000000,591.04000000
2024-11-07,593.08000000,595.61000000
2024-11-08,596.17000000,598.19000000
2024-11-11,599.81000000,598.76000000
2024-11-12,598.68000000,596.90000000
2024-11-13,597.37000000,597.19000000
2024-11-14,597.32000000,593.35000000
2024-11-15,589.72000000,585.75000000
2024-11-18,586.22000000,588.15000000
2024-11-19,584.71000000,590.30000000
2024-11-20,590.38000000,590.50000000
2024-11-21,593.40000000,593.67000000
2024-11-22,593.66000000,595.51000000
2024-11-25,599.52000000,597.53000000
2024-11-26,598.80000000,600.65000000
2024-11-27,600.46000000,598.83000000
2024-11-29,599.66000000,602.55000000
2024-12-02,602.97000000,603.63000000
2024-12-03,603.39000000,603.91000000
2024-12-04,605.63000000,607.66000000
2024-12-05,607.66000000,606.66000000
2024-12-06,607.44000000,607.81000000
2024-12-09,607.69000000,604.68000000
2024-12-10,605.37000000,602.80000000
2024-12-11,605.78000000,607.46000000
2024-12-12,606.58000000,604.33000000
2024-12-13,606.40000000,604.21000000
2024-12-16,606.00000000,606.79000000
2024-12-17,604.19000000,604.29000000
2024-12-18,603.98000000,586.28000000
2024-12-19,591.36000000,586.10000000
2024-12-20,581.77000000,591.15000000
2024-12-23,590.89000000,594.69000000
2024-12-24,596.06000000,601.30000000
2024-12-26,599.50000000,601.34000000
2024-12-27,597.54000000,595.01000000
2024-12-30,587.89000000,588.22000000
2024-12-31,589.91000000,586.08000000
2025-01-02,589.39000000,584.64000000
2025-01-03,587.53000000,591.95000000
2025-01-06,596.27000000,595.36000000
2025-01-07,597.42000000,588.63000000
2025-01-08,588.70000000,589.49000000
2025-01-10,585.88000000,580.49000000
2025-01-13,575.77000000,581.39000000
2025-01-14,584.36000000,582.19000000
2025-01-15,590.33000000,592.78000000
2025-01-16,594.17000000,591.64000000
2025-01-17,596.96000000,597.58000000
2025-01-21,600.67000000,603.05000000
2025-01-22,605.92000000,606.44000000
2025-01-23,605.80000000,609.75000000
2025-01-24,609.81000000,607.97000000
2025-01-27,594.81000000,599.37000000
2025-01-28,600.62000000,604.52000000
2025-01-29,603.72000000,601.81000000
2025-01-30,603.96000000,605.04000000
2025-01-31,607.50000000,601.82000000
2025-02-03,592.67000000,597.77000000
2025-02-04,597.83000000,601.78000000
2025-02-05,600.64000000,604.22000000
2025-02-06,605.99000000,606.32000000
2025-02-07,606.89000000,600.77000000
2025-02-10,604.03000000,604.85000000
2025-02-11,602.55000000,605.31000000
2025-02-12,599.20000000,603.36000000
2025-02-13,604.48000000,609.73000000
2025-02-14,609.94000000,609.70000000
2025-02-18,610.88000000,611.49000000
2025-02-19,610.08000000,612.93000000
2025-02-20,611.54000000,610.38000000
2025-02-21,610.16000000,599.94000000
2025-02-24,602.02000000,597.21000000
2025-02-25,597.15000000,594.24000000
2025-02-26,595.93000000,594.54000000
2025-02-27,596.85000000,585.05000000
2025-02-28,585.56000000,594.18000000
2025-03-03,596.18000000,583.77000000
2025-03-04,579.71000000,576.86000000
2025-03-05,576.69000000,583.06000000
2025-03-06,575.48000000,572.71000000
2025-03-07,570.90000000,575.92000000
2025-03-10,567.59000000,560.58000000
2025-03-11,559.40000000,555.92000000
2025-03-12,562.17000000,558.87000000
2025-03-13,558.49000000,551.42000000
2025-03-14,556.11000000,562.81000000
2025-03-17,562.79000000,567.15000000
2025-03-18,564.80000000,561.02000000
2025-03-19,562.83000000,567.13000000
2025-03-20,563.33000000,565.49000000
2025-03-21,559.28000000,563.98000000
2025-03-24,570.80000000,574.08000000
2025-03-25,575.30000000,575.46000000
2025-03-26,575.19000000,568.59000000
2025-03-27,567.18000000,567.08000000
2025-03-28,565.53000000,555.66000000
2025-03-31,549.83000000,559.39000000
2025-04-01,557.45000000,560.97000000
2025-04-02,555.05000000,564.52000000
2025-04-03,545.11000000,536.70000000
2025-04-04,523.67000000,505.28000000
2025-04-07,489.19000000,504.38000000
2025-04-08,521.86000000,496.48000000
2025-04-09,493.44000000,548.62000000
2025-04-10,532.17000000,524.58000000
2025-04-11,523.01000000,533.94000000
2025-04-14,544.05000000,539.12000000
2025-04-15,539.67000000,537.61000000
2025-04-16,531.68000000,525.66000000
2025-04-17,527.64000000,526.41000000
2025-04-21,521.16000000,513.88000000
2025-04-22,520.14000000,527.25000000
2025-04-23,540.43000000,535.42000000
2025-04-24,536.72000000,546.69000000
2025-04-25,546.65000000,550.64000000
2025-04-28,551.39000000,550.85000000
2025-04-29,548.91000000,554.32000000
2025-04-30,547.57000000,554.54000000
2025-05-01,560.37000000,558.47000000
2025-05-02,564.73000000,566.76000000
2025-05-05,562.57000000,563.51000000
2025-05-06,557.93000000,558.80000000
2025-05-07,560.15000000,561.15000000
2025-05-08,565.24000000,565.06000000
2025-05-09,566.48000000,564.34000000
2025-05-12,581.47000000,582.99000000
2025-05-13,583.41000000,586.84000000
2025-05-14,587.81000000,587.59000000
2025-05-15,585.56000000,590.46000000
2025-05-16,591.25000000,594.20000000
2025-05-19,588.10000000,594.85000000
2025-05-20,593.09000000,592.85000000
2025-05-21,588.44000000,582.86000000
2025-05-22,582.66000000,583.09000000
2025-05-23,575.98000000,579.11000000
2025-05-27,586.07000000,591.15000000
2025-05-28,591.56000000,587.73000000
2025-05-29,593.06000000,590.05000000
2025-05-30,588.93000000,589.39000000
2025-06-02,587.76000000,592.71000000
2025-06-03,592.34000000,596.09000000
2025-06-04,596.96000000,595.93000000
2025-06-05,597.63000000,593.05000000
2025-06-06,598.66000000,599.14000000
2025-06-09,599.72000000,599.68000000
2025-06-10,600.22000000,603.08000000
2025-06-11,604.19000000,601.36000000
2025-06-12,600.01000000,603.75000000
2025-06-13,598.50000000,597.00000000
2025-06-16,600.40000000,602.68000000
2025-06-17,600.21000000,597.53000000
2025-06-18,598.44000000,597.44000000
2025-06-20,598.38000000,594.28000000
2025-06-23,595.04000000,600.15000000
2025-06-24,604.33000000,606.78000000
2025-06-25,607.91000000,607.12000000
2025-06-26,608.99000000,611.87000000
2025-06-27,612.88000000,614.91000000
2025-06-30,617.38000000,617.85000000
2025-07-01,616.36000000,617.65000000
2025-07-02,617.24000000,620.45000000
2025-07-03,622.45000000,625.34000000
2025-07-07,623.36000000,620.68000000
2025-07-08,621.35000000,620.34000000
2025-07-09,622.77000000,624.06000000
2025-07-10,624.20000000,625.82000000
2025-07-11,622.74000000,623.62000000
2025-07-14,623.16000000,624.81000000
2025-07-15,627.52000000,622.14000000
2025-07-16,623.74000000,624.22000000
2025-07-17,624.40000000,628.04000000
2025-07-18,629.30000000,627.58000000
2025-07-21,628.77000000,628.77000000
2025-07-22,629.10000000,628.86000000
2025-07-23,631.55000000,634.21000000
2025-07-24,634.60000000,634.42000000
2025-07-25,635.09000000,637.10000000
2025-07-28,637.48000000,636.94000000
2025-07-29,638.35000000,635.26000000
2025-07-30,635.92000000,634.46000000
2025-07-31,639.46000000,632.08000000
2025-08-01,626.30000000,621.72000000
2025-08-04,625.67000000,631.17000000
2025-08-05,631.79000000,627.97000000
2025-08-06,629.05000000,632.78000000
2025-08-07,636.24000000,632.25000000
2025-08-08,634.06000000,637.18000000
2025-08-11,637.46000000,635.92000000
2025-08-12,638.29000000,642.69000000
2025-08-13,644.91000000,644.89000000
2025-08-14,642.79000000,644.95000000
2025-08-15,645.99000000,643.44000000
2025-08-18,642.86000000,643.30000000
2025-08-19,643.12000000,639.81000000
2025-08-20,639.40000000,638.11000000
2025-08-21,636.28000000,635.55000000
2025-08-22,637.76000000,645.31000000
2025-08-25,644.04000000,642.47000000
2025-08-26,642.20000000,645.16000000
2025-08-27,644.57000000,646.63000000
2025-08-28,647.24000000,648.92000000
2025-08-29,647.47000000,645.05000000
2025-09-02,637.50000000,640.27000000
2025-09-03,642.67000000,643.74000000
2025-09-04,644.42000000,649.12000000
2025-09-05,651.48000000,647.24000000
2025-09-08,648.62000000,648.83000000
2025-09-09,648.97000000,650.33000000
2025-09-10,653.62000000,652.21000000
2025-09-11,654.18000000,657.63000000
2025-09-12,657.60000000,657.41000000
2025-09-15,659.64000000,660.91000000
2025-09-16,661.47000000,660.00000000
2025-09-17,660.01000000,659.18000000
2025-09-18,661.89000000,662.26000000
2025-09-19,662.33000000,663.70000000
2025-09-22,662.20000000,666.84000000
2025-09-23,666.72000000,663.21000000
2025-09-24,664.51000000,661.10000000
2025-09-25,657.94000000,658.05000000
2025-09-26,659.51000000,661.82000000
2025-09-29,664.36000000,663.68000000
2025-09-30,662.93000000,666.18000000
2025-10-01,663.17000000,668.45000000
2025-10-02,670.45000000,669.22000000
2025-10-03,669.99000000,669.21000000
2025-10-06,671.62000000,671.61000000
2025-10-07,672.54000000,669.12000000
2025-10-08,670.25000000,673.11000000
2025-10-09,673.53000000,671.16000000
2025-10-10,672.13000000,653.02000000
2025-10-13,660.65000000,663.04000000
2025-10-14,657.17000000,662.23000000
2025-10-15,666.82000000,665.17000000
2025-10-16,666.82000000,660.64000000
2025-10-17,659.50000000,664.39000000
2025-10-20,667.32000000,671.30000000
2025-10-21,671.44000000,671.29000000
2025-10-22,672.00000000,667.80000000
2025-10-23,668.12000000,671.76000000
2025-10-24,676.46000000,677.25000000
2025-10-27,682.73000000,685.24000000
2025-10-28,687.05000000,687.06000000
2025-10-29,688.72000000,687.39000000
2025-10-30,683.90000000,679.83000000
2025-10-31,685.04000000,682.06000000
2025-11-03,685.67000000,683.34000000
2025-11-04,676.11000000,675.24000000
2025-11-05,674.98000000,677.58000000
2025-11-06,676.47000000,670.31000000
2025-11-07,667.91000000,670.97000000
2025-11-10,677.23000000,681.44000000
2025-11-11,679.95000000,683.00000000
2025-11-12,684.79000000,683.38000000
2025-11-13,680.50000000,672.04000000
2025-11-14,665.38000000,671.93000000
2025-11-17,669.70000000,665.67000000
2025-11-18,662.09000000,660.08000000
2025-11-19,660.78000000,662.63000000
2025-11-20,672.91000000,652.53000000
2025-11-21,655.05000000,659.03000000
2025-11-24,662.69000000,668.73000000
2025-11-25,668.63000000,675.02000000
2025-11-26,677.63000000,679.68000000
2025-11-28,680.86000000,683.39000000
2025-12-01,678.81000000,680.27000000
2025-12-02,681.92000000,681.53000000
2025-12-03,680.57000000,683.89000000
2025-12-04,685.30000000,684.39000000
2025-12-05,685.47000000,685.69000000
2025-12-08,686.59000000,683.63000000
2025-12-09,683.15000000,683.04000000
2025-12-10,682.56000000,687.57000000
2025-12-11,685.14000000,689.17000000
2025-12-12,688.17000000,681.76000000
2025-12-15,685.74000000,680.73000000
2025-12-16,679.23000000,678.87000000
2025-12-17,679.89000000,671.40000000
2025-12-18,677.60000000,676.47000000
2025-12-19,676.59000000,680.59000000
2025-12-22,683.94000000,684.83000000
2025-12-23,683.92000000,687.96000000
2025-12-24,687.95000000,690.38000000
2025-12-26,690.64000000,690.31000000
2025-12-29,687.54000000,687.85000000
2025-12-30,687.45000000,687.01000000
2025-12-31,687.14000000,681.92000000
2026-01-02,685.71000000,683.17000000
2026-01-05,686.54000000,687.72000000
2026-01-06,687.93000000,691.81000000
2026-01-07,692.19000000,689.58000000
2026-01-08,688.82000000,689.51000000
2026-01-09,690.63000000,694.07000000
2026-01-12,690.68000000,695.16000000
2026-01-13,695.49000000,693.77000000
2026-01-14,691.00000000,690.36000000
2026-01-15,694.57000000,692.24000000
2026-01-16,693.66000000,691.66000000
2026-01-20,681.49000000,677.58000000
2026-01-21,679.65000000,685.40000000
2026-01-22,689.85000000,688.98000000
2026-01-23,688.15000000,689.23000000
2026-01-26,690.49000000,692.73000000
2026-01-27,694.18000000,695.49000000
2026-01-28,697.05000000,695.42000000
2026-01-29,696.39000000,694.04000000
2026-01-30,691.79000000,691.97000000
2026-02-02,689.58000000,695.41000000
2026-02-03,696.21000000,689.53000000
2026-02-04,690.35000000,686.19000000
2026-02-05,680.94000000,677.62000000
2026-02-06,681.46000000,690.62000000
2026-02-09,689.42000000,693.95000000
2026-02-10,694.95000000,692.12000000
2026-02-11,696.39000000,691.96000000
2026-02-12,694.24000000,681.27000000
2026-02-13,681.69000000,681.75000000
2026-02-17,680.14000000,682.85000000
2026-02-18,684.02000000,686.29000000
2026-02-19,683.84000000,684.48000000
2026-02-20,682.32000000,689.43000000
2026-02-23,687.83000000,682.39000000
2026-02-24,681.90000000,687.35000000
2026-02-25,690.18000000,693.15000000
2026-02-26,693.28000000,689.30000000
2026-02-27,683.09000000,685.99000000
2026-03-02,678.70000000,686.38000000
2026-03-03,675.06000000,680.33000000
2026-03-04,681.63000000,685.13000000
2026-03-05,682.08000000,681.31000000
2026-03-06,673.41000000,672.38000000
2026-03-09,666.39000000,678.27000000
2026-03-10,677.72000000,677.18000000
2026-03-11,677.58000000,676.33000000
2026-03-12,671.16000000,666.06000000
2026-03-13,669.27000000,662.29000000
2026-03-16,668.38000000,669.03000000
2026-03-17,672.39000000,670.79000000
2026-03-18,668.36000000,661.43000000
2026-03-19,656.97000000,659.80000000
2026-03-20,656.51000000,648.57000000
2026-03-23,658.07000000,655.38000000
2026-03-24,651.32000000,653.18000000
2026-03-25,658.67000000,656.82000000
2026-03-26,652.06000000,645.09000000
2026-03-27,642.50000000,634.09000000
2026-03-30,640.11000000,631.97000000
2026-03-31,638.94000000,650.34000000
2026-04-01,653.90000000,655.24000000
2026-04-02,646.42000000,655.83000000
2026-04-06,655.86000000,658.93000000
2026-04-07,656.65000000,659.22000000
2026-04-08,676.39000000,676.01000000
2026-04-09,674.84000000,679.91000000
2026-04-10,681.32000000,679.46000000
2026-04-13,677.41000000,686.10000000
2026-04-14,687.69000000,694.46000000
2026-04-15,695.26000000,699.94000000
2026-04-16,701.06000000,701.66000000
2026-04-17,706.14000000,710.14000000
2026-04-20,708.78000000,708.72000000
2026-04-21,710.28000000,704.08000000
2026-04-22,709.15000000,711.21000000
2026-04-23,709.50000000,708.45000000
2026-04-24,710.75000000,713.94000000
2026-04-27,713.17000000,715.17000000
2026-04-28,711.82000000,711.69000000
2026-04-29,711.00000000,711.58000000
2026-04-30,714.63000000,718.66000000
2026-05-01,721.25000000,720.65000000
2026-05-04,720.07000000,718.01000000
2026-05-05,721.77000000,723.77000000
2026-05-06,728.16000000,733.83000000
2026-05-07,735.05000000,731.58000000
2026-05-08,734.93000000,737.62000000
2026-05-11,736.45000000,739.30000000
2026-05-12,736.89000000,738.18000000
2026-05-13,738.47000000,742.31000000
2026-05-14,743.65000000,748.17000000
2026-05-15,741.79000000,739.17000000
2026-05-18,739.83000000,738.65000000
2026-05-19,734.78000000,733.73000000
2026-05-20,735.71000000,741.25000000
2026-05-21,738.64000000,742.72000000
2026-05-22,746.24000000,745.64000000
2026-05-26,750.01000000,750.59000000
2026-05-27,750.88000000,750.46000000
2026-05-28,750.25000000,754.60000000
2026-05-29,755.90000000,756.48000000
2026-06-01,755.36000000,758.54000000
2026-06-02,757.03000000,759.57000000
2026-06-03,758.15000000,754.24000000
2026-06-04,752.10000000,757.09000000
2026-06-05,752.31000000,737.55000000
2026-06-08,743.36000000,739.22000000
2026-06-09,743.63000000,737.05000000
2026-06-10,733.39000000,725.43000000
2026-06-11,728.76000000,737.76000000
2026-06-12,740.71000000,741.75000000
2026-06-15,751.85000000,754.83000000
2026-06-16,754.55000000,750.33000000
2026-06-17,751.29000000,740.96000000
2026-06-18,747.76000000,746.74000000
2026-06-22,747.70000000,744.39000000
2026-06-23,733.81000000,733.58000000
2026-06-24,735.17000000,733.24000000
2026-06-25,738.91000000,734.30000000
2026-06-26,728.95000000,728.99000000
2026-06-29,736.53000000,741.00000000
2026-06-30,741.29000000,746.77000000
2026-07-01,745.00000000,745.76000000
2026-07-02,747.40000000,744.78000000
2026-07-06,748.74000000,751.28000000
2026-07-07,750.22000000,747.71000000
2026-07-08,743.16000000,745.40000000
2026-07-09,747.35000000,751.71000000
2026-07-10,752.05000000,754.95000000
2026-07-13,752.47000000,749.17000000
2026-07-14,750.91000000,751.83000000
2026-07-15,754.24000000,754.81000000
2026-07-16,752.76000000,750.72000000
2026-07-17,742.08000000,743.29000000
2026-07-20,747.06000000,742.09000000
2026-07-21,746.29000000,748.28000000
2026-07-22,746.62000000,747.41000000
2026-07-23,739.37000000,738.18000000
2026-07-24,738.51000000,738.93000000
2026-07-27,744.91000000,739.09000000
2026-07-28,739.19000000,740.86000000
2026-07-29,739.97000000,729.46000000
2026-07-30,736.05000000,741.69000000
2026-07-31,744.68000000,747.03000000
2026-08-03,749.44000000,757.67000000
2026-08-04,760.63000000,771.33000000
2026-08-05,775.85000000,769.79000000
2026-08-06,770.21000000,768.56000000
2026-08-07,771.02000000,773.26000000
2026-08-10,772.60000000,773.03000000
2026-08-11,774.53000000,770.56000000
2026-08-12,774.71000000,772.49000000
2026-08-13,774.87000000,777.88000000
2026-08-14,778.54000000,776.34000000
2026-08-17,776.18000000,772.67000000
2026-08-18,768.70000000,767.45000000
2026-08-19,770.36000000,769.06000000
2026-08-20,765.96000000,762.60000000
2026-08-21,766.05000000,765.72000000
2026-08-24,764.78000000,763.47000000
2026-08-25,766.16000000,765.91000000
2026-08-26,764.73000000,766.08000000
2026-08-27,768.50000000,771.10000000
2026-08-28,771.76000000,769.35000000
2026-08-31,767.33000000,767.05000000
2026-09-01,762.01000000,761.78000000
2026-09-02,762.45000000,765.16000000
2026-09-03,767.90000000,773.17000000
2026-09-04,772.01000000,770.19000000
2026-09-08,769.07000000,765.96000000
2026-09-09,764.08000000,762.40000000
2026-09-10,758.03000000,757.83000000
2026-09-11,764.72000000,764.29000000
2026-09-14,759.00000000,760.88000000
2026-09-15,760.12000000,757.39000000
2026-09-16,759.50000000,754.05000000
2026-09-17,763.15000000,762.60000000
2026-09-18,761.31000000,761.69000000
2026-09-21,766.25000000,773.50000000
2026-09-22,774.03000000,773.38000000
2026-09-23,772.79000000,767.81000000
2026-09-24,764.07000000,767.18000000
2026-09-25,768.78000000,771.35000000
2026-09-28,768.35000000,765.61000000
2026-09-29,766.83000000,764.20000000
2026-09-30,766.45000000,762.63000000
2026-10-01,764.36000000,763.99000000
2026-10-02,770.58000000,769.64000000
2026-10-05,769.69000000,774.83000000
