date,open,close
2010-02-11,0.20000000,0.22000000
2010-02-12,0.21000000,0.22000000
2010-02-16,0.22000000,0.23000000
2010-02-17,0.23000000,0.23000000
2010-02-18,0.23000000,0.23000000
2010-02-19,0.23000000,0.23000000
2010-02-22,0.24000000,0.23000000
2010-02-23,0.23000000,0.22000000
2010-02-24,0.23000000,0.23000000
2010-02-25,0.22000000,0.23000000
2010-02-26,0.23000000,0.23000000
2010-03-01,0.24000000,0.24000000
2010-03-02,0.24000000,0.24000000
2010-03-03,0.25000000,0.25000000
2010-03-04,0.25000000,0.25000000
2010-03-05,0.25000000,0.26000000
2010-03-08,0.26000000,0.26000000
2010-03-09,0.26000000,0.26000000
2010-03-10,0.27000000,0.27000000
2010-03-11,0.27000000,0.27000000
2010-03-12,0.28000000,0.27000000
2010-03-15,0.27000000,0.27000000
2010-03-16,0.28000000,0.28000000
2010-03-17,0.28000000,0.28000000
2010-03-18,0.28000000,0.28000000
2010-03-19,0.29000000,0.28000000
2010-03-22,0.27000000,0.29000000
2010-03-23,0.29000000,0.29000000
2010-03-24,0.29000000,0.29000000
2010-03-25,0.29000000,0.29000000
2010-03-26,0.29000000,0.29000000
2010-03-29,0.29000000,0.29000000
2010-03-30,0.29000000,0.29000000
2010-03-31,0.29000000,0.29000000
2010-04-01,0.29000000,0.29000000
2010-04-05,0.29000000,0.30000000
2010-04-06,0.30000000,0.30000000
2010-04-07,0.30000000,0.30000000
2010-04-08,0.30000000,0.30000000
2010-04-09,0.30000000,0.30000000
2010-04-12,0.31000000,0.31000000
2010-04-13,0.30000000,0.31000000
2010-04-14,0.31000000,0.32000000
2010-04-15,0.32000000,0.33000000
2010-04-16,0.32000000,0.31000000
2010-04-19,0.31000000,0.31000000
2010-04-20,0.32000000,0.32000000
2010-04-21,0.32000000,0.32000000
2010-04-22,0.31000000,0.33000000
2010-04-23,0.33000000,0.33000000
2010-04-26,0.33000000,0.33000000
2010-04-27,0.33000000,0.31000000
2010-04-28,0.31000000,0.31000000
2010-04-29,0.32000000,0.33000000
2010-04-30,0.33000000,0.31000000
2010-05-03,0.31000000,0.32000000
2010-05-04,0.31000000,0.29000000
2010-05-05,0.28000000,0.29000000
2010-05-06,0.28000000,0.26000000
2010-05-07,0.25000000,0.24000000
2010-05-10,0.27000000,0.28000000
2010-05-11,0.27000000,0.28000000
2010-05-12,0.28000000,0.29000000
2010-05-13,0.29000000,0.28000000
2010-05-14,0.27000000,0.26000000
2010-05-17,0.26000000,0.26000000
2010-05-18,0.27000000,0.25000000
2010-05-19,0.25000000,0.25000000
2010-05-20,0.23000000,0.22000000
2010-05-21,0.21000000,0.22000000
2010-05-24,0.22000000,0.23000000
2010-05-25,0.21000000,0.22000000
2010-05-26,0.23000000,0.22000000
2010-05-27,0.23000000,0.24000000
2010-05-28,0.24000000,0.24000000
2010-06-01,0.23000000,0.23000000
2010-06-02,0.23000000,0.25000000
2010-06-03,0.25000000,0.25000000
2010-06-04,0.24000000,0.23000000
2010-06-07,0.23000000,0.21000000
2010-06-08,0.22000000,0.21000000
2010-06-09,0.22000000,0.21000000
2010-06-10,0.22000000,0.23000000
2010-06-11,0.22000000,0.23000000
2010-06-14,0.24000000,0.23000000
2010-06-15,0.24000000,0.25000000
2010-06-16,0.25000000,0.25000000
2010-06-17,0.26000000,0.26000000
2010-06-18,0.26000000,0.26000000
2010-06-21,0.27000000,0.25000000
2010-06-22,0.25000000,0.24000000
2010-06-23,0.25000000,0.24000000
2010-06-24,0.24000000,0.23000000
2010-06-25,0.23000000,0.23000000
2010-06-28,0.23000000,0.23000000
2010-06-29,0.22000000,0.20000000
2010-06-30,0.20000000,0.19000000
2010-07-01,0.19000000,0.19000000
2010-07-02,0.19000000,0.19000000
2010-07-06,0.20000000,0.19000000
2010-07-07,0.19000000,0.21000000
2010-07-08,0.21000000,0.21000000
2010-07-09,0.21000000,0.22000000
2010-07-12,0.22000000,0.22000000
2010-07-13,0.23000000,0.23000000
2010-07-14,0.23000000,0.23000000
2010-07-15,0.23000000,0.23000000
2010-07-16,0.23000000,0.21000000
2010-07-19,0.21000000,0.22000000
2010-07-20,0.21000000,0.23000000
2010-07-21,0.23000000,0.22000000
2010-07-22,0.23000000,0.23000000
2010-07-23,0.23000000,0.24000000
2010-07-26,0.24000000,0.24000000
2010-07-27,0.25000000,0.24000000
2010-07-28,0.24000000,0.24000000
2010-07-29,0.24000000,0.23000000
2010-07-30,0.23000000,0.23000000
2010-08-02,0.24000000,0.25000000
2010-08-03,0.25000000,0.24000000
2010-08-04,0.25000000,0.25000000
2010-08-05,0.25000000,0.25000000
2010-08-06,0.24000000,0.25000000
2010-08-09,0.25000000,0.25000000
2010-08-10,0.25000000,0.25000000
2010-08-11,0.23000000,0.23000000
2010-08-12,0.21000000,0.22000000
2010-08-13,0.22000000,0.22000000
2010-08-16,0.21000000,0.22000000
2010-08-17,0.22000000,0.23000000
2010-08-18,0.22000000,0.23000000
2010-08-19,0.22000000,0.22000000
2010-08-20,0.22000000,0.22000000
2010-08-23,0.22000000,0.21000000
2010-08-24,0.21000000,0.20000000
2010-08-25,0.20000000,0.21000000
2010-08-26,0.21000000,0.20000000
2010-08-27,0.20000000,0.21000000
2010-08-30,0.20000000,0.20000000
2010-08-31,0.20000000,0.20000000
2010-09-01,0.21000000,0.22000000
2010-09-02,0.22000000,0.22000000
2010-09-03,0.23000000,0.23000000
2010-09-07,0.23000000,0.23000000
2010-09-08,0.23000000,0.24000000
2010-09-09,0.24000000,0.24000000
2010-09-10,0.24000000,0.24000000
2010-09-13,0.25000000,0.25000000
2010-09-14,0.25000000,0.26000000
2010-09-15,0.25000000,0.26000000
2010-09-16,0.26000000,0.26000000
2010-09-17,0.27000000,0.27000000
2010-09-20,0.27000000,0.28000000
2010-09-21,0.28000000,0.28000000
2010-09-22,0.28000000,0.28000000
2010-09-23,0.27000000,0.28000000
2010-09-24,0.29000000,0.29000000
2010-09-27,0.29000000,0.29000000
2010-09-28,0.29000000,0.29000000
2010-09-29,0.29000000,0.29000000
2010-09-30,0.29000000,0.28000000
2010-10-01,0.29000000,0.28000000
2010-10-04,0.28000000,0.27000000
2010-10-05,0.28000000,0.29000000
2010-10-06,0.29000000,0.29000000
2010-10-07,0.29000000,0.29000000
2010-10-08,0.29000000,0.30000000
2010-10-11,0.30000000,0.30000000
2010-10-12,0.29000000,0.30000000
2010-10-13,0.31000000,0.31000000
2010-10-14,0.31000000,0.31000000
2010-10-15,0.32000000,0.33000000
2010-10-18,0.33000000,0.33000000
2010-10-19,0.31000000,0.31000000
2010-10-20,0.32000000,0.32000000
2010-10-21,0.33000000,0.32000000
2010-10-22,0.32000000,0.33000000
2010-10-25,0.33000000,0.33000000
2010-10-26,0.33000000,0.34000000
2010-10-27,0.33000000,0.34000000
2010-10-28,0.34000000,0.34000000
2010-10-29,0.34000000,0.34000000
2010-11-01,0.34000000,0.34000000
2010-11-02,0.35000000,0.35000000
2010-11-03,0.35000000,0.36000000
2010-11-04,0.37000000,0.37000000
2010-11-05,0.37000000,0.37000000
2010-11-08,0.37000000,0.37000000
2010-11-09,0.38000000,0.36000000
2010-11-10,0.37000000,0.37000000
2010-11-11,0.35000000,0.36000000
2010-11-12,0.36000000,0.35000000
2010-11-15,0.35000000,0.34000000
2010-11-16,0.33000000,0.32000000
2010-11-17,0.33000000,0.33000000
2010-11-18,0.34000000,0.34000000
2010-11-19,0.34000000,0.34000000
2010-11-22,0.34000000,0.35000000
2010-11-23,0.34000000,0.34000000
2010-11-24,0.35000000,0.36000000
2010-11-26,0.35000000,0.35000000
2010-11-29,0.35000000,0.35000000
2010-11-30,0.34000000,0.34000000
2010-12-01,0.35000000,0.36000000
2010-12-02,0.36000000,0.37000000
2010-12-03,0.36000000,0.37000000
2010-12-06,0.37000000,0.37000000
2010-12-07,0.38000000,0.37000000
2010-12-08,0.37000000,0.38000000
2010-12-09,0.38000000,0.38000000
2010-12-10,0.38000000,0.38000000
2010-12-13,0.39000000,0.38000000
2010-12-14,0.38000000,0.38000000
2010-12-15,0.38000000,0.38000000
2010-12-16,0.38000000,0.38000000
2010-12-17,0.39000000,0.39000000
2010-12-20,0.39000000,0.39000000
2010-12-21,0.39000000,0.39000000
2010-12-22,0.39000000,0.39000000
2010-12-23,0.39000000,0.39000000
2010-12-27,0.39000000,0.39000000
2010-12-28,0.39000000,0.39000000
2010-12-29,0.39000000,0.39000000
2010-12-30,0.39000000,0.39000000
2010-12-31,0.39000000,0.39000000
2011-01-03,0.40000000,0.40000000
2011-01-04,0.41000000,0.40000000
2011-01-05,0.40000000,0.41000000
2011-01-06,0.41000000,0.42000000
2011-01-07,0.42000000,0.41000000
2011-01-10,0.41000000,0.42000000
2011-01-11,0.42000000,0.42000000
2011-01-12,0.43000000,0.43000000
2011-01-13,0.43000000,0.43000000
2011-01-14,0.43000000,0.44000000
2011-01-18,0.43000000,0.44000000
2011-01-19,0.45000000,0.43000000
2011-01-20,0.42000000,0.42000000
2011-01-21,0.43000000,0.41000000
2011-01-24,0.41000000,0.43000000
2011-01-25,0.42000000,0.43000000
2011-01-26,0.43000000,0.43000000
2011-01-27,0.44000000,0.44000000
2011-01-28,0.44000000,0.41000000
2011-01-31,0.41000000,0.42000000
2011-02-01,0.43000000,0.44000000
2011-02-02,0.44000000,0.44000000
2011-02-03,0.43000000,0.44000000
2011-02-04,0.44000000,0.45000000
2011-02-07,0.45000000,0.45000000
2011-02-08,0.45000000,0.46000000
2011-02-09,0.46000000,0.46000000
2011-02-10,0.45000000,0.46000000
2011-02-11,0.46000000,0.47000000
2011-02-14,0.47000000,0.47000000
2011-02-15,0.47000000,0.47000000
2011-02-16,0.48000000,0.48000000
2011-02-17,0.48000000,0.48000000
2011-02-18,0.48000000,0.48000000
2011-02-22,0.46000000,0.44000000
2011-02-23,0.44000000,0.43000000
2011-02-24,0.43000000,0.43000000
2011-02-25,0.44000000,0.45000000
2011-02-28,0.46000000,0.45000000
2011-03-01,0.46000000,0.43000000
2011-03-02,0.43000000,0.44000000
2011-03-03,0.45000000,0.46000000
2011-03-04,0.46000000,0.46000000
2011-03-07,0.46000000,0.44000000
2011-03-08,0.44000000,0.44000000
2011-03-09,0.44000000,0.43000000
2011-03-10,0.42000000,0.41000000
2011-03-11,0.41000000,0.42000000
2011-03-14,0.42000000,0.42000000
2011-03-15,0.38000000,0.40000000
2011-03-16,0.39000000,0.37000000
2011-03-17,0.39000000,0.38000000
2011-03-18,0.39000000,0.38000000
2011-03-21,0.40000000,0.40000000
2011-03-22,0.40000000,0.40000000
2011-03-23,0.39000000,0.40000000
2011-03-24,0.41000000,0.43000000
2011-03-25,0.43000000,0.43000000
2011-03-28,0.44000000,0.42000000
2011-03-29,0.42000000,0.43000000
2011-03-30,0.44000000,0.44000000
2011-03-31,0.44000000,0.44000000
2011-04-01,0.45000000,0.44000000
2011-04-04,0.45000000,0.44000000
2011-04-05,0.44000000,0.43000000
2011-04-06,0.45000000,0.44000000
2011-04-07,0.44000000,0.44000000
2011-04-08,0.44000000,0.43000000
2011-04-11,0.44000000,0.43000000
2011-04-12,0.42000000,0.42000000
2011-04-13,0.43000000,0.43000000
2011-04-14,0.42000000,0.43000000
2011-04-15,0.42000000,0.42000000
2011-04-18,0.41000000,0.42000000
2011-04-19,0.42000000,0.42000000
2011-04-20,0.45000000,0.45000000
2011-04-21,0.47000000,0.46000000
2011-04-25,0.46000000,0.47000000
2011-04-26,0.47000000,0.47000000
2011-04-27,0.48000000,0.48000000
2011-04-28,0.48000000,0.48000000
2011-04-29,0.48000000,0.48000000
2011-05-02,0.48000000,0.48000000
2011-05-03,0.48000000,0.47000000
2011-05-04,0.47000000,0.47000000
2011-05-05,0.46000000,0.46000000
2011-05-06,0.48000000,0.47000000
2011-05-09,0.47000000,0.47000000
2011-05-10,0.48000000,0.48000000
2011-05-11,0.48000000,0.47000000
2011-05-12,0.47000000,0.48000000
2011-05-13,0.48000000,0.46000000
2011-05-16,0.46000000,0.44000000
2011-05-17,0.43000000,0.44000000
2011-05-18,0.44000000,0.45000000
2011-05-19,0.46000000,0.46000000
2011-05-20,0.46000000,0.45000000
2011-05-23,0.43000000,0.43000000
2011-05-24,0.43000000,0.42000000
2011-05-25,0.42000000,0.42000000
2011-05-26,0.42000000,0.43000000
2011-05-27,0.44000000,0.44000000
2011-05-31,0.45000000,0.46000000
2011-06-01,0.46000000,0.43000000
2011-06-02,0.43000000,0.43000000
2011-06-03,0.42000000,0.41000000
2011-06-06,0.41000000,0.40000000
2011-06-07,0.41000000,0.40000000
2011-06-08,0.40000000,0.39000000
2011-06-09,0.39000000,0.39000000
2011-06-10,0.39000000,0.38000000
2011-06-13,0.38000000,0.38000000
2011-06-14,0.39000000,0.39000000
2011-06-15,0.38000000,0.37000000
2011-06-16,0.37000000,0.36000000
2011-06-17,0.37000000,0.36000000
2011-06-20,0.36000000,0.37000000
2011-06-21,0.37000000,0.39000000
2011-06-22,0.39000000,0.38000000
2011-06-23,0.37000000,0.39000000
2011-06-24,0.39000000,0.37000000
2011-06-27,0.37000000,0.39000000
2011-06-28,0.39000000,0.41000000
2011-06-29,0.41000000,0.41000000
2011-06-30,0.42000000,0.43000000
2011-07-01,0.43000000,0.45000000
2011-07-05,0.45000000,0.45000000
2011-07-06,0.45000000,0.46000000
2011-07-07,0.47000000,0.48000000
2011-07-08,0.47000000,0.47000000
2011-07-11,0.46000000,0.45000000
2011-07-12,0.45000000,0.44000000
2011-07-13,0.45000000,0.44000000
2011-07-14,0.45000000,0.43000000
2011-07-15,0.44000000,0.45000000
2011-07-18,0.44000000,0.44000000
2011-07-19,0.45000000,0.47000000
2011-07-20,0.48000000,0.46000000
2011-07-21,0.46000000,0.47000000
2011-07-22,0.47000000,0.49000000
2011-07-25,0.47000000,0.48000000
2011-07-26,0.48000000,0.49000000
2011-07-27,0.48000000,0.45000000
2011-07-28,0.45000000,0.45000000
2011-07-29,0.44000000,0.45000000
2011-08-01,0.46000000,0.44000000
2011-08-02,0.43000000,0.41000000
2011-08-03,0.41000000,0.42000000
2011-08-04,0.40000000,0.36000000
2011-08-05,0.37000000,0.35000000
2011-08-08,0.32000000,0.29000000
2011-08-09,0.30000000,0.33000000
2011-08-10,0.31000000,0.29000000
2011-08-11,0.30000000,0.33000000
2011-08-12,0.34000000,0.34000000
2011-08-15,0.34000000,0.35000000
2011-08-16,0.34000000,0.34000000
2011-08-17,0.35000000,0.34000000
2011-08-18,0.31000000,0.29000000
2011-08-19,0.28000000,0.27000000
2011-08-22,0.29000000,0.28000000
2011-08-23,0.28000000,0.31000000
2011-08-24,0.31000000,0.32000000
2011-08-25,0.32000000,0.30000000
2011-08-26,0.30000000,0.32000000
2011-08-29,0.33000000,0.35000000
2011-08-30,0.35000000,0.36000000
2011-08-31,0.36000000,0.36000000
2011-09-01,0.36000000,0.35000000
2011-09-02,0.33000000,0.33000000
2011-09-06,0.30000000,0.33000000
2011-09-07,0.34000000,0.35000000
2011-09-08,0.34000000,0.34000000
2011-09-09,0.34000000,0.32000000
2011-09-12,0.31000000,0.33000000
2011-09-13,0.34000000,0.35000000
2011-09-14,0.35000000,0.36000000
2011-09-15,0.37000000,0.38000000
2011-09-16,0.38000000,0.39000000
2011-09-19,0.37000000,0.39000000
2011-09-20,0.40000000,0.38000000
2011-09-21,0.39000000,0.36000000
2011-09-22,0.34000000,0.33000000
2011-09-23,0.32000000,0.34000000
2011-09-26,0.34000000,0.35000000
2011-09-27,0.37000000,0.36000000
2011-09-28,0.37000000,0.34000000
2011-09-29,0.36000000,0.33000000
2011-09-30,0.32000000,0.31000000
2011-10-03,0.30000000,0.28000000
2011-10-04,0.28000000,0.30000000
2011-10-05,0.30000000,0.32000000
2011-10-06,0.32000000,0.34000000
2011-10-07,0.34000000,0.33000000
2011-10-10,0.35000000,0.37000000
2011-10-11,0.37000000,0.38000000
2011-10-12,0.39000000,0.38000000
2011-10-13,0.38000000,0.39000000
2011-10-14,0.41000000,0.41000000
2011-10-17,0.41000000,0.39000000
2011-10-18,0.39000000,0.41000000
2011-10-19,0.40000000,0.39000000
2011-10-20,0.38000000,0.38000000
2011-10-21,0.39000000,0.39000000
2011-10-24,0.40000000,0.42000000
2011-10-25,0.41000000,0.40000000
2011-10-26,0.40000000,0.39000000
2011-10-27,0.42000000,0.43000000
2011-10-28,0.42000000,0.43000000
2011-10-31,0.42000000,0.41000000
2011-11-01,0.38000000,0.37000000
2011-11-02,0.38000000,0.38000000
2011-11-03,0.39000000,0.41000000
2011-11-04,0.40000000,0.40000000
2011-11-07,0.40000000,0.41000000
2011-11-08,0.42000000,0.42000000
2011-11-09,0.40000000,0.38000000
2011-11-10,0.39000000,0.38000000
2011-11-11,0.39000000,0.40000000
2011-11-14,0.40000000,0.39000000
2011-11-15,0.39000000,0.40000000
2011-11-16,0.40000000,0.38000000
2011-11-17,0.38000000,0.36000000
2011-11-18,0.36000000,0.35000000
2011-11-21,0.34000000,0.33000000
2011-11-22,0.33000000,0.33000000
2011-11-23,0.33000000,0.31000000
2011-11-25,0.31000000,0.30000000
2011-11-28,0.33000000,0.33000000
2011-11-29,0.33000000,0.33000000
2011-11-30,0.36000000,0.36000000
2011-12-01,0.36000000,0.37000000
2011-12-02,0.38000000,0.37000000
2011-12-05,0.39000000,0.38000000
2011-12-06,0.38000000,0.38000000
2011-12-07,0.37000000,0.38000000
2011-12-08,0.37000000,0.36000000
2011-12-09,0.36000000,0.38000000
2011-12-12,0.36000000,0.36000000
2011-12-13,0.37000000,0.35000000
2011-12-14,0.35000000,0.34000000
2011-12-15,0.34000000,0.33000000
2011-12-16,0.34000000,0.34000000
2011-12-19,0.34000000,0.33000000
2011-12-20,0.34000000,0.36000000
2011-12-21,0.35000000,0.34000000
2011-12-22,0.34000000,0.35000000
2011-12-23,0.35000000,0.36000000
2011-12-27,0.36000000,0.36000000
2011-12-28,0.36000000,0.35000000
2011-12-29,0.35000000,0.36000000
2011-12-30,0.35000000,0.35000000
2012-01-03,0.37000000,0.37000000
2012-01-04,0.37000000,0.38000000
2012-01-05,0.38000000,0.39000000
2012-01-06,0.39000000,0.39000000
2012-01-09,0.40000000,0.39000000
2012-01-10,0.40000000,0.40000000
2012-01-11,0.40000000,0.40000000
2012-01-12,0.40000000,0.40000000
2012-01-13,0.40000000,0.40000000
2012-01-17,0.41000000,0.41000000
2012-01-18,0.41000000,0.43000000
2012-01-19,0.43000000,0.44000000
2012-01-20,0.43000000,0.43000000
2012-01-23,0.43000000,0.43000000
2012-01-24,0.43000000,0.43000000
2012-01-25,0.44000000,0.45000000
2012-01-26,0.45000000,0.44000000
2012-01-27,0.44000000,0.45000000
2012-01-30,0.44000000,0.45000000
2012-01-31,0.45000000,0.45000000
2012-02-01,0.46000000,0.46000000
2012-02-02,0.46000000,0.46000000
2012-02-03,0.48000000,0.48000000
2012-02-06,0.48000000,0.48000000
2012-02-07,0.48000000,0.49000000
2012-02-08,0.49000000,0.49000000
2012-02-09,0.50000000,0.50000000
2012-02-10,0.49000000,0.49000000
2012-02-13,0.50000000,0.51000000
2012-02-14,0.50000000,0.51000000
2012-02-15,0.52000000,0.50000000
2012-02-16,0.50000000,0.52000000
2012-02-17,0.52000000,0.52000000
2012-02-21,0.52000000,0.52000000
2012-02-22,0.52000000,0.51000000
2012-02-23,0.52000000,0.52000000
2012-02-24,0.53000000,0.53000000
2012-02-27,0.52000000,0.53000000
2012-02-28,0.53000000,0.55000000
2012-02-29,0.55000000,0.54000000
2012-03-01,0.55000000,0.55000000
2012-03-02,0.55000000,0.55000000
2012-03-05,0.55000000,0.53000000
2012-03-06,0.52000000,0.52000000
2012-03-07,0.53000000,0.53000000
2012-03-08,0.54000000,0.55000000
2012-03-09,0.55000000,0.55000000
2012-03-12,0.55000000,0.55000000
2012-03-13,0.56000000,0.59000000
2012-03-14,0.59000000,0.59000000
2012-03-15,0.60000000,0.60000000
2012-03-16,0.60000000,0.60000000
2012-03-19,0.60000000,0.61000000
2012-03-20,0.60000000,0.61000000
2012-03-21,0.61000000,0.61000000
2012-03-22,0.60000000,0.61000000
2012-03-23,0.61000000,0.61000000
2012-03-26,0.62000000,0.64000000
2012-03-27,0.64000000,0.64000000
2012-03-28,0.64000000,0.63000000
2012-03-29,0.63000000,0.63000000
2012-03-30,0.64000000,0.62000000
2012-04-02,0.62000000,0.64000000
2012-04-03,0.64000000,0.64000000
2012-04-04,0.63000000,0.62000000
2012-04-05,0.61000000,0.63000000
2012-04-09,0.60000000,0.61000000
2012-04-10,0.61000000,0.58000000
2012-04-11,0.60000000,0.59000000
2012-04-12,0.60000000,0.61000000
2012-04-13,0.61000000,0.58000000
2012-04-16,0.59000000,0.57000000
2012-04-17,0.57000000,0.60000000
2012-04-18,0.59000000,0.59000000
2012-04-19,0.59000000,0.58000000
2012-04-20,0.58000000,0.57000000
2012-04-23,0.55000000,0.55000000
2012-04-24,0.55000000,0.54000000
2012-04-25,0.58000000,0.59000000
2012-04-26,0.59000000,0.60000000
2012-04-27,0.61000000,0.61000000
2012-04-30,0.60000000,0.60000000
2012-05-01,0.59000000,0.60000000
2012-05-02,0.59000000,0.60000000
2012-05-03,0.61000000,0.58000000
2012-05-04,0.57000000,0.54000000
2012-05-07,0.53000000,0.54000000
2012-05-08,0.53000000,0.54000000
2012-05-09,0.52000000,0.53000000
2012-05-10,0.54000000,0.53000000
2012-05-11,0.52000000,0.53000000
2012-05-14,0.52000000,0.51000000
2012-05-15,0.52000000,0.51000000
2012-05-16,0.51000000,0.50000000
2012-05-17,0.50000000,0.47000000
2012-05-18,0.47000000,0.45000000
2012-05-21,0.45000000,0.49000000
2012-05-22,0.49000000,0.48000000
2012-05-23,0.47000000,0.49000000
2012-05-24,0.49000000,0.48000000
2012-05-25,0.48000000,0.48000000
2012-05-29,0.49000000,0.49000000
2012-05-30,0.48000000,0.48000000
2012-05-31,0.48000000,0.47000000
2012-06-01,0.45000000,0.44000000
2012-06-04,0.44000000,0.45000000
2012-06-05,0.44000000,0.45000000
2012-06-06,0.46000000,0.48000000
2012-06-07,0.50000000,0.48000000
2012-06-08,0.48000000,0.49000000
2012-06-11,0.50000000,0.47000000
2012-06-12,0.47000000,0.48000000
2012-06-13,0.48000000,0.47000000
2012-06-14,0.47000000,0.48000000
2012-06-15,0.48000000,0.50000000
2012-06-18,0.49000000,0.51000000
2012-06-19,0.52000000,0.53000000
2012-06-20,0.53000000,0.53000000
2012-06-21,0.53000000,0.49000000
2012-06-22,0.49000000,0.50000000
2012-06-25,0.49000000,0.47000000
2012-06-26,0.48000000,0.48000000
2012-06-27,0.49000000,0.49000000
2012-06-28,0.48000000,0.47000000
2012-06-29,0.50000000,0.52000000
2012-07-02,0.52000000,0.52000000
2012-07-03,0.53000000,0.54000000
2012-07-05,0.54000000,0.54000000
2012-07-06,0.53000000,0.52000000
2012-07-09,0.52000000,0.52000000
2012-07-10,0.52000000,0.50000000
2012-07-11,0.50000000,0.49000000
2012-07-12,0.48000000,0.48000000
2012-07-13,0.48000000,0.50000000
2012-07-16,0.50000000,0.50000000
2012-07-17,0.51000000,0.50000000
2012-07-18,0.50000000,0.52000000
2012-07-19,0.54000000,0.54000000
2012-07-20,0.54000000,0.52000000
2012-07-23,0.49000000,0.50000000
2012-07-24,0.50000000,0.49000000
2012-07-25,0.48000000,0.48000000
2012-07-26,0.50000000,0.50000000
2012-07-27,0.51000000,0.54000000
2012-07-30,0.54000000,0.53000000
2012-07-31,0.54000000,0.53000000
2012-08-01,0.54000000,0.53000000
2012-08-02,0.52000000,0.52000000
2012-08-03,0.55000000,0.55000000
2012-08-06,0.56000000,0.56000000
2012-08-07,0.57000000,0.58000000
2012-08-08,0.57000000,0.58000000
2012-08-09,0.58000000,0.58000000
2012-08-10,0.58000000,0.58000000
2012-08-13,0.58000000,0.59000000
2012-08-14,0.59000000,0.59000000
2012-08-15,0.59000000,0.59000000
2012-08-16,0.60000000,0.61000000
2012-08-17,0.62000000,0.62000000
2012-08-20,0.62000000,0.62000000
2012-08-21,0.63000000,0.62000000
2012-08-22,0.61000000,0.62000000
2012-08-23,0.62000000,0.61000000
2012-08-24,0.61000000,0.62000000
2012-08-27,0.63000000,0.62000000
2012-08-28,0.62000000,0.62000000
2012-08-29,0.63000000,0.62000000
2012-08-30,0.62000000,0.61000000
2012-08-31,0.62000000,0.62000000
2012-09-04,0.61000000,0.62000000
2012-09-05,0.61000000,0.61000000
2012-09-06,0.62000000,0.65000000
2012-09-07,0.65000000,0.65000000
2012-09-10,0.65000000,0.63000000
2012-09-11,0.63000000,0.62000000
2012-09-12,0.63000000,0.63000000
2012-09-13,0.63000000,0.65000000
2012-09-14,0.66000000,0.67000000
2012-09-17,0.67000000,0.67000000
2012-09-18,0.67000000,0.67000000
2012-09-19,0.67000000,0.68000000
2012-09-20,0.67000000,0.68000000
2012-09-21,0.69000000,0.68000000
2012-09-24,0.66000000,0.66000000
2012-09-25,0.67000000,0.64000000
2012-09-26,0.63000000,0.62000000
2012-09-27,0.63000000,0.65000000
2012-09-28,0.64000000,0.63000000
2012-10-01,0.64000000,0.63000000
2012-10-02,0.64000000,0.63000000
2012-10-03,0.64000000,0.65000000
2012-10-04,0.65000000,0.65000000
2012-10-05,0.66000000,0.64000000
2012-10-08,0.63000000,0.62000000
2012-10-09,0.62000000,0.59000000
2012-10-10,0.59000000,0.58000000
2012-10-11,0.60000000,0.58000000
2012-10-12,0.58000000,0.58000000
2012-10-15,0.59000000,0.59000000
2012-10-16,0.59000000,0.62000000
2012-10-17,0.61000000,0.62000000
2012-10-18,0.61000000,0.59000000
2012-10-19,0.59000000,0.55000000
2012-10-22,0.55000000,0.56000000
2012-10-23,0.55000000,0.54000000
2012-10-24,0.55000000,0.54000000
2012-10-25,0.55000000,0.54000000
2012-10-26,0.54000000,0.54000000
2012-10-31,0.54000000,0.53000000
2012-11-01,0.54000000,0.56000000
2012-11-02,0.56000000,0.54000000
2012-11-05,0.54000000,0.55000000
2012-11-06,0.55000000,0.55000000
2012-11-07,0.53000000,0.51000000
2012-11-08,0.52000000,0.49000000
2012-11-09,0.49000000,0.49000000
2012-11-12,0.50000000,0.49000000
2012-11-13,0.48000000,0.48000000
2012-11-14,0.49000000,0.47000000
2012-11-15,0.47000000,0.46000000
2012-11-16,0.46000000,0.47000000
2012-11-19,0.48000000,0.50000000
2012-11-20,0.50000000,0.50000000
2012-11-21,0.50000000,0.50000000
2012-11-23,0.51000000,0.53000000
2012-11-26,0.52000000,0.53000000
2012-11-27,0.53000000,0.53000000
2012-11-28,0.52000000,0.54000000
2012-11-29,0.55000000,0.55000000
2012-11-30,0.55000000,0.55000000
2012-12-03,0.56000000,0.55000000
2012-12-04,0.55000000,0.54000000
2012-12-05,0.54000000,0.53000000
2012-12-06,0.52000000,0.54000000
2012-12-07,0.55000000,0.53000000
2012-12-10,0.52000000,0.53000000
2012-12-11,0.54000000,0.55000000
2012-12-12,0.56000000,0.55000000
2012-12-13,0.55000000,0.54000000
2012-12-14,0.53000000,0.52000000
2012-12-17,0.52000000,0.54000000
2012-12-18,0.55000000,0.57000000
2012-12-19,0.57000000,0.56000000
2012-12-20,0.56000000,0.56000000
2012-12-21,0.53000000,0.54000000
2012-12-24,0.54000000,0.54000000
2012-12-26,0.54000000,0.52000000
2012-12-27,0.53000000,0.52000000
2012-12-28,0.51000000,0.51000000
2012-12-31,0.50000000,0.54000000
2013-01-02,0.58000000,0.59000000
2013-01-03,0.59000000,0.58000000
2013-01-04,0.58000000,0.58000000
2013-01-07,0.57000000,0.58000000
2013-01-08,0.58000000,0.57000000
2013-01-09,0.57000000,0.58000000
2013-01-10,0.59000000,0.59000000
2013-01-11,0.59000000,0.59000000
2013-01-14,0.58000000,0.58000000
2013-01-15,0.58000000,0.57000000
2013-01-16,0.58000000,0.58000000
2013-01-17,0.59000000,0.59000000
2013-01-18,0.58000000,0.59000000
2013-01-22,0.59000000,0.59000000
2013-01-23,0.60000000,0.60000000
2013-01-24,0.58000000,0.57000000
2013-01-25,0.58000000,0.58000000
2013-01-28,0.58000000,0.59000000
2013-01-29,0.59000000,0.59000000
2013-01-30,0.59000000,0.58000000
2013-01-31,0.58000000,0.58000000
2013-02-01,0.59000000,0.60000000
2013-02-04,0.59000000,0.57000000
2013-02-05,0.58000000,0.59000000
2013-02-06,0.59000000,0.59000000
2013-02-07,0.59000000,0.59000000
2013-02-08,0.60000000,0.61000000
2013-02-11,0.61000000,0.61000000
2013-02-12,0.61000000,0.60000000
2013-02-13,0.61000000,0.61000000
2013-02-14,0.60000000,0.61000000
2013-02-15,0.61000000,0.60000000
2013-02-19,0.61000000,0.61000000
2013-02-20,0.61000000,0.59000000
2013-02-21,0.58000000,0.57000000
2013-02-22,0.58000000,0.58000000
2013-02-25,0.60000000,0.56000000
2013-02-26,0.57000000,0.57000000
2013-02-27,0.57000000,0.59000000
2013-02-28,0.59000000,0.58000000
2013-03-01,0.58000000,0.59000000
2013-03-04,0.58000000,0.60000000
2013-03-05,0.61000000,0.62000000
2013-03-06,0.63000000,0.62000000
2013-03-07,0.62000000,0.63000000
2013-03-08,0.63000000,0.63000000
2013-03-11,0.62000000,0.63000000
2013-03-12,0.63000000,0.62000000
2013-03-13,0.63000000,0.62000000
2013-03-14,0.63000000,0.63000000
2013-03-15,0.63000000,0.62000000
2013-03-18,0.61000000,0.62000000
2013-03-19,0.62000000,0.62000000
2013-03-20,0.63000000,0.63000000
2013-03-21,0.61000000,0.61000000
2013-03-22,0.61000000,0.62000000
2013-03-25,0.63000000,0.62000000
2013-03-26,0.63000000,0.63000000
2013-03-27,0.62000000,0.63000000
2013-03-28,0.63000000,0.63000000
2013-04-01,0.64000000,0.62000000
2013-04-02,0.63000000,0.64000000
2013-04-03,0.64000000,0.62000000
2013-04-04,0.62000000,0.62000000
2013-04-05,0.59000000,0.60000000
2013-04-08,0.61000000,0.61000000
2013-04-09,0.62000000,0.63000000
2013-04-10,0.63000000,0.66000000
2013-04-11,0.66000000,0.66000000
2013-04-12,0.66000000,0.66000000
2013-04-15,0.65000000,0.62000000
2013-04-16,0.63000000,0.65000000
2013-04-17,0.63000000,0.61000000
2013-04-18,0.61000000,0.58000000
2013-04-19,0.59000000,0.61000000
2013-04-22,0.61000000,0.63000000
2013-04-23,0.64000000,0.64000000
2013-04-24,0.64000000,0.64000000
2013-04-25,0.65000000,0.65000000
2013-04-26,0.65000000,0.65000000
2013-04-29,0.65000000,0.66000000
2013-04-30,0.67000000,0.68000000
2013-05-01,0.68000000,0.67000000
2013-05-02,0.67000000,0.69000000
2013-05-03,0.72000000,0.72000000
2013-05-06,0.72000000,0.73000000
2013-05-07,0.73000000,0.73000000
2013-05-08,0.72000000,0.74000000
2013-05-09,0.73000000,0.74000000
2013-05-10,0.74000000,0.75000000
2013-05-13,0.74000000,0.75000000
2013-05-14,0.75000000,0.76000000
2013-05-15,0.76000000,0.77000000
2013-05-16,0.77000000,0.76000000
2013-05-17,0.78000000,0.79000000
2013-05-20,0.78000000,0.78000000
2013-05-21,0.78000000,0.79000000
2013-05-22,0.79000000,0.77000000
2013-05-23,0.74000000,0.76000000
2013-05-24,0.74000000,0.76000000
2013-05-28,0.78000000,0.77000000
2013-05-29,0.76000000,0.76000000
2013-05-30,0.76000000,0.77000000
2013-05-31,0.76000000,0.75000000
2013-06-03,0.75000000,0.76000000
2013-06-04,0.76000000,0.74000000
2013-06-05,0.74000000,0.72000000
2013-06-06,0.72000000,0.72000000
2013-06-07,0.74000000,0.76000000
2013-06-10,0.76000000,0.76000000
2013-06-11,0.73000000,0.73000000
2013-06-12,0.75000000,0.71000000
2013-06-13,0.71000000,0.73000000
2013-06-14,0.73000000,0.72000000
2013-06-17,0.74000000,0.74000000
2013-06-18,0.74000000,0.76000000
2013-06-19,0.76000000,0.73000000
2013-06-20,0.71000000,0.68000000
2013-06-21,0.68000000,0.67000000
2013-06-24,0.65000000,0.65000000
2013-06-25,0.67000000,0.66000000
2013-06-26,0.68000000,0.68000000
2013-06-27,0.69000000,0.69000000
2013-06-28,0.68000000,0.69000000
2013-07-01,0.71000000,0.71000000
2013-07-02,0.71000000,0.71000000
2013-07-03,0.70000000,0.72000000
2013-07-05,0.73000000,0.73000000
2013-07-08,0.74000000,0.73000000
2013-07-09,0.74000000,0.75000000
2013-07-10,0.75000000,0.76000000
2013-07-11,0.78000000,0.81000000
2013-07-12,0.81000000,0.82000000
2013-07-15,0.82000000,0.82000000
2013-07-16,0.82000000,0.82000000
2013-07-17,0.83000000,0.83000000
2013-07-18,0.82000000,0.82000000
2013-07-19,0.80000000,0.79000000
2013-07-22,0.80000000,0.80000000
2013-07-23,0.80000000,0.78000000
2013-07-24,0.81000000,0.79000000
2013-07-25,0.80000000,0.80000000
2013-07-26,0.80000000,0.82000000
2013-07-29,0.81000000,0.81000000
2013-07-30,0.82000000,0.83000000
2013-07-31,0.83000000,0.83000000
2013-08-01,0.85000000,0.86000000
2013-08-02,0.86000000,0.87000000
2013-08-05,0.87000000,0.87000000
2013-08-06,0.87000000,0.86000000
2013-08-07,0.85000000,0.85000000
2013-08-08,0.87000000,0.86000000
2013-08-09,0.86000000,0.85000000
2013-08-12,0.84000000,0.86000000
2013-08-13,0.86000000,0.87000000
2013-08-14,0.87000000,0.86000000
2013-08-15,0.84000000,0.82000000
2013-08-16,0.82000000,0.82000000
2013-08-19,0.82000000,0.81000000
2013-08-20,0.82000000,0.83000000
2013-08-21,0.82000000,0.82000000
2013-08-22,0.83000000,0.84000000
2013-08-23,0.86000000,0.86000000
2013-08-26,0.86000000,0.86000000
2013-08-27,0.83000000,0.80000000
2013-08-28,0.80000000,0.82000000
2013-08-29,0.81000000,0.83000000
2013-08-30,0.83000000,0.82000000
2013-09-03,0.84000000,0.83000000
2013-09-04,0.84000000,0.86000000
2013-09-05,0.86000000,0.86000000
2013-09-06,0.87000000,0.86000000
2013-09-09,0.87000000,0.89000000
2013-09-10,0.91000000,0.91000000
2013-09-11,0.89000000,0.90000000
2013-09-12,0.90000000,0.90000000
2013-09-13,0.90000000,0.90000000
2013-09-16,0.92000000,0.89000000
2013-09-17,0.90000000,0.91000000
2013-09-18,0.92000000,0.95000000
2013-09-19,0.95000000,0.95000000
2013-09-20,0.96000000,0.94000000
2013-09-23,0.95000000,0.94000000
2013-09-24,0.94000000,0.94000000
2013-09-25,0.94000000,0.93000000
2013-09-26,0.94000000,0.95000000
2013-09-27,0.93000000,0.94000000
2013-09-30,0.92000000,0.94000000
2013-10-01,0.94000000,0.97000000
2013-10-02,0.95000000,0.96000000
2013-10-03,0.96000000,0.93000000
2013-10-04,0.93000000,0.96000000
2013-10-07,0.93000000,0.93000000
2013-10-08,0.93000000,0.88000000
2013-10-09,0.88000000,0.87000000
2013-10-10,0.90000000,0.92000000
2013-10-11,0.92000000,0.95000000
2013-10-14,0.93000000,0.96000000
2013-10-15,0.96000000,0.95000000
2013-10-16,0.97000000,0.99000000
2013-10-17,0.97000000,1.00000000
2013-10-18,1.03000000,1.05000000
2013-10-21,1.06000000,1.06000000
2013-10-22,1.07000000,1.06000000
2013-10-23,1.05000000,1.05000000
2013-10-24,1.05000000,1.06000000
2013-10-25,1.09000000,1.08000000
2013-10-28,1.08000000,1.08000000
2013-10-29,1.09000000,1.09000000
2013-10-30,1.10000000,1.08000000
2013-10-31,1.08000000,1.08000000
2013-11-01,1.09000000,1.08000000
2013-11-04,1.09000000,1.08000000
2013-11-05,1.07000000,1.09000000
2013-11-06,1.10000000,1.08000000
2013-11-07,1.08000000,1.02000000
2013-11-08,1.03000000,1.06000000
2013-11-11,1.06000000,1.06000000
2013-11-12,1.05000000,1.06000000
2013-11-13,1.04000000,1.10000000
2013-11-14,1.09000000,1.11000000
2013-11-15,1.11000000,1.12000000
2013-11-18,1.12000000,1.09000000
2013-11-19,1.08000000,1.08000000
2013-11-20,1.09000000,1.07000000
2013-11-21,1.08000000,1.10000000
2013-11-22,1.11000000,1.12000000
2013-11-25,1.13000000,1.13000000
2013-11-26,1.13000000,1.15000000
2013-11-27,1.15000000,1.17000000
2013-11-29,1.18000000,1.19000000
2013-12-02,1.19000000,1.18000000
2013-12-03,1.18000000,1.18000000
2013-12-04,1.16000000,1.18000000
2013-12-05,1.18000000,1.18000000
2013-12-06,1.20000000,1.20000000
2013-12-09,1.21000000,1.21000000
2013-12-10,1.21000000,1.21000000
2013-12-11,1.21000000,1.17000000
2013-12-12,1.17000000,1.16000000
2013-12-13,1.17000000,1.15000000
2013-12-16,1.17000000,1.17000000
2013-12-17,1.17000000,1.16000000
2013-12-18,1.17000000,1.20000000
2013-12-19,1.20000000,1.19000000
2013-12-20,1.20000000,1.23000000
2013-12-23,1.26000000,1.27000000
2013-12-24,1.27000000,1.27000000
2013-12-26,1.28000000,1.28000000
2013-12-27,1.29000000,1.27000000
2013-12-30,1.27000000,1.27000000
2013-12-31,1.28000000,1.29000000
2014-01-02,1.28000000,1.26000000
2014-01-03,1.26000000,1.24000000
2014-01-06,1.24000000,1.22000000
2014-01-07,1.24000000,1.25000000
2014-01-08,1.26000000,1.26000000
2014-01-09,1.28000000,1.25000000
2014-01-10,1.26000000,1.26000000
2014-01-13,1.26000000,1.21000000
2014-01-14,1.22000000,1.28000000
2014-01-15,1.29000000,1.31000000
2014-01-16,1.30000000,1.31000000
2014-01-17,1.30000000,1.28000000
2014-01-21,1.31000000,1.31000000
2014-01-22,1.32000000,1.33000000
2014-01-23,1.31000000,1.31000000
2014-01-24,1.29000000,1.23000000
2014-01-27,1.23000000,1.20000000
2014-01-28,1.18000000,1.20000000
2014-01-29,1.16000000,1.16000000
2014-01-30,1.20000000,1.22000000
2014-01-31,1.18000000,1.21000000
2014-02-03,1.20000000,1.13000000
2014-02-04,1.14000000,1.15000000
2014-02-05,1.14000000,1.14000000
2014-02-06,1.15000000,1.19000000
2014-02-07,1.21000000,1.25000000
2014-02-10,1.25000000,1.27000000
2014-02-11,1.28000000,1.31000000
2014-02-12,1.32000000,1.32000000
2014-02-13,1.29000000,1.36000000
2014-02-14,1.35000000,1.36000000
2014-02-18,1.37000000,1.38000000
2014-02-19,1.37000000,1.35000000
2014-02-20,1.35000000,1.37000000
2014-02-21,1.38000000,1.36000000
2014-02-24,1.37000000,1.39000000
2014-02-25,1.39000000,1.38000000
2014-02-26,1.39000000,1.38000000
2014-02-27,1.38000000,1.40000000
2014-02-28,1.40000000,1.40000000
2014-03-03,1.36000000,1.37000000
2014-03-04,1.41000000,1.42000000
2014-03-05,1.43000000,1.43000000
2014-03-06,1.44000000,1.43000000
2014-03-07,1.44000000,1.41000000
2014-03-10,1.40000000,1.41000000
2014-03-11,1.42000000,1.39000000
2014-03-12,1.37000000,1.41000000
2014-03-13,1.42000000,1.35000000
2014-03-14,1.33000000,1.32000000
2014-03-17,1.35000000,1.36000000
2014-03-18,1.36000000,1.40000000
2014-03-19,1.41000000,1.38000000
2014-03-20,1.37000000,1.39000000
2014-03-21,1.42000000,1.34000000
2014-03-24,1.36000000,1.31000000
2014-03-25,1.33000000,1.32000000
2014-03-26,1.34000000,1.27000000
2014-03-27,1.26000000,1.25000000
2014-03-28,1.26000000,1.26000000
2014-03-31,1.28000000,1.28000000
2014-04-01,1.30000000,1.35000000
2014-04-02,1.37000000,1.36000000
2014-04-03,1.36000000,1.33000000
2014-04-04,1.35000000,1.22000000
2014-04-07,1.20000000,1.19000000
2014-04-08,1.19000000,1.22000000
2014-04-09,1.23000000,1.28000000
2014-04-10,1.28000000,1.16000000
2014-04-11,1.13000000,1.12000000
2014-04-14,1.15000000,1.15000000
2014-04-15,1.16000000,1.16000000
2014-04-16,1.19000000,1.20000000
2014-04-17,1.19000000,1.20000000
2014-04-21,1.21000000,1.23000000
2014-04-22,1.24000000,1.26000000
2014-04-23,1.26000000,1.23000000
2014-04-24,1.29000000,1.26000000
2014-04-25,1.24000000,1.20000000
2014-04-28,1.22000000,1.22000000
2014-04-29,1.23000000,1.24000000
2014-04-30,1.23000000,1.25000000
2014-05-01,1.26000000,1.27000000
2014-05-02,1.28000000,1.26000000
2014-05-05,1.24000000,1.28000000
2014-05-06,1.27000000,1.23000000
2014-05-07,1.24000000,1.22000000
2014-05-08,1.20000000,1.21000000
2014-05-09,1.21000000,1.23000000
2014-05-12,1.25000000,1.29000000
2014-05-13,1.29000000,1.29000000
2014-05-14,1.28000000,1.27000000
2014-05-15,1.27000000,1.24000000
2014-05-16,1.24000000,1.26000000
2014-05-19,1.25000000,1.29000000
2014-05-20,1.29000000,1.28000000
2014-05-21,1.28000000,1.31000000
2014-05-22,1.32000000,1.33000000
2014-05-23,1.33000000,1.36000000
2014-05-27,1.38000000,1.41000000
2014-05-28,1.41000000,1.40000000
2014-05-29,1.41000000,1.42000000
2014-05-30,1.42000000,1.42000000
2014-06-02,1.43000000,1.42000000
2014-06-03,1.41000000,1.42000000
2014-06-04,1.41000000,1.43000000
2014-06-05,1.44000000,1.47000000
2014-06-06,1.49000000,1.49000000
2014-06-09,1.50000000,1.49000000
2014-06-10,1.49000000,1.50000000
2014-06-11,1.48000000,1.50000000
2014-06-12,1.49000000,1.46000000
2014-06-13,1.48000000,1.47000000
2014-06-16,1.46000000,1.47000000
2014-06-17,1.47000000,1.48000000
2014-06-18,1.48000000,1.50000000
2014-06-19,1.51000000,1.50000000
2014-06-20,1.50000000,1.50000000
2014-06-23,1.50000000,1.50000000
2014-06-24,1.50000000,1.50000000
2014-06-25,1.49000000,1.53000000
2014-06-26,1.53000000,1.53000000
2014-06-27,1.53000000,1.55000000
2014-06-30,1.55000000,1.56000000
2014-07-01,1.57000000,1.61000000
2014-07-02,1.61000000,1.62000000
2014-07-03,1.63000000,1.65000000
2014-07-07,1.64000000,1.63000000
2014-07-08,1.62000000,1.57000000
2014-07-09,1.59000000,1.61000000
2014-07-10,1.55000000,1.60000000
2014-07-11,1.60000000,1.62000000
2014-07-14,1.64000000,1.65000000
2014-07-15,1.66000000,1.64000000
2014-07-16,1.67000000,1.66000000
2014-07-17,1.64000000,1.59000000
2014-07-18,1.62000000,1.66000000
2014-07-21,1.65000000,1.66000000
2014-07-22,1.68000000,1.69000000
2014-07-23,1.71000000,1.72000000
2014-07-24,1.73000000,1.72000000
2014-07-25,1.69000000,1.70000000
2014-07-28,1.70000000,1.70000000
2014-07-29,1.71000000,1.69000000
2014-07-30,1.72000000,1.71000000
2014-07-31,1.67000000,1.61000000
2014-08-01,1.60000000,1.59000000
2014-08-04,1.60000000,1.62000000
2014-08-05,1.60000000,1.58000000
2014-08-06,1.55000000,1.58000000
2014-08-07,1.60000000,1.56000000
2014-08-08,1.57000000,1.60000000
2014-08-11,1.61000000,1.63000000
2014-08-12,1.62000000,1.62000000
2014-08-13,1.64000000,1.67000000
2014-08-14,1.68000000,1.70000000
2014-08-15,1.73000000,1.72000000
2014-08-18,1.75000000,1.77000000
2014-08-19,1.78000000,1.80000000
2014-08-20,1.79000000,1.80000000
2014-08-21,1.80000000,1.81000000
2014-08-22,1.81000000,1.81000000
2014-08-25,1.84000000,1.83000000
2014-08-26,1.84000000,1.84000000
2014-08-27,1.84000000,1.84000000
2014-08-28,1.82000000,1.83000000
2014-08-29,1.85000000,1.85000000
2014-09-02,1.87000000,1.87000000
2014-09-03,1.88000000,1.84000000
2014-09-04,1.85000000,1.83000000
2014-09-05,1.84000000,1.86000000
2014-09-08,1.86000000,1.87000000
2014-09-09,1.87000000,1.82000000
2014-09-10,1.83000000,1.87000000
2014-09-11,1.84000000,1.86000000
2014-09-12,1.86000000,1.83000000
2014-09-15,1.84000000,1.78000000
2014-09-16,1.76000000,1.83000000
2014-09-17,1.83000000,1.84000000
2014-09-18,1.85000000,1.88000000
2014-09-19,1.90000000,1.87000000
2014-09-22,1.86000000,1.82000000
2014-09-23,1.80000000,1.81000000
2014-09-24,1.81000000,1.86000000
2014-09-25,1.84000000,1.75000000
2014-09-26,1.76000000,1.80000000
2014-09-29,1.75000000,1.80000000
2014-09-30,1.81000000,1.80000000
2014-10-01,1.79000000,1.72000000
2014-10-02,1.71000000,1.72000000
2014-10-03,1.74000000,1.77000000
2014-10-06,1.78000000,1.75000000
2014-10-07,1.73000000,1.68000000
2014-10-08,1.68000000,1.78000000
2014-10-09,1.77000000,1.69000000
2014-10-10,1.66000000,1.56000000
2014-10-13,1.56000000,1.49000000
2014-10-14,1.52000000,1.49000000
2014-10-15,1.42000000,1.46000000
2014-10-16,1.37000000,1.44000000
2014-10-17,1.49000000,1.49000000
2014-10-20,1.49000000,1.56000000
2014-10-21,1.61000000,1.68000000
2014-10-22,1.70000000,1.65000000
2014-10-23,1.70000000,1.73000000
2014-10-24,1.74000000,1.77000000
2014-10-27,1.76000000,1.78000000
2014-10-28,1.80000000,1.86000000
2014-10-29,1.84000000,1.83000000
2014-10-30,1.81000000,1.84000000
2014-10-31,1.94000000,1.92000000
2014-11-03,1.93000000,1.94000000
2014-11-04,1.92000000,1.92000000
2014-11-05,1.96000000,1.92000000
2014-11-06,1.92000000,1.94000000
2014-11-07,1.95000000,1.93000000
2014-11-10,1.93000000,1.95000000
2014-11-11,1.95000000,1.97000000
2014-11-12,1.95000000,1.98000000
2014-11-13,1.99000000,2.01000000
2014-11-14,2.00000000,2.02000000
2014-11-17,2.01000000,2.01000000
2014-11-18,2.01000000,2.05000000
2014-11-19,2.04000000,2.02000000
2014-11-20,2.00000000,2.05000000
2014-11-21,2.11000000,2.07000000
2014-11-24,2.08000000,2.11000000
2014-11-25,2.12000000,2.12000000
2014-11-26,2.13000000,2.16000000
2014-11-28,2.18000000,2.20000000
2014-12-01,2.18000000,2.11000000
2014-12-02,2.12000000,2.14000000
2014-12-03,2.15000000,2.16000000
2014-12-04,2.15000000,2.15000000
2014-12-05,2.16000000,2.15000000
2014-12-08,2.13000000,2.10000000
2014-12-09,2.03000000,2.13000000
2014-12-10,2.11000000,2.02000000
2014-12-11,2.04000000,2.05000000
2014-12-12,1.99000000,1.99000000
2014-12-15,2.02000000,1.93000000
2014-12-16,1.89000000,1.83000000
2014-12-17,1.83000000,1.93000000
2014-12-18,2.01000000,2.07000000
2014-12-19,2.08000000,2.09000000
2014-12-22,2.09000000,2.11000000
2014-12-23,2.14000000,2.09000000
2014-12-24,2.10000000,2.10000000
2014-12-26,2.11000000,2.14000000
2014-12-29,2.13000000,2.14000000
2014-12-30,2.12000000,2.10000000
2014-12-31,2.10000000,2.03000000
2015-01-02,2.06000000,2.01000000
2015-01-05,1.98000000,1.92000000
2015-01-06,1.93000000,1.85000000
2015-01-07,1.88000000,1.92000000
2015-01-08,1.97000000,2.03000000
2015-01-09,2.05000000,1.99000000
2015-01-12,2.00000000,1.92000000
2015-01-13,1.98000000,1.92000000
2015-01-14,1.86000000,1.89000000
2015-01-15,1.92000000,1.82000000
2015-01-16,1.81000000,1.88000000
2015-01-20,1.91000000,1.92000000
2015-01-21,1.91000000,1.95000000
2015-01-22,1.98000000,2.06000000
2015-01-23,2.06000000,2.08000000
2015-01-26,2.07000000,2.07000000
2015-01-27,1.97000000,1.91000000
2015-01-28,2.00000000,1.88000000
2015-01-29,1.87000000,1.93000000
2015-01-30,1.93000000,1.89000000
2015-02-02,1.90000000,1.94000000
2015-02-03,1.95000000,1.99000000
2015-02-04,1.97000000,1.99000000
2015-02-05,2.00000000,2.04000000
2015-02-06,2.05000000,2.00000000
2015-02-09,1.98000000,1.98000000
2015-02-10,2.02000000,2.07000000
2015-02-11,2.08000000,2.10000000
2015-02-12,2.14000000,2.17000000
2015-02-13,2.19000000,2.23000000
2015-02-17,2.23000000,2.23000000
2015-02-18,2.22000000,2.24000000
2015-02-19,2.24000000,2.28000000
2015-02-20,2.27000000,2.32000000
2015-02-23,2.32000000,2.33000000
2015-02-24,2.32000000,2.33000000
2015-02-25,2.32000000,2.31000000
2015-02-26,2.32000000,2.35000000
2015-02-27,2.35000000,2.32000000
2015-03-02,2.33000000,2.38000000
2015-03-03,2.36000000,2.35000000
2015-03-04,2.32000000,2.32000000
2015-03-05,2.34000000,2.33000000
2015-03-06,2.32000000,2.25000000
2015-03-09,2.27000000,2.27000000
2015-03-10,2.22000000,2.15000000
2015-03-11,2.15000000,2.11000000
2015-03-12,2.10000000,2.15000000
2015-03-13,2.14000000,2.12000000
2015-03-16,2.15000000,2.20000000
2015-03-17,2.18000000,2.22000000
2015-03-18,2.20000000,2.28000000
2015-03-19,2.29000000,2.29000000
2015-03-20,2.34000000,2.34000000
2015-03-23,2.33000000,2.32000000
2015-03-24,2.32000000,2.29000000
2015-03-25,2.31000000,2.13000000
2015-03-26,2.08000000,2.12000000
2015-03-27,2.11000000,2.14000000
2015-03-30,2.18000000,2.21000000
2015-03-31,2.19000000,2.15000000
2015-04-01,2.14000000,2.11000000
2015-04-02,2.11000000,2.11000000
2015-04-06,2.07000000,2.16000000
2015-04-07,2.16000000,2.15000000
2015-04-08,2.16000000,2.20000000
2015-04-09,2.20000000,2.25000000
2015-04-10,2.25000000,2.27000000
2015-04-13,2.28000000,2.26000000
2015-04-14,2.25000000,2.24000000
2015-04-15,2.26000000,2.28000000
2015-04-16,2.26000000,2.27000000
2015-04-17,2.20000000,2.16000000
2015-04-20,2.20000000,2.26000000
2015-04-21,2.30000000,2.29000000
2015-04-22,2.31000000,2.32000000
2015-04-23,2.30000000,2.35000000
2015-04-24,2.43000000,2.44000000
2015-04-27,2.47000000,2.43000000
2015-04-28,2.43000000,2.41000000
2015-04-29,2.37000000,2.37000000
2015-04-30,2.33000000,2.26000000
2015-05-01,2.28000000,2.35000000
2015-05-04,2.37000000,2.36000000
2015-05-05,2.33000000,2.24000000
2015-05-06,2.25000000,2.20000000
2015-05-07,2.19000000,2.23000000
2015-05-08,2.30000000,2.32000000
2015-05-11,2.32000000,2.29000000
2015-05-12,2.25000000,2.26000000
2015-05-13,2.29000000,2.27000000
2015-05-14,2.33000000,2.37000000
2015-05-15,2.39000000,2.37000000
2015-05-18,2.36000000,2.40000000
2015-05-19,2.41000000,2.40000000
2015-05-20,2.40000000,2.40000000
2015-05-21,2.39000000,2.44000000
2015-05-22,2.43000000,2.43000000
2015-05-26,2.41000000,2.35000000
2015-05-27,2.37000000,2.46000000
2015-05-28,2.44000000,2.44000000
2015-05-29,2.44000000,2.40000000
2015-06-01,2.44000000,2.42000000
2015-06-02,2.40000000,2.40000000
2015-06-03,2.43000000,2.42000000
2015-06-04,2.38000000,2.37000000
2015-06-05,2.36000000,2.35000000
2015-06-08,2.34000000,2.28000000
2015-06-09,2.26000000,2.27000000
2015-06-10,2.29000000,2.36000000
2015-06-11,2.38000000,2.37000000
2015-06-12,2.33000000,2.31000000
2015-06-15,2.26000000,2.28000000
2015-06-16,2.27000000,2.31000000
2015-06-17,2.32000000,2.33000000
2015-06-18,2.35000000,2.43000000
2015-06-19,2.44000000,2.39000000
2015-06-22,2.45000000,2.45000000
2015-06-23,2.46000000,2.46000000
2015-06-24,2.45000000,2.42000000
2015-06-25,2.45000000,2.40000000
2015-06-26,2.40000000,2.36000000
2015-06-29,2.27000000,2.19000000
2015-06-30,2.24000000,2.22000000
2015-07-01,2.28000000,2.26000000
2015-07-02,2.28000000,2.27000000
2015-07-06,2.22000000,2.25000000
2015-07-07,2.26000000,2.26000000
2015-07-08,2.22000000,2.15000000
2015-07-09,2.24000000,2.14000000
2015-07-10,2.22000000,2.24000000
2015-07-13,2.30000000,2.36000000
2015-07-14,2.37000000,2.40000000
2015-07-15,2.42000000,2.42000000
2015-07-16,2.47000000,2.51000000
2015-07-17,2.58000000,2.62000000
2015-07-20,2.65000000,2.65000000
2015-07-21,2.66000000,2.65000000
2015-07-22,2.53000000,2.56000000
2015-07-23,2.57000000,2.53000000
2015-07-24,2.57000000,2.46000000
2015-07-27,2.41000000,2.39000000
2015-07-28,2.43000000,2.46000000
2015-07-29,2.47000000,2.48000000
2015-07-30,2.47000000,2.52000000
2015-07-31,2.54000000,2.51000000
2015-08-03,2.51000000,2.49000000
2015-08-04,2.48000000,2.47000000
2015-08-05,2.51000000,2.53000000
2015-08-06,2.54000000,2.41000000
2015-08-07,2.39000000,2.40000000
2015-08-10,2.44000000,2.48000000
2015-08-11,2.44000000,2.39000000
2015-08-12,2.34000000,2.41000000
2015-08-13,2.42000000,2.40000000
2015-08-14,2.38000000,2.41000000
2015-08-17,2.39000000,2.47000000
2015-08-18,2.45000000,2.43000000
2015-08-19,2.41000000,2.38000000
2015-08-20,2.32000000,2.19000000
2015-08-21,2.09000000,1.91000000
2015-08-24,1.56000000,1.69000000
2015-08-25,1.86000000,1.67000000
2015-08-26,1.81000000,1.91000000
2015-08-27,2.00000000,2.06000000
2015-08-28,2.02000000,2.05000000
2015-08-31,2.02000000,1.98000000
2015-09-01,1.83000000,1.80000000
2015-09-02,1.89000000,1.94000000
2015-09-03,1.97000000,1.91000000
2015-09-04,1.84000000,1.85000000
2015-09-08,1.95000000,2.00000000
2015-09-09,2.07000000,1.94000000
2015-09-10,1.93000000,2.00000000
2015-09-11,1.97000000,2.03000000
2015-09-14,2.05000000,2.01000000
2015-09-15,2.03000000,2.08000000
2015-09-16,2.09000000,2.12000000
2015-09-17,2.11000000,2.12000000
2015-09-18,2.02000000,2.03000000
2015-09-21,2.06000000,2.05000000
2015-09-22,1.95000000,1.96000000
2015-09-23,1.97000000,1.96000000
2015-09-24,1.90000000,1.94000000
2015-09-25,2.01000000,1.89000000
2015-09-28,1.87000000,1.73000000
2015-09-29,1.74000000,1.70000000
2015-09-30,1.77000000,1.82000000
2015-10-01,1.83000000,1.84000000
2015-10-02,1.77000000,1.94000000
2015-10-05,1.98000000,2.03000000
2015-10-06,2.01000000,2.00000000
2015-10-07,2.03000000,2.03000000
2015-10-08,2.01000000,2.05000000
2015-10-09,2.06000000,2.08000000
2015-10-12,2.09000000,2.10000000
2015-10-13,2.06000000,2.06000000
2015-10-14,2.06000000,2.05000000
2015-10-15,2.07000000,2.15000000
2015-10-16,2.16000000,2.17000000
2015-10-19,2.16000000,2.21000000
2015-10-20,2.20000000,2.18000000
2015-10-21,2.21000000,2.14000000
2015-10-22,2.19000000,2.27000000
2015-10-23,2.45000000,2.46000000
2015-10-26,2.45000000,2.46000000
2015-10-27,2.44000000,2.48000000
2015-10-28,2.49000000,2.54000000
2015-10-29,2.50000000,2.53000000
2015-10-30,2.53000000,2.49000000
2015-11-02,2.51000000,2.58000000
2015-11-03,2.56000000,2.60000000
2015-11-04,2.63000000,2.60000000
2015-11-05,2.61000000,2.58000000
2015-11-06,2.57000000,2.59000000
2015-11-09,2.56000000,2.51000000
2015-11-10,2.47000000,2.49000000
2015-11-11,2.51000000,2.48000000
2015-11-12,2.44000000,2.40000000
2015-11-13,2.37000000,2.26000000
2015-11-16,2.26000000,2.36000000
2015-11-17,2.37000000,2.37000000
2015-11-18,2.39000000,2.50000000
2015-11-19,2.51000000,2.51000000
2015-11-20,2.54000000,2.56000000
2015-11-23,2.56000000,2.53000000
2015-11-24,2.49000000,2.53000000
2015-11-25,2.54000000,2.53000000
2015-11-27,2.55000000,2.54000000
2015-11-30,2.57000000,2.53000000
2015-12-01,2.55000000,2.60000000
2015-12-02,2.61000000,2.55000000
2015-12-03,2.57000000,2.42000000
2015-12-04,2.44000000,2.59000000
2015-12-07,2.60000000,2.56000000
2015-12-08,2.48000000,2.56000000
2015-12-09,2.52000000,2.44000000
2015-12-10,2.46000000,2.47000000
2015-12-11,2.39000000,2.30000000
2015-12-14,2.31000000,2.36000000
2015-12-15,2.42000000,2.40000000
2015-12-16,2.45000000,2.50000000
2015-12-17,2.53000000,2.40000000
2015-12-18,2.37000000,2.27000000
2015-12-21,2.32000000,2.33000000
2015-12-22,2.37000000,2.38000000
2015-12-23,2.41000000,2.43000000
2015-12-24,2.43000000,2.43000000
2015-12-28,2.41000000,2.43000000
2015-12-29,2.47000000,2.54000000
2015-12-30,2.53000000,2.47000000
2015-12-31,2.44000000,2.38000000
2016-01-04,2.22000000,2.23000000
2016-01-05,2.26000000,2.21000000
2016-01-06,2.10000000,2.15000000
2016-01-07,2.01000000,1.95000000
2016-01-08,1.99000000,1.90000000
2016-01-11,1.94000000,1.92000000
2016-01-12,1.97000000,1.99000000
2016-01-13,2.01000000,1.78000000
2016-01-14,1.80000000,1.89000000
2016-01-15,1.70000000,1.72000000
2016-01-19,1.79000000,1.73000000
2016-01-20,1.64000000,1.71000000
2016-01-21,1.73000000,1.72000000
2016-01-22,1.82000000,1.86000000
2016-01-25,1.85000000,1.78000000
2016-01-26,1.80000000,1.83000000
2016-01-27,1.80000000,1.70000000
2016-01-28,1.77000000,1.76000000
2016-01-29,1.77000000,1.88000000
2016-02-01,1.85000000,1.89000000
2016-02-02,1.87000000,1.77000000
2016-02-03,1.80000000,1.74000000
2016-02-04,1.73000000,1.74000000
2016-02-05,1.72000000,1.56000000
2016-02-08,1.47000000,1.49000000
2016-02-09,1.43000000,1.47000000
2016-02-10,1.53000000,1.49000000
2016-02-11,1.43000000,1.49000000
2016-02-12,1.53000000,1.55000000
2016-02-16,1.62000000,1.65000000
2016-02-17,1.69000000,1.77000000
2016-02-18,1.79000000,1.71000000
2016-02-19,1.69000000,1.72000000
2016-02-22,1.77000000,1.81000000
2016-02-23,1.77000000,1.72000000
2016-02-24,1.66000000,1.77000000
2016-02-25,1.78000000,1.82000000
2016-02-26,1.86000000,1.81000000
2016-02-29,1.81000000,1.76000000
2016-03-01,1.81000000,1.93000000
2016-03-02,1.92000000,1.93000000
2016-03-03,1.93000000,1.92000000
2016-03-04,1.93000000,1.93000000
2016-03-07,1.90000000,1.89000000
2016-03-08,1.85000000,1.84000000
2016-03-09,1.87000000,1.88000000
2016-03-10,1.91000000,1.87000000
2016-03-11,1.93000000,1.97000000
2016-03-14,1.95000000,1.98000000
2016-03-15,1.96000000,1.98000000
2016-03-16,1.96000000,2.03000000
2016-03-17,2.01000000,2.02000000
2016-03-18,2.04000000,2.03000000
2016-03-21,2.02000000,2.06000000
2016-03-22,2.02000000,2.07000000
2016-03-23,2.06000000,2.03000000
2016-03-24,1.99000000,2.02000000
2016-03-28,2.05000000,2.02000000
2016-03-29,2.01000000,2.11000000
2016-03-30,2.15000000,2.15000000
2016-03-31,2.14000000,2.13000000
2016-04-01,2.10000000,2.20000000
2016-04-04,2.20000000,2.18000000
2016-04-05,2.13000000,2.12000000
2016-04-06,2.12000000,2.22000000
2016-04-07,2.18000000,2.12000000
2016-04-08,2.16000000,2.12000000
2016-04-11,2.15000000,2.10000000
2016-04-12,2.10000000,2.15000000
2016-04-13,2.20000000,2.23000000
2016-04-14,2.23000000,2.23000000
2016-04-15,2.22000000,2.21000000
2016-04-18,2.20000000,2.25000000
2016-04-19,2.27000000,2.21000000
2016-04-20,2.20000000,2.21000000
2016-04-21,2.21000000,2.21000000
2016-04-22,2.13000000,2.11000000
2016-04-25,2.09000000,2.11000000
2016-04-26,2.12000000,2.08000000
2016-04-27,2.02000000,2.03000000
2016-04-28,2.04000000,1.96000000
2016-04-29,1.95000000,1.93000000
2016-05-02,1.94000000,1.98000000
2016-05-03,1.94000000,1.93000000
2016-05-04,1.89000000,1.89000000
2016-05-05,1.91000000,1.89000000
2016-05-06,1.86000000,1.92000000
2016-05-09,1.92000000,1.93000000
2016-05-10,1.95000000,2.01000000
2016-05-11,2.00000000,1.96000000
2016-05-12,1.97000000,1.93000000
2016-05-13,1.93000000,1.91000000
2016-05-16,1.92000000,1.98000000
2016-05-17,1.98000000,1.91000000
2016-05-18,1.89000000,1.93000000
2016-05-19,1.90000000,1.90000000
2016-05-20,1.92000000,1.96000000
2016-05-23,1.96000000,1.95000000
2016-05-24,1.98000000,2.07000000
2016-05-25,2.09000000,2.11000000
2016-05-26,2.12000000,2.13000000
2016-05-27,2.14000000,2.16000000
2016-05-31,2.18000000,2.18000000
2016-06-01,2.16000000,2.18000000
2016-06-02,2.16000000,2.19000000
2016-06-03,2.18000000,2.16000000
2016-06-06,2.17000000,2.18000000
2016-06-07,2.19000000,2.17000000
2016-06-08,2.18000000,2.18000000
2016-06-09,2.15000000,2.17000000
2016-06-10,2.11000000,2.09000000
2016-06-13,2.06000000,2.04000000
2016-06-14,2.02000000,2.04000000
2016-06-15,2.06000000,2.02000000
2016-06-16,1.99000000,2.04000000
2016-06-17,2.03000000,1.97000000
2016-06-20,2.04000000,2.00000000
2016-06-21,2.02000000,2.02000000
2016-06-22,2.03000000,2.01000000
2016-06-23,2.06000000,2.10000000
2016-06-24,1.87000000,1.84000000
2016-06-27,1.80000000,1.73000000
2016-06-28,1.78000000,1.84000000
2016-06-29,1.89000000,1.94000000
2016-06-30,1.95000000,2.01000000
2016-07-01,2.00000000,2.03000000
2016-07-05,2.01000000,2.00000000
2016-07-06,1.97000000,2.05000000
2016-07-07,2.05000000,2.06000000
2016-07-08,2.10000000,2.16000000
2016-07-11,2.18000000,2.20000000
2016-07-12,2.24000000,2.23000000
2016-07-13,2.25000000,2.22000000
2016-07-14,2.26000000,2.26000000
2016-07-15,2.28000000,2.25000000
2016-07-18,2.25000000,2.29000000
2016-07-19,2.27000000,2.27000000
2016-07-20,2.30000000,2.35000000
2016-07-21,2.35000000,2.33000000
2016-07-22,2.34000000,2.36000000
2016-07-25,2.35000000,2.36000000
2016-07-26,2.36000000,2.37000000
2016-07-27,2.43000000,2.42000000
2016-07-28,2.43000000,2.44000000
2016-07-29,2.46000000,2.46000000
2016-08-01,2.46000000,2.50000000
2016-08-02,2.49000000,2.44000000
2016-08-03,2.44000000,2.46000000
2016-08-04,2.46000000,2.49000000
2016-08-05,2.53000000,2.56000000
2016-08-08,2.56000000,2.55000000
2016-08-09,2.55000000,2.57000000
2016-08-10,2.57000000,2.55000000
2016-08-11,2.57000000,2.58000000
2016-08-12,2.56000000,2.58000000
2016-08-15,2.59000000,2.62000000
2016-08-16,2.60000000,2.58000000
2016-08-17,2.58000000,2.59000000
2016-08-18,2.58000000,2.59000000
2016-08-19,2.58000000,2.59000000
2016-08-22,2.57000000,2.59000000
2016-08-23,2.62000000,2.60000000
2016-08-24,2.60000000,2.55000000
2016-08-25,2.53000000,2.54000000
2016-08-26,2.55000000,2.55000000
2016-08-29,2.56000000,2.56000000
2016-08-30,2.55000000,2.54000000
2016-08-31,2.53000000,2.53000000
2016-09-01,2.53000000,2.54000000
2016-09-02,2.59000000,2.57000000
2016-09-06,2.59000000,2.62000000
2016-09-07,2.63000000,2.63000000
2016-09-08,2.60000000,2.58000000
2016-09-09,2.52000000,2.38000000
2016-09-12,2.35000000,2.51000000
2016-09-13,2.47000000,2.45000000
2016-09-14,2.45000000,2.48000000
2016-09-15,2.48000000,2.59000000
2016-09-16,2.59000000,2.59000000
2016-09-19,2.61000000,2.56000000
2016-09-20,2.58000000,2.57000000
2016-09-21,2.60000000,2.65000000
2016-09-22,2.70000000,2.71000000
2016-09-23,2.70000000,2.66000000
2016-09-26,2.61000000,2.59000000
2016-09-27,2.59000000,2.67000000
2016-09-28,2.68000000,2.68000000
2016-09-29,2.67000000,2.62000000
2016-09-30,2.65000000,2.68000000
2016-10-03,2.67000000,2.67000000
2016-10-04,2.69000000,2.66000000
2016-10-05,2.68000000,2.69000000
2016-10-06,2.68000000,2.68000000
2016-10-07,2.69000000,2.66000000
2016-10-10,2.70000000,2.71000000
2016-10-11,2.71000000,2.60000000
2016-10-12,2.60000000,2.59000000
2016-10-13,2.54000000,2.56000000
2016-10-14,2.60000000,2.57000000
2016-10-17,2.57000000,2.55000000
2016-10-18,2.64000000,2.62000000
2016-10-19,2.61000000,2.62000000
2016-10-20,2.61000000,2.61000000
2016-10-21,2.61000000,2.64000000
2016-10-24,2.69000000,2.73000000
2016-10-25,2.73000000,2.70000000
2016-10-26,2.65000000,2.65000000
2016-10-27,2.68000000,2.62000000
2016-10-28,2.59000000,2.57000000
2016-10-31,2.59000000,2.56000000
2016-11-01,2.57000000,2.50000000
2016-11-02,2.49000000,2.44000000
2016-11-03,2.43000000,2.37000000
2016-11-04,2.35000000,2.34000000
2016-11-07,2.45000000,2.51000000
2016-11-08,2.50000000,2.56000000
2016-11-09,2.47000000,2.59000000
2016-11-10,2.62000000,2.47000000
2016-11-11,2.43000000,2.47000000
2016-11-14,2.47000000,2.38000000
2016-11-15,2.44000000,2.49000000
2016-11-16,2.46000000,2.54000000
2016-11-17,2.53000000,2.59000000
2016-11-18,2.60000000,2.57000000
2016-11-21,2.58000000,2.64000000
2016-11-22,2.67000000,2.67000000
2016-11-23,2.64000000,2.63000000
2016-11-25,2.65000000,2.66000000
2016-11-28,2.65000000,2.64000000
2016-11-29,2.65000000,2.67000000
2016-11-30,2.68000000,2.58000000
2016-12-01,2.57000000,2.44000000
2016-12-02,2.44000000,2.45000000
2016-12-05,2.49000000,2.51000000
2016-12-06,2.53000000,2.53000000
2016-12-07,2.51000000,2.62000000
2016-12-08,2.63000000,2.64000000
2016-12-09,2.67000000,2.70000000
2016-12-12,2.66000000,2.66000000
2016-12-13,2.69000000,2.76000000
2016-12-14,2.77000000,2.74000000
2016-12-15,2.75000000,2.76000000
2016-12-16,2.77000000,2.73000000
2016-12-19,2.74000000,2.76000000
2016-12-20,2.78000000,2.79000000
2016-12-21,2.79000000,2.78000000
2016-12-22,2.79000000,2.76000000
2016-12-23,2.75000000,2.77000000
2016-12-27,2.78000000,2.81000000
2016-12-28,2.83000000,2.74000000
2016-12-29,2.74000000,2.73000000
2016-12-30,2.75000000,2.65000000
2017-01-03,2.70000000,2.71000000
2017-01-04,2.73000000,2.76000000
2017-01-05,2.76000000,2.81000000
2017-01-06,2.82000000,2.88000000
2017-01-09,2.89000000,2.91000000
2017-01-10,2.91000000,2.93000000
2017-01-11,2.93000000,2.95000000
2017-01-12,2.92000000,2.93000000
2017-01-13,2.94000000,2.97000000
2017-01-17,2.94000000,2.94000000
2017-01-18,2.95000000,2.96000000
2017-01-19,2.97000000,2.95000000
2017-01-20,2.99000000,2.97000000
2017-01-23,2.96000000,2.98000000
2017-01-24,2.99000000,3.04000000
2017-01-25,3.10000000,3.13000000
2017-01-26,3.14000000,3.14000000
2017-01-27,3.16000000,3.16000000
2017-01-30,3.12000000,3.09000000
2017-01-31,3.05000000,3.07000000
2017-02-01,3.13000000,3.13000000
2017-02-02,3.11000000,3.12000000
2017-02-03,3.13000000,3.15000000
2017-02-06,3.13000000,3.16000000
2017-02-07,3.17000000,3.19000000
2017-02-08,3.18000000,3.21000000
2017-02-09,3.22000000,3.24000000
2017-02-10,3.26000000,3.27000000
2017-02-13,3.30000000,3.33000000
2017-02-14,3.33000000,3.36000000
2017-02-15,3.36000000,3.42000000
2017-02-16,3.43000000,3.42000000
2017-02-17,3.40000000,3.46000000
2017-02-21,3.48000000,3.51000000
2017-02-22,3.50000000,3.52000000
2017-02-23,3.53000000,3.48000000
2017-02-24,3.43000000,3.50000000
2017-02-27,3.48000000,3.51000000
2017-02-28,3.51000000,3.48000000
2017-03-01,3.54000000,3.59000000
2017-03-02,3.59000000,3.53000000
2017-03-03,3.53000000,3.55000000
2017-03-06,3.51000000,3.53000000
2017-03-07,3.51000000,3.51000000
2017-03-08,3.52000000,3.53000000
2017-03-09,3.53000000,3.54000000
2017-03-10,3.59000000,3.58000000
2017-03-13,3.58000000,3.60000000
2017-03-14,3.57000000,3.57000000
2017-03-15,3.60000000,3.64000000
2017-03-16,3.66000000,3.63000000
2017-03-17,3.64000000,3.62000000
2017-03-20,3.62000000,3.64000000
2017-03-21,3.68000000,3.47000000
2017-03-22,3.48000000,3.54000000
2017-03-23,3.53000000,3.51000000
2017-03-24,3.55000000,3.53000000
2017-03-27,3.46000000,3.55000000
2017-03-28,3.55000000,3.62000000
2017-03-29,3.62000000,3.67000000
2017-03-30,3.66000000,3.68000000
2017-03-31,3.67000000,3.68000000
2017-04-03,3.69000000,3.67000000
2017-04-04,3.64000000,3.68000000
2017-04-05,3.70000000,3.64000000
2017-04-06,3.65000000,3.64000000
2017-04-07,3.64000000,3.64000000
2017-04-10,3.65000000,3.64000000
2017-04-11,3.63000000,3.60000000
2017-04-12,3.59000000,3.55000000
2017-04-13,3.54000000,3.51000000
2017-04-17,3.54000000,3.59000000
2017-04-18,3.56000000,3.58000000
2017-04-19,3.62000000,3.59000000
2017-04-20,3.64000000,3.68000000
2017-04-21,3.69000000,3.68000000
2017-04-24,3.80000000,3.81000000
2017-04-25,3.85000000,3.90000000
2017-04-26,3.90000000,3.88000000
2017-04-27,3.91000000,3.95000000
2017-04-28,4.00000000,3.97000000
2017-05-01,4.01000000,4.07000000
2017-05-02,4.09000000,4.10000000
2017-05-03,4.07000000,4.06000000
2017-05-04,4.06000000,4.06000000
2017-05-05,4.09000000,4.10000000
2017-05-08,4.11000000,4.13000000
2017-05-09,4.15000000,4.17000000
2017-05-10,4.18000000,4.18000000
2017-05-11,4.15000000,4.17000000
2017-05-12,4.18000000,4.20000000
2017-05-15,4.20000000,4.24000000
2017-05-16,4.27000000,4.29000000
2017-05-17,4.19000000,3.97000000
2017-05-18,3.96000000,4.07000000
2017-05-19,4.11000000,4.12000000
2017-05-22,4.14000000,4.22000000
2017-05-23,4.26000000,4.23000000
2017-05-24,4.27000000,4.29000000
2017-05-25,4.34000000,4.40000000
2017-05-26,4.40000000,4.42000000
2017-05-30,4.41000000,4.43000000
2017-05-31,4.47000000,4.43000000
2017-06-01,4.45000000,4.48000000
2017-06-02,4.52000000,4.63000000
2017-06-05,4.63000000,4.63000000
2017-06-06,4.61000000,4.58000000
2017-06-07,4.61000000,4.63000000
2017-06-08,4.65000000,4.64000000
2017-06-09,4.65000000,4.30000000
2017-06-12,4.18000000,4.22000000
2017-06-13,4.29000000,4.32000000
2017-06-14,4.37000000,4.27000000
2017-06-15,4.14000000,4.21000000
2017-06-16,4.20000000,4.16000000
2017-06-19,4.27000000,4.36000000
2017-06-20,4.35000000,4.26000000
2017-06-21,4.29000000,4.38000000
2017-06-22,4.40000000,4.38000000
2017-06-23,4.36000000,4.43000000
2017-06-26,4.50000000,4.37000000
2017-06-27,4.32000000,4.13000000
2017-06-28,4.17000000,4.30000000
2017-06-29,4.25000000,4.08000000
2017-06-30,4.12000000,4.07000000
2017-07-03,4.14000000,3.96000000
2017-07-05,3.99000000,4.07000000
2017-07-06,3.98000000,3.96000000
2017-07-07,4.00000000,4.08000000
2017-07-10,4.10000000,4.17000000
2017-07-11,4.15000000,4.20000000
2017-07-12,4.31000000,4.35000000
2017-07-13,4.37000000,4.38000000
2017-07-14,4.43000000,4.48000000
2017-07-17,4.50000000,4.49000000
2017-07-18,4.48000000,4.57000000
2017-07-19,4.61000000,4.66000000
2017-07-20,4.69000000,4.68000000
2017-07-21,4.62000000,4.67000000
2017-07-24,4.67000000,4.73000000
2017-07-25,4.69000000,4.70000000
2017-07-26,4.73000000,4.74000000
2017-07-27,4.84000000,4.66000000
2017-07-28,4.57000000,4.64000000
2017-07-31,4.68000000,4.58000000
2017-08-01,4.63000000,4.61000000
2017-08-02,4.70000000,4.64000000
2017-08-03,4.66000000,4.60000000
2017-08-04,4.62000000,4.61000000
2017-08-07,4.64000000,4.70000000
2017-08-08,4.67000000,4.68000000
2017-08-09,4.56000000,4.66000000
2017-08-10,4.58000000,4.36000000
2017-08-11,4.38000000,4.46000000
2017-08-14,4.56000000,4.63000000
2017-08-15,4.66000000,4.64000000
2017-08-16,4.67000000,4.66000000
2017-08-17,4.61000000,4.38000000
2017-08-18,4.38000000,4.36000000
2017-08-21,4.37000000,4.35000000
2017-08-22,4.42000000,4.55000000
2017-08-23,4.47000000,4.50000000
2017-08-24,4.53000000,4.46000000
2017-08-25,4.50000000,4.43000000
2017-08-28,4.47000000,4.47000000
2017-08-29,4.35000000,4.52000000
2017-08-30,4.53000000,4.68000000
2017-08-31,4.72000000,4.81000000
2017-09-01,4.85000000,4.81000000
2017-09-05,4.76000000,4.68000000
2017-09-06,4.72000000,4.72000000
2017-09-07,4.75000000,4.75000000
2017-09-08,4.73000000,4.63000000
2017-09-11,4.74000000,4.78000000
2017-09-12,4.82000000,4.82000000
2017-09-13,4.79000000,4.84000000
2017-09-14,4.79000000,4.76000000
2017-09-15,4.75000000,4.80000000
2017-09-18,4.82000000,4.78000000
2017-09-19,4.81000000,4.80000000
2017-09-20,4.80000000,4.76000000
2017-09-21,4.75000000,4.67000000
2017-09-22,4.63000000,4.66000000
2017-09-25,4.60000000,4.52000000
2017-09-26,4.58000000,4.55000000
2017-09-27,4.62000000,4.67000000
2017-09-28,4.64000000,4.66000000
2017-09-29,4.69000000,4.76000000
2017-10-02,4.78000000,4.77000000
2017-10-03,4.79000000,4.80000000
2017-10-04,4.78000000,4.82000000
2017-10-05,4.87000000,4.95000000
2017-10-06,4.91000000,4.97000000
2017-10-09,5.00000000,4.96000000
2017-10-10,5.01000000,4.97000000
2017-10-11,4.96000000,5.01000000
2017-10-12,4.99000000,4.99000000
2017-10-13,5.04000000,5.04000000
2017-10-16,5.08000000,5.09000000
2017-10-17,5.09000000,5.11000000
2017-10-18,5.13000000,5.09000000
2017-10-19,5.01000000,5.04000000
2017-10-20,5.10000000,5.07000000
2017-10-23,5.11000000,4.98000000
2017-10-24,5.00000000,5.00000000
2017-10-25,4.97000000,4.94000000
2017-10-26,4.94000000,4.90000000
2017-10-27,5.13000000,5.32000000
2017-10-30,5.31000000,5.36000000
2017-10-31,5.41000000,5.41000000
2017-11-01,5.48000000,5.41000000
2017-11-02,5.39000000,5.38000000
2017-11-03,5.44000000,5.53000000
2017-11-06,5.52000000,5.59000000
2017-11-07,5.57000000,5.60000000
2017-11-08,5.59000000,5.67000000
2017-11-09,5.53000000,5.57000000
2017-11-10,5.54000000,5.57000000
2017-11-13,5.51000000,5.59000000
2017-11-14,5.53000000,5.53000000
2017-11-15,5.46000000,5.45000000
2017-11-16,5.54000000,5.66000000
2017-11-17,5.66000000,5.59000000
2017-11-20,5.60000000,5.58000000
2017-11-21,5.66000000,5.75000000
2017-11-22,5.78000000,5.78000000
2017-11-24,5.80000000,5.84000000
2017-11-27,5.84000000,5.83000000
2017-11-28,5.87000000,5.88000000
2017-11-29,5.86000000,5.57000000
2017-11-30,5.64000000,5.71000000
2017-12-01,5.60000000,5.64000000
2017-12-04,5.75000000,5.44000000
2017-12-05,5.43000000,5.45000000
2017-12-06,5.39000000,5.52000000
2017-12-07,5.52000000,5.58000000
2017-12-08,5.70000000,5.65000000
2017-12-11,5.66000000,5.78000000
2017-12-12,5.77000000,5.76000000
2017-12-13,5.82000000,5.79000000
2017-12-14,5.82000000,5.78000000
2017-12-15,5.85000000,5.97000000
2017-12-18,6.08000000,6.12000000
2017-12-19,6.09000000,6.02000000
2017-12-20,6.08000000,5.99000000
2017-12-21,6.02000000,5.99000000
2017-12-22,5.97000000,5.97000000
2017-12-26,5.88000000,5.88000000
2017-12-27,5.88000000,5.88000000
2017-12-28,5.93000000,5.89000000
2017-12-29,5.91000000,5.78000000
2018-01-02,5.87000000,6.08000000
2018-01-03,6.10000000,6.25000000
2018-01-04,6.33000000,6.29000000
2018-01-05,6.38000000,6.48000000
2018-01-08,6.48000000,6.55000000
2018-01-09,6.59000000,6.56000000
2018-01-10,6.47000000,6.51000000
2018-01-11,6.54000000,6.64000000
2018-01-12,6.62000000,6.78000000
2018-01-16,6.92000000,6.73000000
2018-01-17,6.82000000,6.94000000
2018-01-18,6.91000000,6.95000000
2018-01-19,7.01000000,7.02000000
2018-01-22,7.00000000,7.23000000
2018-01-23,7.30000000,7.42000000
2018-01-24,7.46000000,7.27000000
2018-01-25,7.42000000,7.26000000
2018-01-26,7.37000000,7.58000000
2018-01-29,7.54000000,7.48000000
2018-01-30,7.27000000,7.29000000
2018-01-31,7.42000000,7.38000000
2018-02-01,7.22000000,7.20000000
2018-02-02,7.12000000,6.76000000
2018-02-05,6.57000000,5.98000000
2018-02-06,5.70000000,6.44000000
2018-02-07,6.38000000,6.18000000
2018-02-08,6.25000000,5.42000000
2018-02-09,5.63000000,5.67000000
2018-02-12,5.87000000,5.99000000
2018-02-13,5.88000000,6.06000000
2018-02-14,5.97000000,6.42000000
2018-02-15,6.58000000,6.75000000
2018-02-16,6.70000000,6.68000000
2018-02-20,6.60000000,6.71000000
2018-02-21,6.81000000,6.65000000
2018-02-22,6.75000000,6.65000000
2018-02-23,6.80000000,7.05000000
2018-02-26,7.16000000,7.33000000
2018-02-27,7.34000000,7.07000000
2018-02-28,7.19000000,6.93000000
2018-03-01,6.94000000,6.59000000
2018-03-02,6.36000000,6.77000000
2018-03-05,6.68000000,6.99000000
2018-03-06,7.09000000,7.07000000
2018-03-07,6.92000000,7.13000000
2018-03-08,7.21000000,7.23000000
2018-03-09,7.40000000,7.66000000
2018-03-12,7.73000000,7.77000000
2018-03-13,7.89000000,7.49000000
2018-03-14,7.58000000,7.46000000
2018-03-15,7.48000000,7.43000000
2018-03-16,7.47000000,7.38000000
2018-03-19,7.19000000,6.92000000
2018-03-20,6.92000000,6.97000000
2018-03-21,6.92000000,6.87000000
2018-03-22,6.60000000,6.36000000
2018-03-23,6.34000000,5.85000000
2018-03-26,6.21000000,6.51000000
2018-03-27,6.66000000,5.88000000
2018-03-28,5.78000000,5.68000000
2018-03-29,5.77000000,6.00000000
2018-04-02,5.85000000,5.46000000
2018-04-03,5.61000000,5.65000000
2018-04-04,5.32000000,5.91000000
2018-04-05,6.09000000,6.01000000
2018-04-06,5.82000000,5.56000000
2018-04-09,5.71000000,5.67000000
2018-04-10,5.94000000,6.04000000
2018-04-11,5.94000000,5.94000000
2018-04-12,6.06000000,6.15000000
2018-04-13,6.25000000,6.06000000
2018-04-16,6.18000000,6.19000000
2018-04-17,6.38000000,6.59000000
2018-04-18,6.60000000,6.64000000
2018-04-19,6.54000000,6.46000000
2018-04-20,6.41000000,6.15000000
2018-04-23,6.23000000,6.10000000
2018-04-24,6.18000000,5.71000000
2018-04-25,5.74000000,5.73000000
2018-04-26,5.95000000,6.09000000
2018-04-27,6.35000000,6.10000000
2018-04-30,6.14000000,5.97000000
2018-05-01,5.92000000,6.17000000
2018-05-02,6.21000000,6.06000000
2018-05-03,5.98000000,6.06000000
2018-05-04,5.98000000,6.40000000
2018-05-07,6.49000000,6.55000000
2018-05-08,6.52000000,6.53000000
2018-05-09,6.57000000,6.75000000
2018-05-10,6.81000000,6.96000000
2018-05-11,6.92000000,6.94000000
2018-05-14,6.98000000,6.97000000
2018-05-15,6.80000000,6.74000000
2018-05-16,6.76000000,6.87000000
2018-05-17,6.80000000,6.79000000
2018-05-18,6.71000000,6.68000000
2018-05-21,6.83000000,6.80000000
2018-05-22,6.88000000,6.76000000
2018-05-23,6.61000000,6.93000000
2018-05-24,6.93000000,6.93000000
2018-05-25,6.93000000,6.94000000
2018-05-29,6.85000000,6.86000000
2018-05-30,6.93000000,7.00000000
2018-05-31,6.99000000,6.99000000
2018-06-01,7.08000000,7.31000000
2018-06-04,7.36000000,7.50000000
2018-06-05,7.56000000,7.58000000
2018-06-06,7.60000000,7.70000000
2018-06-07,7.71000000,7.52000000
2018-06-08,7.40000000,7.52000000
2018-06-11,7.50000000,7.58000000
2018-06-12,7.61000000,7.70000000
2018-06-13,7.72000000,7.69000000
2018-06-14,7.80000000,7.92000000
2018-06-15,7.83000000,7.84000000
2018-06-18,7.69000000,7.82000000
2018-06-19,7.52000000,7.76000000
2018-06-20,7.86000000,7.92000000
2018-06-21,7.97000000,7.71000000
2018-06-22,7.79000000,7.64000000
2018-06-25,7.45000000,7.15000000
2018-06-26,7.22000000,7.23000000
2018-06-27,7.32000000,6.94000000
2018-06-28,6.90000000,7.11000000
2018-06-29,7.21000000,7.14000000
2018-07-02,6.96000000,7.30000000
2018-07-03,7.38000000,7.05000000
2018-07-05,7.19000000,7.31000000
2018-07-06,7.35000000,7.64000000
2018-07-09,7.76000000,7.85000000
2018-07-10,7.88000000,7.87000000
2018-07-11,7.69000000,7.75000000
2018-07-12,7.85000000,8.13000000
2018-07-13,8.14000000,8.16000000
2018-07-16,8.16000000,8.10000000
2018-07-17,7.85000000,8.25000000
2018-07-18,8.25000000,8.20000000
2018-07-19,8.12000000,8.08000000
2018-07-20,8.15000000,8.07000000
2018-07-23,8.00000000,8.14000000
2018-07-24,8.39000000,8.24000000
2018-07-25,8.25000000,8.59000000
2018-07-26,8.24000000,8.21000000
2018-07-27,8.35000000,7.87000000
2018-07-30,7.87000000,7.53000000
2018-07-31,7.61000000,7.68000000
2018-08-01,7.75000000,7.78000000
2018-08-02,7.61000000,8.09000000
2018-08-03,8.14000000,8.17000000
2018-08-06,8.16000000,8.32000000
2018-08-07,8.38000000,8.40000000
2018-08-08,8.37000000,8.42000000
2018-08-09,8.41000000,8.41000000
2018-08-10,8.24000000,8.22000000
2018-08-13,8.26000000,8.19000000
2018-08-14,8.28000000,8.34000000
2018-08-15,8.15000000,8.04000000
2018-08-16,8.22000000,8.11000000
2018-08-17,8.05000000,8.11000000
2018-08-20,8.17000000,8.10000000
2018-08-21,8.17000000,8.18000000
2018-08-22,8.13000000,8.27000000
2018-08-23,8.23000000,8.23000000
2018-08-24,8.32000000,8.46000000
2018-08-27,8.60000000,8.72000000
2018-08-28,8.79000000,8.76000000
2018-08-29,8.80000000,9.06000000
2018-08-30,9.01000000,9.01000000
2018-08-31,8.98000000,9.04000000
2018-09-04,8.96000000,8.93000000
2018-09-05,8.88000000,8.57000000
2018-09-06,8.59000000,8.34000000
2018-09-07,8.17000000,8.26000000
2018-09-10,8.39000000,8.33000000
2018-09-11,8.22000000,8.52000000
2018-09-12,8.48000000,8.44000000
2018-09-13,8.59000000,8.69000000
2018-09-14,8.72000000,8.63000000
2018-09-17,8.58000000,8.26000000
2018-09-18,8.28000000,8.46000000
2018-09-19,8.46000000,8.44000000
2018-09-20,8.60000000,8.70000000
2018-09-21,8.78000000,8.57000000
2018-09-24,8.39000000,8.64000000
2018-09-25,8.62000000,8.68000000
2018-09-26,8.68000000,8.67000000
2018-09-27,8.80000000,8.91000000
2018-09-28,8.83000000,8.89000000
2018-10-01,9.06000000,8.94000000
2018-10-02,8.92000000,8.89000000
2018-10-03,9.00000000,8.92000000
2018-10-04,8.81000000,8.41000000
2018-10-05,8.40000000,8.09000000
2018-10-08,7.98000000,7.95000000
2018-10-09,7.96000000,8.01000000
2018-10-10,7.87000000,6.97000000
2018-10-11,6.88000000,6.69000000
2018-10-12,7.22000000,7.25000000
2018-10-15,7.18000000,6.98000000
2018-10-16,7.20000000,7.58000000
2018-10-17,7.71000000,7.61000000
2018-10-18,7.51000000,7.08000000
2018-10-19,7.22000000,7.05000000
2018-10-22,7.18000000,7.16000000
2018-10-23,6.77000000,7.08000000
2018-10-24,7.05000000,6.11000000
2018-10-25,6.39000000,6.74000000
2018-10-26,6.05000000,6.22000000
2018-10-29,6.50000000,5.89000000
2018-10-30,5.78000000,6.11000000
2018-10-31,6.41000000,6.53000000
2018-11-01,6.58000000,6.81000000
2018-11-02,6.74000000,6.51000000
2018-11-05,6.51000000,6.44000000
2018-11-06,6.43000000,6.58000000
2018-11-07,6.81000000,7.18000000
2018-11-08,7.10000000,7.06000000
2018-11-09,6.86000000,6.70000000
2018-11-12,6.56000000,6.11000000
2018-11-13,6.18000000,6.11000000
2018-11-14,6.28000000,5.96000000
2018-11-15,5.92000000,6.28000000
2018-11-16,6.09000000,6.21000000
2018-11-19,6.11000000,5.61000000
2018-11-20,5.22000000,5.30000000
2018-11-21,5.50000000,5.42000000
2018-11-23,5.28000000,5.30000000
2018-11-26,5.52000000,5.66000000
2018-11-27,5.58000000,5.72000000
2018-11-28,5.85000000,6.26000000
2018-11-29,6.19000000,6.21000000
2018-11-30,6.23000000,6.34000000
2018-12-03,6.76000000,6.66000000
2018-12-04,6.57000000,5.93000000
2018-12-06,5.55000000,6.01000000
2018-12-07,5.95000000,5.43000000
2018-12-10,5.39000000,5.60000000
2018-12-11,5.87000000,5.66000000
2018-12-12,5.90000000,5.80000000
2018-12-13,5.91000000,5.80000000
2018-12-14,5.61000000,5.36000000
2018-12-17,5.31000000,5.02000000
2018-12-18,5.14000000,5.10000000
2018-12-19,5.09000000,4.73000000
2018-12-20,4.68000000,4.54000000
2018-12-21,4.58000000,4.10000000
2018-12-24,4.00000000,3.80000000
2018-12-26,3.91000000,4.48000000
2018-12-27,4.32000000,4.55000000
2018-12-28,4.63000000,4.53000000
2018-12-31,4.67000000,4.63000000
2019-01-02,4.35000000,4.70000000
2019-01-03,4.50000000,4.24000000
2019-01-04,4.44000000,4.78000000
2019-01-07,4.81000000,4.94000000
2019-01-08,5.09000000,5.08000000
2019-01-09,5.14000000,5.20000000
2019-01-10,5.08000000,5.25000000
2019-01-11,5.16000000,5.19000000
2019-01-14,5.05000000,5.05000000
2019-01-15,5.12000000,5.33000000
2019-01-16,5.37000000,5.34000000
2019-01-17,5.29000000,5.46000000
2019-01-18,5.59000000,5.61000000
2019-01-22,5.50000000,5.30000000
2019-01-23,5.37000000,5.31000000
2019-01-24,5.35000000,5.40000000
2019-01-25,5.53000000,5.59000000
2019-01-28,5.38000000,5.39000000
2019-01-29,5.40000000,5.24000000
2019-01-30,5.41000000,5.63000000
2019-01-31,5.73000000,5.88000000
2019-02-01,5.79000000,5.80000000
2019-02-04,5.81000000,6.01000000
2019-02-05,6.05000000,6.17000000
2019-02-06,6.18000000,6.12000000
2019-02-07,5.96000000,5.87000000
2019-02-08,5.71000000,5.90000000
2019-02-11,5.97000000,5.89000000
2019-02-12,6.02000000,6.14000000
2019-02-13,6.23000000,6.16000000
2019-02-14,6.09000000,6.18000000
2019-02-15,6.31000000,6.25000000
2019-02-19,6.20000000,6.29000000
2019-02-20,6.31000000,6.29000000
2019-02-21,6.23000000,6.22000000
2019-02-22,6.26000000,6.35000000
2019-02-25,6.50000000,6.42000000
2019-02-26,6.37000000,6.44000000
2019-02-27,6.35000000,6.42000000
2019-02-28,6.36000000,6.38000000
2019-03-01,6.51000000,6.51000000
2019-03-04,6.62000000,6.51000000
2019-03-05,6.52000000,6.53000000
2019-03-06,6.54000000,6.41000000
2019-03-07,6.36000000,6.18000000
2019-03-08,5.97000000,6.14000000
2019-03-11,6.22000000,6.53000000
2019-03-12,6.58000000,6.63000000
2019-03-13,6.73000000,6.78000000
2019-03-14,6.79000000,6.75000000
2019-03-15,6.83000000,6.91000000
2019-03-18,6.92000000,6.98000000
2019-03-19,7.07000000,7.05000000
2019-03-20,7.04000000,7.13000000
2019-03-21,7.06000000,7.46000000
2019-03-22,7.36000000,6.97000000
2019-03-25,6.88000000,6.93000000
2019-03-26,7.09000000,7.02000000
2019-03-27,7.05000000,6.88000000
2019-03-28,6.93000000,6.93000000
2019-03-29,7.08000000,7.08000000
2019-04-01,7.29000000,7.36000000
2019-04-02,7.39000000,7.44000000
2019-04-03,7.57000000,7.57000000
2019-04-04,7.57000000,7.56000000
2019-04-05,7.63000000,7.67000000
2019-04-08,7.64000000,7.73000000
2019-04-09,7.66000000,7.65000000
2019-04-10,7.68000000,7.77000000
2019-04-11,7.80000000,7.71000000
2019-04-12,7.81000000,7.81000000
2019-04-15,7.81000000,7.82000000
2019-04-16,7.89000000,7.89000000
2019-04-17,8.05000000,7.97000000
2019-04-18,8.01000000,7.99000000
2019-04-22,7.89000000,8.06000000
2019-04-23,8.13000000,8.37000000
2019-04-24,8.39000000,8.29000000
2019-04-25,8.47000000,8.38000000
2019-04-26,8.35000000,8.41000000
2019-04-29,8.41000000,8.45000000
2019-04-30,8.25000000,8.26000000
2019-05-01,8.41000000,8.17000000
2019-05-02,8.17000000,8.07000000
2019-05-03,8.27000000,8.45000000
2019-05-06,7.91000000,8.30000000
2019-05-07,8.03000000,7.81000000
2019-05-08,7.73000000,7.74000000
2019-05-09,7.49000000,7.62000000
2019-05-10,7.53000000,7.64000000
2019-05-13,7.06000000,6.85000000
2019-05-14,6.95000000,7.07000000
2019-05-15,6.93000000,7.36000000
2019-05-16,7.38000000,7.59000000
2019-05-17,7.36000000,7.36000000
2019-05-20,7.05000000,6.99000000
2019-05-21,7.16000000,7.20000000
2019-05-22,7.07000000,7.10000000
2019-05-23,6.86000000,6.77000000
2019-05-24,6.88000000,6.76000000
2019-05-28,6.82000000,6.68000000
2019-05-29,6.56000000,6.52000000
2019-05-30,6.57000000,6.59000000
2019-05-31,6.36000000,6.28000000
2019-06-03,6.23000000,5.88000000
2019-06-04,6.05000000,6.35000000
2019-06-05,6.54000000,6.49000000
2019-06-06,6.53000000,6.64000000
2019-06-07,6.75000000,7.02000000
2019-06-10,7.17000000,7.28000000
2019-06-11,7.51000000,7.30000000
2019-06-12,7.24000000,7.18000000
2019-06-13,7.27000000,7.30000000
2019-06-14,7.18000000,7.20000000
2019-06-17,7.25000000,7.34000000
2019-06-18,7.59000000,7.65000000
2019-06-19,7.69000000,7.74000000
2019-06-20,8.06000000,7.95000000
2019-06-21,7.91000000,7.92000000
2019-06-24,7.96000000,7.92000000
2019-06-25,7.90000000,7.51000000
2019-06-26,7.65000000,7.61000000
2019-06-27,7.69000000,7.69000000
2019-06-28,7.75000000,7.72000000
2019-07-01,8.16000000,8.03000000
2019-07-02,8.02000000,8.13000000
2019-07-03,8.18000000,8.31000000
2019-07-05,8.14000000,8.25000000
2019-07-08,8.10000000,8.08000000
2019-07-09,7.96000000,8.20000000
2019-07-10,8.35000000,8.44000000
2019-07-11,8.48000000,8.42000000
2019-07-12,8.44000000,8.56000000
2019-07-15,8.62000000,8.63000000
2019-07-16,8.61000000,8.51000000
2019-07-17,8.52000000,8.39000000
2019-07-18,8.26000000,8.42000000
2019-07-19,8.59000000,8.22000000
2019-07-22,8.28000000,8.41000000
2019-07-23,8.55000000,8.57000000
2019-07-24,8.48000000,8.76000000
2019-07-25,8.67000000,8.51000000
2019-07-26,8.66000000,8.76000000
2019-07-29,8.74000000,8.68000000
2019-07-30,8.48000000,8.56000000
2019-07-31,8.63000000,8.20000000
2019-08-01,8.24000000,8.09000000
2019-08-02,7.90000000,7.72000000
2019-08-05,7.24000000,6.91000000
2019-08-06,7.09000000,7.19000000
2019-08-07,6.95000000,7.29000000
2019-08-08,7.41000000,7.78000000
2019-08-09,7.66000000,7.55000000
2019-08-12,7.41000000,7.29000000
2019-08-13,7.28000000,7.77000000
2019-08-14,7.39000000,7.08000000
2019-08-15,7.11000000,7.05000000
2019-08-16,7.22000000,7.37000000
2019-08-19,7.68000000,7.72000000
2019-08-20,7.68000000,7.56000000
2019-08-21,7.75000000,7.75000000
2019-08-22,7.80000000,7.68000000
2019-08-23,7.52000000,6.97000000
2019-08-26,7.19000000,7.26000000
2019-08-27,7.41000000,7.21000000
2019-08-28,7.14000000,7.28000000
2019-08-29,7.55000000,7.61000000
2019-08-30,7.74000000,7.56000000
2019-09-03,7.41000000,7.34000000
2019-09-04,7.55000000,7.65000000
2019-09-05,7.90000000,8.07000000
2019-09-06,8.11000000,8.05000000
2019-09-09,8.12000000,8.00000000
2019-09-10,7.87000000,7.93000000
2019-09-11,7.97000000,8.15000000
2019-09-12,8.30000000,8.25000000
2019-09-13,8.21000000,8.16000000
2019-09-16,8.00000000,8.05000000
2019-09-17,8.05000000,8.15000000
2019-09-18,8.11000000,8.15000000
2019-09-19,8.19000000,8.19000000
2019-09-20,8.22000000,7.93000000
2019-09-23,7.91000000,7.93000000
2019-09-24,8.04000000,7.62000000
2019-09-25,7.59000000,7.86000000
2019-09-26,7.84000000,7.79000000
2019-09-27,7.82000000,7.50000000
2019-09-30,7.57000000,7.70000000
2019-10-01,7.79000000,7.52000000
2019-10-02,7.37000000,7.13000000
2019-10-03,7.13000000,7.37000000
2019-10-04,7.46000000,7.68000000
2019-10-07,7.61000000,7.61000000
2019-10-08,7.45000000,7.26000000
2019-10-09,7.45000000,7.48000000
2019-10-10,7.48000000,7.64000000
2019-10-11,7.90000000,7.93000000
2019-10-14,7.91000000,7.94000000
2019-10-15,8.01000000,8.24000000
2019-10-16,8.15000000,8.18000000
2019-10-17,8.32000000,8.23000000
2019-10-18,8.20000000,8.00000000
2019-10-21,8.13000000,8.21000000
2019-10-22,8.30000000,8.02000000
2019-10-23,7.96000000,8.06000000
2019-10-24,8.23000000,8.29000000
2019-10-25,8.16000000,8.48000000
2019-10-28,8.61000000,8.74000000
2019-10-29,8.69000000,8.53000000
2019-10-30,8.58000000,8.65000000
2019-10-31,8.72000000,8.66000000
2019-11-01,8.78000000,8.90000000
2019-11-04,9.08000000,9.06000000
2019-11-05,9.10000000,9.07000000
2019-11-06,9.04000000,9.01000000
2019-11-07,9.15000000,9.10000000
2019-11-08,9.05000000,9.21000000
2019-11-11,9.07000000,9.17000000
2019-11-12,9.19000000,9.24000000
2019-11-13,9.15000000,9.23000000
2019-11-14,9.15000000,9.23000000
2019-11-15,9.39000000,9.40000000
2019-11-18,9.39000000,9.45000000
2019-11-19,9.56000000,9.49000000
2019-11-20,9.42000000,9.32000000
2019-11-21,9.29000000,9.25000000
2019-11-22,9.32000000,9.27000000
2019-11-25,9.39000000,9.60000000
2019-11-26,9.61000000,9.65000000
2019-11-27,9.72000000,9.85000000
2019-11-29,9.78000000,9.72000000
2019-12-02,9.72000000,9.40000000
2019-12-03,9.04000000,9.19000000
2019-12-04,9.34000000,9.33000000
2019-12-05,9.43000000,9.38000000
2019-12-06,9.59000000,9.67000000
2019-12-09,9.64000000,9.55000000
2019-12-10,9.56000000,9.53000000
2019-12-11,9.59000000,9.67000000
2019-12-12,9.64000000,9.89000000
2019-12-13,9.87000000,9.98000000
2019-12-16,10.18000000,10.27000000
2019-12-17,10.32000000,10.28000000
2019-12-18,10.33000000,10.31000000
2019-12-19,10.33000000,10.52000000
2019-12-20,10.65000000,10.64000000
2019-12-23,10.75000000,10.72000000
2019-12-24,10.74000000,10.73000000
2019-12-26,10.78000000,11.01000000
2019-12-27,11.13000000,10.98000000
2019-12-30,10.97000000,10.76000000
2019-12-31,10.66000000,10.82000000
2020-01-02,11.09000000,11.35000000
2020-01-03,10.91000000,11.05000000
2020-01-06,10.78000000,11.26000000
2020-01-07,11.27000000,11.24000000
2020-01-08,11.24000000,11.50000000
2020-01-09,11.78000000,11.79000000
2020-01-10,11.92000000,11.69000000
2020-01-13,11.84000000,12.10000000
2020-01-14,12.07000000,11.96000000
2020-01-15,11.97000000,11.97000000
2020-01-16,12.14000000,12.30000000
2020-01-17,12.46000000,12.49000000
2020-01-21,12.38000000,12.48000000
2020-01-22,12.65000000,12.57000000
2020-01-23,12.54000000,12.68000000
2020-01-24,12.86000000,12.35000000
2020-01-27,11.53000000,11.59000000
2020-01-28,11.83000000,12.13000000
2020-01-29,12.33000000,12.17000000
2020-01-30,11.95000000,12.31000000
2020-01-31,12.46000000,11.70000000
2020-02-03,11.89000000,12.24000000
2020-02-04,12.75000000,13.08000000
2020-02-05,13.57000000,13.23000000
2020-02-06,13.31000000,13.55000000
2020-02-07,13.37000000,13.38000000
2020-02-10,13.25000000,13.86000000
2020-02-11,14.09000000,13.87000000
2020-02-12,14.11000000,14.28000000
2020-02-13,13.97000000,14.22000000
2020-02-14,14.28000000,14.32000000
2020-02-18,14.11000000,14.34000000
2020-02-19,14.60000000,14.76000000
2020-02-20,14.66000000,14.34000000
2020-02-21,14.13000000,13.52000000
2020-02-24,12.03000000,11.96000000
2020-02-25,12.24000000,10.99000000
2020-02-26,11.16000000,11.14000000
2020-02-27,10.29000000,9.48000000
2020-02-28,8.55000000,9.63000000
2020-03-02,9.91000000,10.94000000
2020-03-03,11.05000000,9.91000000
2020-03-04,10.44000000,11.11000000
2020-03-05,10.28000000,10.14000000
2020-03-06,9.09000000,9.60000000
2020-03-09,7.69000000,7.65000000
2020-03-10,8.50000000,8.85000000
2020-03-11,8.22000000,7.71000000
2020-03-12,6.19000000,5.59000000
2020-03-13,6.53000000,7.11000000
2020-03-16,5.06000000,4.66000000
2020-03-17,4.92000000,5.41000000
2020-03-18,4.54000000,4.91000000
2020-03-19,4.86000000,5.03000000
2020-03-20,5.37000000,4.44000000
2020-03-23,4.49000000,4.45000000
2020-03-24,5.15000000,5.45000000
2020-03-25,5.53000000,5.32000000
2020-03-26,5.48000000,6.18000000
2020-03-27,5.70000000,5.54000000
2020-03-30,5.70000000,6.13000000
2020-03-31,6.08000000,5.95000000
2020-04-01,5.45000000,5.22000000
2020-04-02,5.15000000,5.53000000
2020-04-03,5.48000000,5.30000000
2020-04-06,5.89000000,6.41000000
2020-04-07,6.99000000,6.40000000
2020-04-08,6.59000000,6.81000000
2020-04-09,6.99000000,6.83000000
2020-04-13,6.75000000,7.07000000
2020-04-14,7.51000000,7.99000000
2020-04-15,7.61000000,7.72000000
2020-04-16,7.98000000,8.14000000
2020-04-17,8.46000000,8.34000000
2020-04-20,8.15000000,8.07000000
2020-04-21,7.83000000,7.18000000
2020-04-22,7.63000000,7.81000000
2020-04-23,7.90000000,7.76000000
2020-04-24,7.82000000,8.14000000
2020-04-27,8.40000000,8.30000000
2020-04-28,8.53000000,7.85000000
2020-04-29,8.38000000,8.66000000
2020-04-30,8.80000000,8.72000000
2020-05-01,8.16000000,7.94000000
2020-05-04,7.82000000,8.22000000
2020-05-05,8.47000000,8.48000000
2020-05-06,8.69000000,8.65000000
2020-05-07,8.98000000,8.99000000
2020-05-08,9.19000000,9.35000000
2020-05-11,9.18000000,9.58000000
2020-05-12,9.68000000,9.01000000
2020-05-13,9.07000000,8.67000000
2020-05-14,8.51000000,8.96000000
2020-05-15,8.59000000,9.11000000
2020-05-18,9.50000000,9.64000000
2020-05-19,9.67000000,9.56000000
2020-05-20,9.90000000,10.13000000
2020-05-21,10.15000000,9.81000000
2020-05-22,9.76000000,9.90000000
2020-05-26,10.38000000,9.86000000
2020-05-27,9.76000000,10.00000000
2020-05-28,9.82000000,9.94000000
2020-05-29,10.01000000,10.35000000
2020-06-01,10.26000000,10.47000000
2020-06-02,10.53000000,10.68000000
2020-06-03,10.77000000,10.83000000
2020-06-04,10.78000000,10.61000000
2020-06-05,10.74000000,11.24000000
2020-06-08,11.20000000,11.49000000
2020-06-09,11.36000000,11.74000000
2020-06-10,11.99000000,12.17000000
2020-06-11,11.57000000,10.38000000
2020-06-12,11.04000000,10.60000000
2020-06-15,10.14000000,10.97000000
2020-06-16,11.67000000,11.55000000
2020-06-17,11.77000000,11.67000000
2020-06-18,11.62000000,11.76000000
2020-06-19,12.12000000,11.74000000
2020-06-22,11.74000000,12.16000000
2020-06-23,12.42000000,12.48000000
2020-06-24,12.36000000,11.74000000
2020-06-25,11.74000000,12.05000000
2020-06-26,12.00000000,11.19000000
2020-06-29,11.15000000,11.54000000
2020-06-30,11.54000000,12.21000000
2020-07-01,12.23000000,12.64000000
2020-07-02,13.04000000,12.91000000
2020-07-06,13.41000000,13.86000000
2020-07-07,13.82000000,13.59000000
2020-07-08,13.80000000,14.11000000
2020-07-09,14.43000000,14.46000000
2020-07-10,14.43000000,14.77000000
2020-07-13,15.26000000,13.86000000
2020-07-14,13.45000000,14.15000000
2020-07-15,14.36000000,14.22000000
2020-07-16,13.76000000,13.91000000
2020-07-17,14.02000000,13.98000000
2020-07-20,14.10000000,15.17000000
2020-07-21,15.45000000,14.69000000
2020-07-22,14.77000000,14.85000000
2020-07-23,14.79000000,13.69000000
2020-07-24,13.06000000,13.29000000
2020-07-27,13.57000000,14.00000000
2020-07-28,13.89000000,13.47000000
2020-07-29,13.71000000,13.93000000
2020-07-30,13.61000000,14.16000000
2020-07-31,14.91000000,14.92000000
2020-08-03,15.28000000,15.48000000
2020-08-04,15.41000000,15.68000000
2020-08-05,15.77000000,15.81000000
2020-08-06,15.76000000,16.41000000
2020-08-07,16.33000000,15.87000000
2020-08-10,15.91000000,15.66000000
2020-08-11,15.44000000,14.77000000
2020-08-12,15.14000000,15.88000000
2020-08-13,16.01000000,15.99000000
2020-08-14,16.08000000,15.94000000
2020-08-17,16.23000000,16.47000000
2020-08-18,16.68000000,16.95000000
2020-08-19,16.95000000,16.62000000
2020-08-20,16.47000000,17.30000000
2020-08-21,17.33000000,17.67000000
2020-08-24,18.28000000,17.99000000
2020-08-25,17.85000000,18.41000000
2020-08-26,18.66000000,19.59000000
2020-08-27,19.82000000,19.41000000
2020-08-28,19.66000000,19.71000000
2020-08-31,19.82000000,20.17000000
2020-09-01,20.74000000,21.22000000
2020-09-02,21.93000000,21.82000000
2020-09-03,20.84000000,18.47000000
2020-09-04,18.17000000,17.70000000
2020-09-08,15.62000000,15.20000000
2020-09-09,16.13000000,16.51000000
2020-09-10,17.06000000,15.55000000
2020-09-11,15.88000000,15.21000000
2020-09-14,15.88000000,16.00000000
2020-09-15,16.67000000,16.68000000
2020-09-16,16.82000000,15.88000000
2020-09-17,14.65000000,15.15000000
2020-09-18,15.36000000,14.56000000
2020-09-21,13.90000000,14.73000000
2020-09-22,15.15000000,15.54000000
2020-09-23,15.48000000,14.10000000
2020-09-24,13.71000000,14.31000000
2020-09-25,14.38000000,15.31000000
2020-09-28,16.16000000,16.22000000
2020-09-29,16.18000000,16.05000000
2020-09-30,16.07000000,16.36000000
2020-10-01,17.07000000,17.13000000
2020-10-02,16.01000000,15.72000000
2020-10-05,16.06000000,16.71000000
2020-10-06,16.55000000,15.81000000
2020-10-07,16.27000000,16.64000000
2020-10-08,17.06000000,16.89000000
2020-10-09,17.19000000,17.64000000
2020-10-12,18.55000000,19.28000000
2020-10-13,19.65000000,19.28000000
2020-10-14,19.46000000,18.81000000
2020-10-15,17.88000000,18.42000000
2020-10-16,18.76000000,18.14000000
2020-10-19,18.50000000,17.24000000
2020-10-20,17.37000000,17.35000000
2020-10-21,17.39000000,17.30000000
2020-10-22,17.46000000,17.31000000
2020-10-23,17.43000000,17.41000000
2020-10-26,16.97000000,16.62000000
2020-10-27,16.78000000,17.01000000
2020-10-28,16.18000000,15.02000000
2020-10-29,15.24000000,15.78000000
2020-10-30,15.44000000,14.68000000
2020-11-02,14.97000000,14.69000000
2020-11-03,15.00000000,15.43000000
2020-11-04,16.95000000,17.51000000
2020-11-05,18.71000000,18.86000000
2020-11-06,18.73000000,18.92000000
2020-11-09,19.46000000,17.77000000
2020-11-10,17.14000000,16.81000000
2020-11-11,17.26000000,17.94000000
2020-11-12,18.11000000,17.68000000
2020-11-13,17.97000000,18.14000000
2020-11-16,18.09000000,18.56000000
2020-11-17,18.60000000,18.39000000
2020-11-18,18.28000000,17.96000000
2020-11-19,17.86000000,18.41000000
2020-11-20,18.38000000,18.03000000
2020-11-23,18.23000000,18.04000000
2020-11-24,18.23000000,18.77000000
2020-11-25,18.97000000,19.13000000
2020-11-27,19.50000000,19.65000000
2020-11-30,19.72000000,19.75000000
2020-12-01,20.22000000,20.53000000
2020-12-02,20.28000000,20.61000000
2020-12-03,20.66000000,20.69000000
2020-12-04,20.70000000,20.95000000
2020-12-07,20.99000000,21.30000000
2020-12-08,21.21000000,21.50000000
2020-12-09,21.48000000,20.06000000
2020-12-10,19.63000000,20.31000000
2020-12-11,19.96000000,20.16000000
2020-12-14,20.40000000,20.59000000
2020-12-15,21.07000000,21.23000000
2020-12-16,21.35000000,21.59000000
2020-12-17,21.96000000,22.03000000
2020-12-18,22.19000000,21.79000000
2020-12-21,21.20000000,21.71000000
2020-12-22,21.91000000,21.88000000
2020-12-23,21.88000000,21.55000000
2020-12-24,21.61000000,21.83000000
2020-12-28,22.40000000,22.49000000
2020-12-29,22.79000000,22.55000000
2020-12-30,22.81000000,22.55000000
2020-12-31,22.53000000,22.73000000
2021-01-04,23.01000000,21.73000000
2021-01-05,21.53000000,22.28000000
2021-01-06,21.24000000,21.35000000
2021-01-07,21.92000000,22.90000000
2021-01-08,23.41000000,23.78000000
2021-01-11,23.10000000,22.73000000
2021-01-12,22.76000000,22.64000000
2021-01-13,22.70000000,23.08000000
2021-01-14,23.19000000,22.72000000
2021-01-15,22.68000000,22.17000000
2021-01-19,22.68000000,23.13000000
2021-01-20,23.96000000,24.75000000
2021-01-21,25.06000000,25.36000000
2021-01-22,25.10000000,25.13000000
2021-01-25,25.94000000,25.83000000
2021-01-26,25.93000000,25.85000000
2021-01-27,25.32000000,23.77000000
2021-01-28,23.97000000,24.12000000
2021-01-29,23.73000000,22.62000000
2021-02-01,23.39000000,24.28000000
2021-02-02,24.97000000,25.45000000
2021-02-03,25.98000000,25.16000000
2021-02-04,25.51000000,26.05000000
2021-02-05,26.30000000,26.33000000
2021-02-08,26.74000000,26.84000000
2021-02-09,26.62000000,26.83000000
2021-02-10,27.19000000,26.64000000
2021-02-11,27.04000000,27.07000000
2021-02-12,26.90000000,27.53000000
2021-02-16,27.74000000,27.30000000
2021-02-17,26.56000000,26.92000000
2021-02-18,26.01000000,26.56000000
2021-02-19,26.91000000,26.20000000
2021-02-22,25.14000000,24.17000000
2021-02-23,22.94000000,23.96000000
2021-02-24,23.31000000,24.54000000
2021-02-25,23.91000000,21.98000000
2021-02-26,22.60000000,22.31000000
2021-03-01,23.34000000,24.25000000
2021-03-02,24.39000000,23.09000000
2021-03-03,22.84000000,21.08000000
2021-03-04,20.99000000,20.04000000
2021-03-05,20.57000000,20.94000000
2021-03-08,20.82000000,19.15000000
2021-03-09,20.62000000,21.41000000
2021-03-10,22.32000000,21.22000000
2021-03-11,22.25000000,22.69000000
2021-03-12,21.79000000,22.13000000
2021-03-15,22.20000000,22.84000000
2021-03-16,23.33000000,23.21000000
2021-03-17,22.53000000,23.50000000
2021-03-18,22.40000000,21.35000000
2021-03-19,21.31000000,21.62000000
2021-03-22,22.07000000,22.77000000
2021-03-23,23.01000000,22.48000000
2021-03-24,22.77000000,21.34000000
2021-03-25,20.95000000,21.23000000
2021-03-26,21.18000000,22.16000000
2021-03-29,22.06000000,22.15000000
2021-03-30,21.74000000,21.83000000
2021-03-31,22.20000000,22.82000000
2021-04-01,23.66000000,23.98000000
2021-04-05,24.55000000,25.42000000
2021-04-06,25.34000000,25.35000000
2021-04-07,25.26000000,25.54000000
2021-04-08,26.23000000,26.34000000
2021-04-09,26.00000000,26.82000000
2021-04-12,26.58000000,26.71000000
2021-04-13,27.09000000,27.63000000
2021-04-14,27.70000000,26.66000000
2021-04-15,27.34000000,27.83000000
2021-04-16,27.98000000,27.95000000
2021-04-19,27.54000000,27.19000000
2021-04-20,27.01000000,26.59000000
2021-04-21,26.25000000,27.27000000
2021-04-22,27.17000000,26.27000000
2021-04-23,26.43000000,27.26000000
2021-04-26,27.33000000,27.81000000
2021-04-27,27.87000000,27.44000000
2021-04-28,27.35000000,27.16000000
2021-04-29,27.97000000,27.43000000
2021-04-30,26.82000000,26.92000000
2021-05-03,27.19000000,26.48000000
2021-05-04,25.86000000,25.08000000
2021-05-05,25.51000000,24.79000000
2021-05-06,24.72000000,25.33000000
2021-05-07,25.99000000,25.95000000
2021-05-10,25.62000000,24.00000000
2021-05-11,22.65000000,23.88000000
2021-05-12,22.75000000,22.06000000
2021-05-13,22.65000000,22.53000000
2021-05-14,23.22000000,23.99000000
2021-05-17,23.63000000,23.59000000
2021-05-18,23.80000000,23.09000000
2021-05-19,21.91000000,23.18000000
2021-05-20,23.52000000,24.52000000
2021-05-21,24.89000000,24.11000000
2021-05-24,24.64000000,25.32000000
2021-05-25,25.69000000,25.44000000
2021-05-26,25.59000000,25.70000000
2021-05-27,25.59000000,25.40000000
2021-05-28,25.69000000,25.65000000
2021-06-01,25.96000000,25.40000000
2021-06-02,25.49000000,25.53000000
2021-06-03,24.87000000,24.73000000
2021-06-04,25.16000000,26.00000000
2021-06-07,25.86000000,26.23000000
2021-06-08,26.65000000,26.25000000
2021-06-09,26.59000000,26.28000000
2021-06-10,26.36000000,27.09000000
2021-06-11,27.10000000,27.31000000
2021-06-14,27.41000000,28.07000000
2021-06-15,28.00000000,27.55000000
2021-06-16,27.66000000,27.25000000
2021-06-17,26.99000000,28.27000000
2021-06-18,27.85000000,27.60000000
2021-06-21,27.66000000,28.10000000
2021-06-22,28.08000000,28.89000000
2021-06-23,28.89000000,28.94000000
2021-06-24,29.43000000,29.47000000
2021-06-25,29.62000000,29.38000000
2021-06-28,29.69000000,30.42000000
2021-06-29,30.39000000,30.76000000
2021-06-30,30.72000000,30.63000000
2021-07-01,30.52000000,30.64000000
2021-07-02,31.16000000,31.68000000
2021-07-06,31.86000000,32.10000000
2021-07-07,32.72000000,32.31000000
2021-07-08,30.92000000,31.75000000
2021-07-09,31.57000000,32.29000000
2021-07-12,32.70000000,32.69000000
2021-07-13,32.60000000,32.67000000
2021-07-14,33.34000000,32.85000000
2021-07-15,32.85000000,32.17000000
2021-07-16,32.41000000,31.38000000
2021-07-19,30.45000000,30.63000000
2021-07-20,30.86000000,31.64000000
2021-07-21,31.58000000,32.36000000
2021-07-22,32.46000000,33.04000000
2021-07-23,33.42000000,34.14000000
2021-07-26,34.01000000,34.28000000
2021-07-27,34.21000000,33.16000000
2021-07-28,33.47000000,33.53000000
2021-07-29,33.37000000,33.69000000
2021-07-30,32.59000000,33.19000000
2021-08-02,33.63000000,33.17000000
2021-08-03,33.36000000,33.75000000
2021-08-04,33.77000000,33.92000000
2021-08-05,34.14000000,34.56000000
2021-08-06,34.20000000,34.11000000
2021-08-09,34.23000000,34.29000000
2021-08-10,34.44000000,33.78000000
2021-08-11,34.13000000,33.60000000
2021-08-12,33.45000000,33.94000000
2021-08-13,34.04000000,34.28000000
2021-08-16,33.99000000,34.35000000
2021-08-17,33.55000000,33.44000000
2021-08-18,33.28000000,32.47000000
2021-08-19,31.93000000,32.93000000
2021-08-20,33.24000000,33.95000000
2021-08-23,34.26000000,35.46000000
2021-08-24,35.65000000,35.81000000
2021-08-25,35.87000000,35.85000000
2021-08-26,35.67000000,35.24000000
2021-08-27,35.42000000,36.28000000
2021-08-30,36.50000000,37.48000000
2021-08-31,37.56000000,37.37000000
2021-09-01,37.71000000,37.58000000
2021-09-02,37.99000000,37.53000000
2021-09-03,37.17000000,37.86000000
2021-09-07,37.89000000,38.02000000
2021-09-08,37.95000000,37.63000000
2021-09-09,37.68000000,37.22000000
2021-09-10,37.75000000,36.39000000
2021-09-13,37.07000000,36.31000000
2021-09-14,36.74000000,35.99000000
2021-09-15,36.12000000,36.79000000
2021-09-16,36.39000000,36.86000000
2021-09-17,36.72000000,35.56000000
2021-09-20,33.85000000,33.37000000
2021-09-21,33.85000000,33.42000000
2021-09-22,33.72000000,34.39000000
2021-09-23,34.73000000,35.35000000
2021-09-24,34.68000000,35.45000000
2021-09-27,34.55000000,34.59000000
2021-09-28,33.28000000,31.71000000
2021-09-29,31.99000000,31.50000000
2021-09-30,31.94000000,31.14000000
2021-10-01,31.31000000,31.71000000
2021-10-04,31.27000000,29.76000000
2021-10-05,29.99000000,30.91000000
2021-10-06,30.07000000,31.51000000
2021-10-07,32.33000000,32.37000000
2021-10-08,32.67000000,31.87000000
2021-10-11,31.47000000,31.16000000
2021-10-12,31.54000000,30.84000000
2021-10-13,31.44000000,31.57000000
2021-10-14,32.53000000,33.31000000
2021-10-15,33.65000000,33.93000000
2021-10-18,33.56000000,34.94000000
2021-10-19,35.26000000,35.71000000
2021-10-20,35.87000000,35.60000000
2021-10-21,35.36000000,36.24000000
2021-10-22,35.87000000,35.32000000
2021-10-25,35.75000000,36.38000000
2021-10-26,37.08000000,36.72000000
2021-10-27,36.89000000,37.01000000
2021-10-28,37.58000000,38.22000000
2021-10-29,37.30000000,38.79000000
2021-11-01,38.95000000,39.17000000
2021-11-02,39.01000000,39.69000000
2021-11-03,39.83000000,40.96000000
2021-11-04,41.36000000,42.48000000
2021-11-05,43.12000000,42.64000000
2021-11-08,42.63000000,42.47000000
2021-11-09,42.81000000,41.59000000
2021-11-10,40.68000000,39.77000000
2021-11-11,40.69000000,40.09000000
2021-11-12,40.45000000,41.36000000
2021-11-15,41.73000000,41.35000000
2021-11-16,41.07000000,42.21000000
2021-11-17,42.30000000,42.26000000
2021-11-18,42.92000000,43.55000000
2021-11-19,44.11000000,44.28000000
2021-11-22,44.82000000,42.75000000
2021-11-23,42.36000000,42.17000000
2021-11-24,41.33000000,42.56000000
2021-11-26,41.69000000,40.21000000
2021-11-29,41.55000000,42.71000000
2021-11-30,42.42000000,40.87000000
2021-12-01,42.22000000,38.78000000
2021-12-02,38.35000000,39.51000000
2021-12-03,40.00000000,37.52000000
2021-12-06,37.65000000,38.40000000
2021-12-07,40.44000000,41.86000000
2021-12-08,41.97000000,42.44000000
2021-12-09,42.04000000,40.61000000
2021-12-10,41.44000000,41.87000000
2021-12-13,41.87000000,40.07000000
2021-12-14,38.53000000,38.88000000
2021-12-15,38.74000000,41.45000000
2021-12-16,41.75000000,38.28000000
2021-12-17,37.21000000,37.70000000
2021-12-20,36.26000000,36.57000000
2021-12-21,37.54000000,39.02000000
2021-12-22,38.90000000,40.41000000
2021-12-23,40.54000000,41.37000000
2021-12-27,41.77000000,43.35000000
2021-12-28,43.69000000,42.84000000
2021-12-29,42.83000000,42.77000000
2021-12-30,42.69000000,42.37000000
2021-12-31,42.16000000,41.58000000
2022-01-03,41.96000000,42.78000000
2022-01-04,42.96000000,41.12000000
2022-01-05,40.60000000,37.34000000
2022-01-06,36.76000000,37.24000000
2022-01-07,37.22000000,36.02000000
2022-01-10,34.59000000,36.15000000
2022-01-11,35.86000000,37.74000000
2022-01-12,38.49000000,38.17000000
2022-01-13,38.56000000,35.40000000
2022-01-14,34.54000000,35.94000000
2022-01-18,34.24000000,33.35000000
2022-01-19,33.68000000,32.19000000
2022-01-20,33.01000000,30.94000000
2022-01-21,30.31000000,28.33000000
2022-01-24,26.92000000,28.75000000
2022-01-25,27.08000000,26.63000000
2022-01-26,28.50000000,26.58000000
2022-01-27,27.70000000,25.78000000
2022-01-28,26.20000000,28.18000000
2022-01-31,28.52000000,30.92000000
2022-02-01,31.21000000,31.50000000
2022-02-02,32.61000000,32.25000000
2022-02-03,29.66000000,28.37000000
2022-02-04,28.43000000,29.35000000
2022-02-07,29.53000000,28.68000000
2022-02-08,28.40000000,29.66000000
2022-02-09,30.78000000,31.50000000
2022-02-10,29.66000000,29.41000000
2022-02-11,29.39000000,26.64000000
2022-02-14,26.45000000,26.72000000
2022-02-15,27.92000000,28.65000000
2022-02-16,28.14000000,28.65000000
2022-02-17,27.82000000,26.10000000
2022-02-18,26.30000000,25.22000000
2022-02-22,24.52000000,24.44000000
2022-02-23,25.12000000,22.57000000
2022-02-24,20.38000000,24.78000000
2022-02-25,25.00000000,25.95000000
2022-02-28,25.23000000,26.23000000
2022-03-01,25.96000000,25.02000000
2022-03-02,25.33000000,26.22000000
2022-03-03,26.88000000,25.12000000
2022-03-04,24.58000000,24.05000000
2022-03-07,24.02000000,21.36000000
2022-03-08,21.19000000,21.07000000
2022-03-09,22.70000000,23.32000000
2022-03-10,22.45000000,22.57000000
2022-03-11,23.17000000,21.17000000
2022-03-14,20.91000000,19.93000000
2022-03-15,20.43000000,21.77000000
2022-03-16,22.58000000,24.22000000
2022-03-17,23.80000000,25.03000000
2022-03-18,24.73000000,26.58000000
2022-03-21,26.43000000,26.40000000
2022-03-22,26.53000000,27.95000000
2022-03-23,27.28000000,26.77000000
2022-03-24,27.22000000,28.51000000
2022-03-25,28.52000000,28.47000000
2022-03-28,28.46000000,29.76000000
2022-03-29,30.76000000,31.28000000
2022-03-30,30.84000000,30.34000000
2022-03-31,30.32000000,29.09000000
2022-04-01,29.22000000,28.97000000
2022-04-04,29.19000000,30.77000000
2022-04-05,30.41000000,28.74000000
2022-04-06,27.41000000,26.85000000
2022-04-07,26.61000000,27.02000000
2022-04-08,26.61000000,25.92000000
2022-04-11,24.92000000,24.08000000
2022-04-12,25.08000000,23.77000000
2022-04-13,23.83000000,25.19000000
2022-04-14,25.21000000,23.50000000
2022-04-18,23.24000000,23.57000000
2022-04-19,23.36000000,25.08000000
2022-04-20,25.28000000,23.95000000
2022-04-21,24.82000000,22.55000000
2022-04-22,22.52000000,20.75000000
2022-04-25,20.41000000,21.52000000
2022-04-26,21.11000000,19.10000000
2022-04-27,19.08000000,19.02000000
2022-04-28,19.91000000,21.03000000
2022-04-29,20.19000000,18.26000000
2022-05-02,18.13000000,19.13000000
2022-05-03,19.09000000,19.17000000
2022-05-04,19.25000000,21.07000000
2022-05-05,20.25000000,17.93000000
2022-05-06,17.55000000,17.31000000
2022-05-09,16.28000000,15.26000000
2022-05-10,16.36000000,15.78000000
2022-05-11,15.43000000,14.38000000
2022-05-12,13.72000000,14.27000000
2022-05-13,14.93000000,15.81000000
2022-05-16,15.56000000,15.32000000
2022-05-17,16.22000000,16.48000000
2022-05-18,15.73000000,14.07000000
2022-05-19,13.77000000,13.79000000
2022-05-20,14.32000000,13.67000000
2022-05-23,13.82000000,14.35000000
2022-05-24,13.57000000,13.45000000
2022-05-25,13.22000000,13.99000000
2022-05-26,13.88000000,15.16000000
2022-05-27,15.65000000,16.65000000
2022-05-31,16.65000000,16.52000000
2022-06-01,16.85000000,16.14000000
2022-06-02,15.96000000,17.45000000
2022-06-03,16.57000000,16.07000000
2022-06-06,16.81000000,16.27000000
2022-06-07,15.71000000,16.67000000
2022-06-08,16.54000000,16.33000000
2022-06-09,16.03000000,14.99000000
2022-06-10,14.13000000,13.40000000
2022-06-13,12.14000000,11.54000000
2022-06-14,11.82000000,11.61000000
2022-06-15,12.03000000,12.45000000
2022-06-16,11.49000000,10.93000000
2022-06-17,11.03000000,11.34000000
2022-06-21,11.91000000,12.19000000
2022-06-22,11.85000000,12.15000000
2022-06-23,12.47000000,12.66000000
2022-06-24,13.06000000,13.99000000
2022-06-27,14.18000000,13.66000000
2022-06-28,13.73000000,12.41000000
2022-06-29,12.39000000,12.44000000
2022-06-30,12.03000000,12.00000000
2022-07-01,11.80000000,12.19000000
2022-07-05,11.70000000,12.82000000
2022-07-06,12.89000000,13.07000000
2022-07-07,13.19000000,13.88000000
2022-07-08,13.49000000,13.94000000
2022-07-11,13.60000000,13.06000000
2022-07-12,13.22000000,12.68000000
2022-07-13,11.92000000,12.60000000
2022-07-14,12.23000000,12.73000000
2022-07-15,13.14000000,13.40000000
2022-07-18,13.81000000,13.09000000
2022-07-19,13.57000000,14.23000000
2022-07-20,14.33000000,14.94000000
2022-07-21,15.01000000,15.58000000
2022-07-22,15.44000000,14.77000000
2022-07-25,14.77000000,14.55000000
2022-07-26,14.24000000,13.66000000
2022-07-27,14.30000000,15.37000000
2022-07-28,15.34000000,15.81000000
2022-07-29,16.07000000,16.68000000
2022-08-01,16.39000000,16.66000000
2022-08-02,16.27000000,16.50000000
2022-08-03,16.77000000,17.82000000
2022-08-04,17.84000000,18.08000000
2022-08-05,17.22000000,17.65000000
2022-08-08,17.80000000,17.47000000
2022-08-09,17.14000000,16.86000000
2022-08-10,18.07000000,18.25000000
2022-08-11,18.67000000,17.98000000
2022-08-12,18.30000000,18.99000000
2022-08-15,18.83000000,19.44000000
2022-08-16,19.28000000,19.32000000
2022-08-17,18.75000000,18.65000000
2022-08-18,18.63000000,18.77000000
2022-08-19,18.24000000,17.67000000
2022-08-22,16.94000000,16.28000000
2022-08-23,16.22000000,16.23000000
2022-08-24,16.15000000,16.35000000
2022-08-25,16.64000000,17.22000000
2022-08-26,17.17000000,15.12000000
2022-08-29,14.68000000,14.65000000
2022-08-30,14.90000000,14.16000000
2022-08-31,14.58000000,13.90000000
2022-09-01,13.54000000,13.92000000
2022-09-02,14.32000000,13.34000000
2022-09-06,13.38000000,13.03000000
2022-09-07,13.09000000,13.81000000
2022-09-08,13.52000000,14.03000000
2022-09-09,14.34000000,14.92000000
2022-09-12,15.15000000,15.47000000
2022-09-13,14.12000000,12.92000000
2022-09-14,13.06000000,13.21000000
2022-09-15,12.94000000,12.55000000
2022-09-16,12.10000000,12.30000000
2022-09-19,11.97000000,12.60000000
2022-09-20,12.27000000,12.30000000
2022-09-21,12.40000000,11.62000000
2022-09-22,11.43000000,11.19000000
2022-09-23,10.90000000,10.65000000
2022-09-26,10.58000000,10.51000000
2022-09-27,10.91000000,10.52000000
2022-09-28,10.52000000,11.14000000
2022-09-29,10.65000000,10.19000000
2022-09-30,10.08000000,9.66000000
2022-10-03,9.85000000,10.33000000
2022-10-04,10.95000000,11.29000000
2022-10-05,10.83000000,11.29000000
2022-10-06,11.15000000,11.01000000
2022-10-07,10.44000000,9.75000000
2022-10-10,9.76000000,9.44000000
2022-10-11,9.26000000,9.07000000
2022-10-12,9.11000000,9.05000000
2022-10-13,8.26000000,9.65000000
2022-10-14,9.93000000,8.78000000
2022-10-17,9.40000000,9.65000000
2022-10-18,10.43000000,9.89000000
2022-10-19,9.70000000,9.77000000
2022-10-20,9.66000000,9.60000000
2022-10-21,9.49000000,10.28000000
2022-10-24,10.31000000,10.64000000
2022-10-25,10.74000000,11.27000000
2022-10-26,10.59000000,10.53000000
2022-10-27,10.40000000,9.95000000
2022-10-28,9.88000000,10.85000000
2022-10-31,10.59000000,10.48000000
2022-11-01,10.87000000,10.15000000
2022-11-02,10.14000000,9.10000000
2022-11-03,8.82000000,8.57000000
2022-11-04,9.06000000,8.98000000
2022-11-07,9.08000000,9.26000000
2022-11-08,9.43000000,9.46000000
2022-11-09,9.27000000,8.80000000
2022-11-10,10.07000000,10.73000000
2022-11-11,10.72000000,11.34000000
2022-11-14,11.09000000,11.03000000
2022-11-15,11.82000000,11.48000000
2022-11-16,11.25000000,11.02000000
2022-11-17,10.48000000,10.93000000
2022-11-18,11.28000000,10.92000000
2022-11-21,10.76000000,10.59000000
2022-11-22,10.66000000,11.03000000
2022-11-23,11.02000000,11.36000000
2022-11-25,11.17000000,11.13000000
2022-11-28,10.90000000,10.64000000
2022-11-29,10.66000000,10.39000000
2022-11-30,10.43000000,11.78000000
2022-12-01,11.85000000,11.85000000
2022-12-02,11.22000000,11.70000000
2022-12-05,11.44000000,11.11000000
2022-12-06,11.09000000,10.41000000
2022-12-07,10.28000000,10.28000000
2022-12-08,10.44000000,10.65000000
2022-12-09,10.52000000,10.44000000
2022-12-12,10.45000000,10.82000000
2022-12-13,12.09000000,11.16000000
2022-12-14,11.10000000,10.90000000
2022-12-15,10.43000000,9.82000000
2022-12-16,9.74000000,9.53000000
2022-12-19,9.55000000,9.14000000
2022-12-20,9.00000000,9.10000000
2022-12-21,9.20000000,9.49000000
2022-12-22,9.11000000,8.77000000
2022-12-23,8.60000000,8.80000000
2022-12-27,8.73000000,8.42000000
2022-12-28,8.38000000,8.08000000
2022-12-29,8.34000000,8.65000000
2022-12-30,8.38000000,8.65000000
2023-01-03,8.87000000,8.45000000
2023-01-04,8.66000000,8.59000000
2023-01-05,8.40000000,8.18000000
2023-01-06,8.32000000,8.82000000
2023-01-09,9.04000000,9.01000000
2023-01-10,8.91000000,9.24000000
2023-01-11,9.34000000,9.70000000
2023-01-12,9.76000000,9.85000000
2023-01-13,9.59000000,10.05000000
2023-01-17,10.03000000,10.10000000
2023-01-18,10.29000000,9.73000000
2023-01-19,9.53000000,9.43000000
2023-01-20,9.59000000,10.19000000
2023-01-23,10.27000000,10.86000000
2023-01-24,10.68000000,10.80000000
2023-01-25,10.28000000,10.72000000
2023-01-26,11.11000000,11.34000000
2023-01-27,11.18000000,11.66000000
2023-01-30,11.27000000,10.97000000
2023-01-31,10.97000000,11.45000000
2023-02-01,11.43000000,12.19000000
2023-02-02,12.98000000,13.45000000
2023-02-03,12.60000000,12.76000000
2023-02-06,12.42000000,12.44000000
2023-02-07,12.41000000,13.20000000
2023-02-08,13.02000000,12.49000000
2023-02-09,13.02000000,12.16000000
2023-02-10,11.88000000,11.91000000
2023-02-13,12.07000000,12.48000000
2023-02-14,12.27000000,12.74000000
2023-02-15,12.51000000,13.03000000
2023-02-16,12.41000000,12.28000000
2023-02-17,12.02000000,12.02000000
2023-02-21,11.55000000,11.18000000
2023-02-22,11.23000000,11.19000000
2023-02-23,11.59000000,11.47000000
2023-02-24,10.88000000,10.89000000
2023-02-27,11.24000000,11.12000000
2023-02-28,11.04000000,11.06000000
2023-03-01,11.03000000,10.80000000
2023-03-02,10.51000000,11.06000000
2023-03-03,11.25000000,11.73000000
2023-03-06,11.88000000,11.78000000
2023-03-07,11.78000000,11.34000000
2023-03-08,11.38000000,11.49000000
2023-03-09,11.56000000,10.89000000
2023-03-10,10.91000000,10.44000000
2023-03-13,10.23000000,10.66000000
2023-03-14,11.06000000,11.39000000
2023-03-15,11.09000000,11.56000000
2023-03-16,11.44000000,12.47000000
2023-03-17,12.47000000,12.28000000
2023-03-20,12.22000000,12.41000000
2023-03-21,12.65000000,12.94000000
2023-03-22,12.85000000,12.34000000
2023-03-23,12.80000000,12.78000000
2023-03-24,12.72000000,12.91000000
2023-03-27,12.99000000,12.65000000
2023-03-28,12.57000000,12.44000000
2023-03-29,12.88000000,13.11000000
2023-03-30,13.41000000,13.47000000
2023-03-31,13.50000000,14.13000000
2023-04-03,13.84000000,14.03000000
2023-04-04,14.08000000,13.89000000
2023-04-05,13.73000000,13.44000000
2023-04-06,13.23000000,13.72000000
2023-04-10,13.32000000,13.69000000
2023-04-11,13.68000000,13.42000000
2023-04-12,13.67000000,13.06000000
2023-04-13,13.27000000,13.81000000
2023-04-14,13.60000000,13.73000000
2023-04-17,13.68000000,13.75000000
2023-04-18,14.03000000,13.76000000
2023-04-19,13.44000000,13.73000000
2023-04-20,13.34000000,13.41000000
2023-04-21,13.35000000,13.44000000
2023-04-24,13.40000000,13.35000000
2023-04-25,13.14000000,12.60000000
2023-04-26,13.01000000,12.81000000
2023-04-27,13.28000000,13.85000000
2023-04-28,13.82000000,14.13000000
2023-05-01,14.07000000,14.09000000
2023-05-02,14.07000000,13.71000000
2023-05-03,13.75000000,13.44000000
2023-05-04,13.39000000,13.29000000
2023-05-05,13.56000000,14.10000000
2023-05-08,14.05000000,14.22000000
2023-05-09,13.99000000,13.94000000
2023-05-10,14.26000000,14.40000000
2023-05-11,14.45000000,14.52000000
2023-05-12,14.59000000,14.36000000
2023-05-15,14.43000000,14.59000000
2023-05-16,14.49000000,14.64000000
2023-05-17,14.77000000,15.16000000
2023-05-18,15.20000000,15.98000000
2023-05-19,16.01000000,15.87000000
2023-05-22,15.84000000,16.03000000
2023-05-23,15.78000000,15.41000000
2023-05-24,15.14000000,15.16000000
2023-05-25,16.18000000,16.26000000
2023-05-26,16.41000000,17.49000000
2023-05-30,18.16000000,17.74000000
2023-05-31,17.49000000,17.38000000
2023-06-01,17.37000000,18.00000000
2023-06-02,18.28000000,18.41000000
2023-06-05,18.38000000,18.45000000
2023-06-06,18.34000000,18.43000000
2023-06-07,18.47000000,17.49000000
2023-06-08,17.51000000,18.09000000
2023-06-09,18.34000000,18.31000000
2023-06-12,18.58000000,19.25000000
2023-06-13,19.68000000,19.67000000
2023-06-14,19.67000000,20.09000000
2023-06-15,19.87000000,20.80000000
2023-06-16,21.20000000,20.40000000
2023-06-20,20.15000000,20.30000000
2023-06-21,20.04000000,19.42000000
2023-06-22,19.18000000,20.07000000
2023-06-23,19.42000000,19.48000000
2023-06-26,19.38000000,18.70000000
2023-06-27,18.92000000,19.63000000
2023-06-28,19.33000000,19.75000000
2023-06-29,19.68000000,19.61000000
2023-06-30,20.20000000,20.50000000
2023-07-03,20.60000000,20.64000000
2023-07-05,20.36000000,20.63000000
2023-07-06,19.99000000,20.14000000
2023-07-07,20.09000000,19.93000000
2023-07-10,19.88000000,19.95000000
2023-07-11,20.01000000,20.24000000
2023-07-12,20.92000000,20.99000000
2023-07-13,21.51000000,22.03000000
2023-07-14,22.11000000,22.01000000
2023-07-17,22.14000000,22.62000000
2023-07-18,22.51000000,23.16000000
2023-07-19,23.36000000,23.16000000
2023-07-20,22.58000000,21.53000000
2023-07-21,21.94000000,21.34000000
2023-07-24,21.49000000,21.43000000
2023-07-25,21.54000000,21.86000000
2023-07-26,21.66000000,21.64000000
2023-07-27,22.56000000,21.45000000
2023-07-28,22.15000000,22.61000000
2023-07-31,22.67000000,22.66000000
2023-08-01,22.40000000,22.48000000
2023-08-02,21.84000000,21.01000000
2023-08-03,20.56000000,20.86000000
2023-08-04,21.19000000,20.57000000
2023-08-07,20.86000000,21.08000000
2023-08-08,20.65000000,20.54000000
2023-08-09,20.58000000,19.85000000
2023-08-10,20.33000000,19.94000000
2023-08-11,19.51000000,19.55000000
2023-08-14,19.42000000,20.19000000
2023-08-15,20.03000000,19.58000000
2023-08-16,19.46000000,18.92000000
2023-08-17,19.13000000,18.28000000
2023-08-18,17.76000000,18.20000000
2023-08-21,18.43000000,19.08000000
2023-08-22,19.49000000,19.00000000
2023-08-23,19.17000000,19.89000000
2023-08-24,20.44000000,18.58000000
2023-08-25,18.72000000,19.02000000
2023-08-28,19.48000000,19.44000000
2023-08-29,19.40000000,20.68000000
2023-08-30,20.72000000,21.03000000
2023-08-31,21.02000000,21.22000000
2023-09-01,21.60000000,21.15000000
2023-09-05,20.99000000,21.20000000
2023-09-06,21.07000000,20.64000000
2023-09-07,19.87000000,20.19000000
2023-09-08,20.16000000,20.25000000
2023-09-11,20.75000000,20.94000000
2023-09-12,20.67000000,20.27000000
2023-09-13,20.29000000,20.47000000
2023-09-14,20.75000000,20.95000000
2023-09-15,20.73000000,19.88000000
2023-09-18,19.72000000,19.92000000
2023-09-19,19.70000000,19.80000000
2023-09-20,19.89000000,18.88000000
2023-09-21,18.27000000,17.80000000
2023-09-22,18.07000000,17.81000000
2023-09-25,17.66000000,18.05000000
2023-09-26,17.66000000,17.25000000
2023-09-27,17.40000000,17.35000000
2023-09-28,17.19000000,17.77000000
2023-09-29,18.29000000,17.81000000
2023-10-02,17.83000000,18.24000000
2023-10-03,17.85000000,17.27000000
2023-10-04,17.39000000,17.97000000
2023-10-05,17.94000000,17.78000000
2023-10-06,17.33000000,18.67000000
2023-10-09,18.31000000,18.95000000
2023-10-10,19.00000000,19.26000000
2023-10-11,19.47000000,19.67000000
2023-10-12,19.74000000,19.44000000
2023-10-13,19.55000000,18.70000000
2023-10-16,18.91000000,19.33000000
2023-10-17,18.76000000,19.15000000
2023-10-18,18.74000000,18.34000000
2023-10-19,18.58000000,17.85000000
2023-10-20,17.76000000,17.05000000
2023-10-23,16.84000000,17.19000000
2023-10-24,17.45000000,17.68000000
2023-10-25,17.32000000,16.39000000
2023-10-26,16.19000000,15.43000000
2023-10-27,15.79000000,15.65000000
2023-10-30,15.98000000,16.16000000
2023-10-31,16.16000000,16.39000000
2023-11-01,16.50000000,17.24000000
2023-11-02,17.88000000,18.15000000
2023-11-03,18.35000000,18.79000000
2023-11-06,18.91000000,19.00000000
2023-11-07,19.17000000,19.54000000
2023-11-08,19.60000000,19.58000000
2023-11-09,19.67000000,19.11000000
2023-11-10,19.38000000,20.39000000
2023-11-13,20.13000000,20.20000000
2023-11-14,21.24000000,21.47000000
2023-11-15,21.81000000,21.53000000
2023-11-16,21.38000000,21.57000000
2023-11-17,21.44000000,21.58000000
2023-11-20,21.58000000,22.35000000
2023-11-21,22.05000000,21.94000000
2023-11-22,22.28000000,22.20000000
2023-11-24,22.13000000,22.09000000
2023-11-27,22.00000000,22.02000000
2023-11-28,21.90000000,22.20000000
2023-11-29,22.62000000,22.12000000
2023-11-30,22.15000000,21.93000000
2023-12-01,21.75000000,22.12000000
2023-12-04,21.45000000,21.49000000
2023-12-05,21.16000000,21.65000000
2023-12-06,22.14000000,21.26000000
2023-12-07,21.74000000,22.15000000
2023-12-08,21.83000000,22.42000000
2023-12-11,22.33000000,22.99000000
2023-12-12,22.99000000,23.54000000
2023-12-13,23.69000000,24.37000000
2023-12-14,24.63000000,24.33000000
2023-12-15,24.47000000,24.62000000
2023-12-18,24.75000000,25.14000000
2023-12-19,25.21000000,25.51000000
2023-12-20,25.24000000,24.27000000
2023-12-21,24.94000000,25.07000000
2023-12-22,25.30000000,25.17000000
2023-12-26,25.32000000,25.64000000
2023-12-27,25.67000000,25.77000000
2023-12-28,25.96000000,25.70000000
2023-12-29,25.69000000,25.35000000
2024-01-02,24.67000000,24.07000000
2024-01-03,23.58000000,23.30000000
2024-01-04,22.93000000,22.91000000
2024-01-05,22.93000000,22.99000000
2024-01-08,23.19000000,24.38000000
2024-01-09,23.83000000,24.53000000
2024-01-10,24.58000000,25.02000000
2024-01-11,25.23000000,25.14000000
2024-01-12,25.33000000,25.17000000
2024-01-16,24.94000000,25.16000000
2024-01-17,24.53000000,24.72000000
2024-01-18,25.30000000,25.78000000
2024-01-19,26.16000000,27.27000000
2024-01-22,27.70000000,27.38000000
2024-01-23,27.50000000,27.70000000
2024-01-24,28.48000000,28.16000000
2024-01-25,28.63000000,28.24000000
2024-01-26,27.84000000,27.72000000
2024-01-29,27.81000000,28.53000000
2024-01-30,28.34000000,27.97000000
2024-01-31,27.09000000,26.32000000
2024-02-01,26.65000000,27.25000000
2024-02-02,27.59000000,28.62000000
2024-02-05,28.59000000,28.48000000
2024-02-06,28.69000000,28.31000000
2024-02-07,28.84000000,29.16000000
2024-02-08,29.16000000,29.27000000
2024-02-09,29.51000000,30.14000000
2024-02-12,30.10000000,29.78000000
2024-02-13,28.12000000,28.37000000
2024-02-14,28.90000000,29.27000000
2024-02-15,29.41000000,29.51000000
2024-02-16,29.58000000,28.70000000
2024-02-20,28.29000000,28.04000000
2024-02-21,27.49000000,27.69000000
2024-02-22,29.39000000,30.08000000
2024-02-23,30.42000000,29.81000000
2024-02-26,29.97000000,29.77000000
2024-02-27,29.98000000,29.95000000
2024-02-28,29.51000000,29.47000000
2024-02-29,30.04000000,30.18000000
2024-03-01,30.38000000,31.57000000
2024-03-04,31.55000000,31.19000000
2024-03-05,30.55000000,29.52000000
2024-03-06,30.37000000,30.07000000
2024-03-07,30.77000000,31.41000000
2024-03-08,31.46000000,30.03000000
2024-03-11,29.70000000,29.68000000
2024-03-12,30.15000000,30.94000000
2024-03-13,30.72000000,30.22000000
2024-03-14,30.43000000,29.98000000
2024-03-15,29.34000000,28.88000000
2024-03-18,29.94000000,29.69000000
2024-03-19,29.27000000,29.90000000
2024-03-20,30.03000000,30.85000000
2024-03-21,31.88000000,31.25000000
2024-03-22,31.14000000,31.32000000
2024-03-25,30.74000000,31.00000000
2024-03-26,31.31000000,30.70000000
2024-03-27,31.28000000,30.98000000
2024-03-28,30.94000000,30.78000000
2024-04-01,30.96000000,30.97000000
2024-04-02,29.93000000,30.14000000
2024-04-03,29.70000000,30.34000000
2024-04-04,31.17000000,28.91000000
2024-04-05,29.20000000,29.93000000
2024-04-08,30.10000000,29.95000000
2024-04-09,30.41000000,30.26000000
2024-04-10,29.18000000,29.47000000
2024-04-11,29.81000000,30.85000000
2024-04-12,29.94000000,29.36000000
2024-04-15,30.10000000,27.89000000
2024-04-16,27.84000000,27.89000000
2024-04-17,28.27000000,26.85000000
2024-04-18,26.94000000,26.38000000
2024-04-19,26.14000000,24.74000000
2024-04-22,25.19000000,25.46000000
2024-04-23,25.81000000,26.59000000
2024-04-24,27.16000000,26.85000000
2024-04-25,25.45000000,26.42000000
2024-04-26,27.01000000,27.64000000
2024-04-29,28.04000000,27.97000000
2024-04-30,27.65000000,26.37000000
2024-05-01,26.08000000,25.80000000
2024-05-02,26.46000000,26.75000000
2024-05-03,28.17000000,28.35000000
2024-05-06,28.71000000,29.28000000
2024-05-07,29.36000000,29.28000000
2024-05-08,28.75000000,29.23000000
2024-05-09,29.25000000,29.39000000
2024-05-10,29.68000000,29.58000000
2024-05-13,29.96000000,29.78000000
2024-05-14,29.68000000,30.33000000
2024-05-15,30.84000000,31.74000000
2024-05-16,31.68000000,31.54000000
2024-05-17,31.55000000,31.47000000
2024-05-20,31.51000000,32.12000000
2024-05-21,31.72000000,32.28000000
2024-05-22,32.35000000,32.26000000
2024-05-23,33.25000000,31.78000000
2024-05-24,32.13000000,32.67000000
2024-05-28,32.93000000,33.03000000
2024-05-29,32.12000000,32.34000000
2024-05-30,32.13000000,31.30000000
2024-05-31,31.30000000,31.26000000
2024-06-03,31.86000000,31.57000000
2024-06-04,31.50000000,31.81000000
2024-06-05,32.56000000,33.72000000
2024-06-06,33.87000000,33.69000000
2024-06-07,33.56000000,33.56000000
2024-06-10,33.29000000,33.92000000
2024-06-11,33.66000000,34.62000000
2024-06-12,35.51000000,35.98000000
2024-06-13,36.78000000,36.56000000
2024-06-14,36.47000000,37.08000000
2024-06-17,37.14000000,38.43000000
2024-06-18,38.42000000,38.45000000
2024-06-20,38.73000000,37.54000000
2024-06-21,37.45000000,37.20000000
2024-06-24,36.91000000,35.94000000
2024-06-25,36.40000000,37.14000000
2024-06-26,36.80000000,37.23000000
2024-06-27,37.16000000,37.50000000
2024-06-28,37.65000000,36.91000000
2024-07-01,37.08000000,37.51000000
2024-07-02,37.15000000,38.67000000
2024-07-03,38.47000000,39.62000000
2024-07-05,39.78000000,40.81000000
2024-07-08,40.90000000,41.08000000
2024-07-09,41.46000000,41.17000000
2024-07-10,41.66000000,42.47000000
2024-07-11,42.49000000,39.67000000
2024-07-12,39.76000000,40.32000000
2024-07-15,40.74000000,40.62000000
2024-07-16,40.97000000,40.65000000
2024-07-17,38.67000000,37.08000000
2024-07-18,37.90000000,36.52000000
2024-07-19,36.40000000,35.53000000
2024-07-22,36.83000000,37.08000000
2024-07-23,36.87000000,36.68000000
2024-07-24,35.12000000,32.72000000
2024-07-25,32.78000000,31.64000000
2024-07-26,32.50000000,32.54000000
2024-07-29,33.13000000,32.73000000
2024-07-30,33.14000000,31.40000000
2024-07-31,33.49000000,34.14000000
2024-08-01,34.29000000,31.68000000
2024-08-02,29.83000000,29.37000000
2024-08-05,24.67000000,26.81000000
2024-08-06,27.07000000,27.48000000
2024-08-07,28.78000000,26.59000000
2024-08-08,27.73000000,29.03000000
2024-08-09,28.72000000,29.42000000
2024-08-12,29.61000000,29.63000000
2024-08-13,30.48000000,31.78000000
2024-08-14,32.00000000,31.83000000
2024-08-15,33.06000000,34.23000000
2024-08-16,33.81000000,34.32000000
2024-08-19,34.34000000,35.65000000
2024-08-20,35.45000000,35.43000000
2024-08-21,35.59000000,35.92000000
2024-08-22,36.43000000,34.19000000
2024-08-23,35.10000000,35.26000000
2024-08-26,35.13000000,34.23000000
2024-08-27,33.87000000,34.52000000
2024-08-28,34.40000000,33.35000000
2024-08-29,33.72000000,33.17000000
2024-08-30,34.06000000,34.31000000
2024-09-03,33.63000000,31.17000000
2024-09-04,30.52000000,30.91000000
2024-09-05,30.57000000,31.01000000
2024-09-06,30.81000000,28.50000000
2024-09-09,29.28000000,29.56000000
2024-09-10,29.89000000,30.35000000
2024-09-11,30.59000000,32.28000000
2024-09-12,32.31000000,33.24000000
2024-09-13,33.08000000,33.67000000
2024-09-16,33.21000000,33.22000000
2024-09-17,33.85000000,33.24000000
2024-09-18,33.51000000,32.81000000
2024-09-19,35.15000000,35.29000000
2024-09-20,35.08000000,35.06000000
2024-09-23,35.31000000,35.33000000
2024-09-24,35.64000000,35.83000000
2024-09-25,35.57000000,35.83000000
2024-09-26,37.46000000,36.60000000
2024-09-27,36.81000000,35.97000000
2024-09-30,35.73000000,36.24000000
2024-10-01,36.14000000,34.71000000
2024-10-02,34.51000000,34.84000000
2024-10-03,34.37000000,34.76000000
2024-10-04,36.00000000,35.99000000
2024-10-07,35.53000000,34.80000000
2024-10-08,35.33000000,36.31000000
2024-10-09,36.26000000,37.19000000
2024-10-10,36.66000000,37.06000000
2024-10-11,36.58000000,37.15000000
2024-10-14,37.72000000,38.10000000
2024-10-15,38.17000000,36.58000000
2024-10-16,36.62000000,36.56000000
2024-10-17,37.79000000,36.67000000
2024-10-18,37.23000000,37.32000000
2024-10-21,37.03000000,37.53000000
2024-10-22,36.90000000,37.63000000
2024-10-23,37.08000000,35.90000000
2024-10-24,36.71000000,36.75000000
2024-10-25,37.35000000,37.37000000
2024-10-28,38.10000000,37.40000000
2024-10-29,37.47000000,38.44000000
2024-10-30,38.28000000,37.58000000
2024-10-31,36.65000000,34.72000000
2024-11-01,35.04000000,35.47000000
2024-11-04,35.32000000,35.13000000
2024-11-05,35.47000000,36.47000000
2024-11-06,38.33000000,39.43000000
2024-11-07,40.08000000,41.28000000
2024-11-08,41.11000000,41.38000000
2024-11-11,41.67000000,41.30000000
2024-11-12,41.27000000,41.08000000
2024-11-13,40.93000000,40.90000000
2024-11-14,40.79000000,40.03000000
2024-11-15,38.63000000,37.13000000
2024-11-18,37.47000000,37.88000000
2024-11-19,37.28000000,38.65000000
2024-11-20,38.58000000,38.60000000
2024-11-21,39.28000000,38.98000000
2024-11-22,38.82000000,39.13000000
2024-11-25,40.08000000,39.31000000
2024-11-26,39.65000000,39.92000000
2024-11-27,39.65000000,38.95000000
2024-11-29,39.06000000,39.94000000
2024-12-02,40.24000000,41.24000000
2024-12-03,40.90000000,41.60000000
2024-12-04,42.44000000,43.13000000
2024-12-05,43.13000000,42.77000000
2024-12-06,42.89000000,43.87000000
2024-12-09,43.63000000,42.85000000
2024-12-10,43.13000000,42.38000000
2024-12-11,43.44000000,44.65000000
2024-12-12,44.06000000,43.76000000
2024-12-13,44.71000000,44.70000000
2024-12-16,45.36000000,46.65000000
2024-12-17,46.17000000,46.02000000
2024-12-18,45.83000000,41.04000000
2024-12-19,42.13000000,40.47000000
2024-12-20,39.53000000,41.51000000
2024-12-23,41.72000000,42.53000000
2024-12-24,42.97000000,44.22000000
2024-12-26,43.81000000,44.13000000
2024-12-27,43.19000000,42.33000000
2024-12-30,40.60000000,40.63000000
2024-12-31,40.90000000,39.56000000
2025-01-02,40.27000000,39.31000000
2025-01-03,39.99000000,41.20000000
2025-01-06,42.49000000,42.60000000
2025-01-07,42.86000000,40.31000000
2025-01-08,40.28000000,40.34000000
2025-01-10,39.40000000,38.42000000
2025-01-13,37.03000000,38.01000000
2025-01-14,38.74000000,37.88000000
2025-01-15,39.65000000,40.44000000
2025-01-16,41.01000000,39.62000000
2025-01-17,41.85000000,41.57000000
2025-01-21,42.22000000,42.26000000
2025-01-22,43.42000000,43.90000000
2025-01-23,43.27000000,44.17000000
2025-01-24,44.22000000,43.38000000
2025-01-27,38.79000000,39.57000000
2025-01-28,39.79000000,41.33000000
2025-01-29,41.46000000,41.07000000
2025-01-30,41.74000000,41.58000000
2025-01-31,42.46000000,41.36000000
2025-02-03,39.26000000,40.36000000
2025-02-04,40.46000000,41.83000000
2025-02-05,41.17000000,42.37000000
2025-02-06,42.48000000,43.01000000
2025-02-07,43.13000000,41.37000000
2025-02-10,42.37000000,42.82000000
2025-02-11,42.03000000,42.51000000
2025-02-12,41.14000000,42.60000000
2025-02-13,42.99000000,44.40000000
2025-02-14,44.40000000,44.92000000
2025-02-18,45.31000000,45.19000000
2025-02-19,45.00000000,45.20000000
2025-02-20,45.03000000,44.65000000
2025-02-21,44.88000000,41.85000000
2025-02-24,42.25000000,40.35000000
2025-02-25,40.17000000,38.81000000
2025-02-26,39.29000000,39.06000000
2025-02-27,39.86000000,35.82000000
2025-02-28,35.73000000,37.46000000
2025-03-03,38.19000000,35.04000000
2025-03-04,34.38000000,34.65000000
2025-03-05,34.78000000,36.01000000
2025-03-06,34.19000000,33.02000000
2025-03-07,32.78000000,33.71000000
2025-03-10,32.00000000,29.91000000
2025-03-11,29.70000000,29.56000000
2025-03-12,30.97000000,30.57000000
2025-03-13,30.40000000,28.90000000
2025-03-14,29.85000000,30.94000000
2025-03-17,30.94000000,31.55000000
2025-03-18,30.89000000,29.95000000
2025-03-19,30.34000000,31.12000000
2025-03-20,30.33000000,30.80000000
2025-03-21,29.76000000,31.09000000
2025-03-24,32.53000000,33.06000000
2025-03-25,33.24000000,33.65000000
2025-03-26,33.32000000,31.69000000
2025-03-27,31.30000000,31.15000000
2025-03-28,30.77000000,28.67000000
2025-03-31,27.36000000,28.65000000
2025-04-01,28.34000000,29.31000000
2025-04-02,28.09000000,29.97000000
2025-04-03,26.22000000,25.15000000
2025-04-04,23.00000000,20.55000000
2025-04-07,18.38000000,20.63000000
2025-04-08,22.69000000,19.45000000
2025-04-09,19.38000000,26.31000000
2025-04-10,24.34000000,23.07000000
2025-04-11,22.83000000,24.29000000
2025-04-14,25.95000000,24.80000000
2025-04-15,24.98000000,24.90000000
2025-04-16,23.42000000,22.65000000
2025-04-17,23.05000000,22.58000000
2025-04-21,21.68000000,20.93000000
2025-04-22,21.73000000,22.53000000
2025-04-23,24.62000000,24.02000000
2025-04-24,24.37000000,26.07000000
2025-04-25,26.02000000,26.93000000
2025-04-28,27.01000000,26.91000000
2025-04-29,26.52000000,27.43000000
2025-04-30,25.98000000,27.44000000
2025-05-01,28.78000000,28.39000000
2025-05-02,29.32000000,29.72000000
2025-05-05,28.95000000,29.20000000
2025-05-06,28.03000000,28.37000000
2025-05-07,28.48000000,28.70000000
2025-05-08,29.60000000,29.56000000
2025-05-09,29.90000000,29.49000000
2025-05-12,32.92000000,33.06000000
2025-05-13,33.33000000,34.57000000
2025-05-14,34.81000000,35.18000000
2025-05-15,34.74000000,35.29000000
2025-05-16,35.56000000,35.72000000
2025-05-19,34.24000000,35.82000000
2025-05-20,35.29000000,35.44000000
2025-05-21,34.62000000,33.97000000
2025-05-22,34.08000000,34.15000000
2025-05-23,32.54000000,33.16000000
2025-05-27,34.49000000,35.47000000
2025-05-28,35.67000000,35.01000000
2025-05-29,36.50000000,35.19000000
2025-05-30,35.06000000,35.00000000
2025-06-02,34.60000000,35.81000000
2025-06-03,35.88000000,36.64000000
2025-06-04,36.79000000,36.94000000
2025-06-05,37.22000000,36.08000000
2025-06-06,37.13000000,37.10000000
2025-06-09,37.15000000,37.27000000
2025-06-10,37.35000000,37.99000000
2025-06-11,38.29000000,37.60000000
2025-06-12,37.30000000,37.85000000
2025-06-13,36.55000000,36.42000000
2025-06-16,37.11000000,37.90000000
2025-06-17,37.34000000,36.78000000
2025-06-18,36.96000000,36.73000000
2025-06-20,37.38000000,36.22000000
2025-06-23,36.37000000,37.35000000
2025-06-24,38.46000000,39.05000000
2025-06-25,39.44000000,39.24000000
2025-06-26,39.71000000,40.31000000
2025-06-27,40.52000000,40.71000000
2025-06-30,41.40000000,41.50000000
2025-07-01,41.06000000,40.44000000
2025-07-02,40.23000000,41.25000000
2025-07-03,41.74000000,42.40000000
2025-07-07,41.80000000,41.46000000
2025-07-08,41.74000000,41.51000000
2025-07-09,41.99000000,42.38000000
2025-07-10,42.51000000,42.18000000
2025-07-11,41.66000000,41.86000000
2025-07-14,41.81000000,42.31000000
2025-07-15,43.22000000,42.42000000
2025-07-16,42.53000000,42.53000000
2025-07-17,42.69000000,43.53000000
2025-07-18,43.82000000,43.38000000
2025-07-21,43.58000000,44.03000000
2025-07-22,44.06000000,43.35000000
2025-07-23,43.59000000,43.92000000
2025-07-24,44.22000000,44.21000000
2025-07-25,44.15000000,44.46000000
2025-07-28,44.79000000,44.89000000
2025-07-29,45.49000000,44.69000000
2025-07-30,44.87000000,44.85000000
2025-07-31,46.35000000,44.10000000
2025-08-01,42.63000000,41.46000000
2025-08-04,42.61000000,43.73000000
2025-08-05,44.03000000,42.82000000
2025-08-06,43.01000000,44.42000000
2025-08-07,45.44000000,44.87000000
2025-08-08,45.12000000,46.08000000
2025-08-11,46.12000000,45.67000000
2025-08-12,46.21000000,47.36000000
2025-08-13,48.03000000,47.43000000
2025-08-14,46.92000000,47.30000000
2025-08-15,47.24000000,46.63000000
2025-08-18,46.40000000,46.57000000
2025-08-19,46.38000000,44.67000000
2025-08-20,44.42000000,43.85000000
2025-08-21,43.47000000,43.24000000
2025-08-22,43.51000000,45.19000000
2025-08-25,44.81000000,44.79000000
2025-08-26,44.65000000,45.31000000
2025-08-27,45.07000000,45.52000000
2025-08-28,45.64000000,46.35000000
2025-08-29,45.71000000,44.68000000
2025-09-02,42.56000000,43.54000000
2025-09-03,44.37000000,44.56000000
2025-09-04,44.70000000,45.76000000
2025-09-05,46.97000000,45.91000000
2025-09-08,46.46000000,46.56000000
2025-09-09,46.75000000,46.94000000
2025-09-10,47.72000000,46.99000000
2025-09-11,47.60000000,47.78000000
2025-09-12,47.98000000,48.38000000
2025-09-15,48.82000000,49.62000000
2025-09-16,49.83000000,49.48000000
2025-09-17,49.44000000,49.17000000
2025-09-18,50.38000000,50.49000000
2025-09-19,50.94000000,51.49000000
2025-09-22,51.21000000,52.36000000
2025-09-23,52.40000000,51.31000000
2025-09-24,51.60000000,50.71000000
2025-09-25,49.70000000,50.03000000
2025-09-26,50.20000000,50.63000000
2025-09-29,51.39000000,51.30000000
2025-09-30,51.21000000,51.70000000
2025-10-01,50.87000000,52.43000000
2025-10-02,53.40000000,53.07000000
2025-10-03,53.22000000,52.35000000
2025-10-06,53.70000000,53.52000000
2025-10-07,53.85000000,52.65000000
2025-10-08,52.86000000,54.44000000
2025-10-09,54.44000000,54.22000000
2025-10-10,54.37000000,48.53000000
2025-10-13,51.03000000,51.62000000
2025-10-14,49.87000000,50.56000000
2025-10-15,52.07000000,51.60000000
2025-10-16,52.34000000,51.03000000
2025-10-17,50.46000000,51.99000000
2025-10-20,52.81000000,53.94000000
2025-10-21,53.95000000,53.88000000
2025-10-22,53.72000000,52.30000000
2025-10-23,52.13000000,53.61000000
2025-10-24,54.99000000,55.28000000
2025-10-27,57.26000000,58.22000000
2025-10-28,58.83000000,59.54000000
2025-10-29,60.28000000,60.31000000
2025-10-30,59.29000000,57.54000000
2025-10-31,59.74000000,58.36000000
2025-11-03,60.00000000,59.16000000
2025-11-04,56.68000000,55.54000000
2025-11-05,55.34000000,56.62000000
2025-11-06,56.19000000,53.44000000
2025-11-07,52.51000000,52.89000000
2025-11-10,55.22000000,56.35000000
2025-11-11,55.63000000,55.89000000
2025-11-12,56.76000000,55.78000000
2025-11-13,54.78000000,52.33000000
2025-11-14,49.99000000,52.37000000
2025-11-17,51.71000000,51.03000000
2025-11-18,49.99000000,49.18000000
2025-11-19,49.33000000,50.03000000
2025-11-20,52.95000000,46.45000000
2025-11-21,46.85000000,47.48000000
2025-11-24,48.70000000,51.08000000
2025-11-25,50.64000000,52.01000000
2025-11-26,52.91000000,53.37000000
2025-11-28,53.82000000,54.54000000
2025-12-01,53.11000000,54.05000000
2025-12-02,54.63000000,55.30000000
2025-12-03,54.66000000,55.69000000
2025-12-04,56.04000000,55.51000000
2025-12-05,55.86000000,56.15000000
2025-12-08,56.57000000,55.80000000
2025-12-09,55.45000000,56.01000000
2025-12-10,55.65000000,56.65000000
2025-12-11,55.63000000,56.11000000
2025-12-12,55.11000000,52.82000000
2025-12-15,54.06000000,52.02000000
2025-12-16,51.43000000,52.33000000
2025-12-17,52.65000000,49.40000000
2025-12-18,51.67000000,51.51000000
2025-12-19,52.20000000,53.52000000
2025-12-22,54.81000000,54.25000000
2025-12-23,53.97000000,55.01000000
2025-12-24,54.87000000,55.36000000
2025-12-26,55.52000000,55.31000000
2025-12-29,54.29000000,54.49000000
2025-12-30,54.20000000,54.10000000
2025-12-31,54.13000000,52.72000000
2026-01-02,54.17000000,52.35000000
2026-01-05,53.95000000,53.60000000
2026-01-06,53.92000000,55.01000000
2026-01-07,54.89000000,55.17000000
2026-01-08,54.87000000,54.19000000
2026-01-09,54.39000000,55.76000000
2026-01-12,54.60000000,55.89000000
2026-01-13,55.91000000,55.60000000
2026-01-14,54.55000000,53.83000000
2026-01-15,55.65000000,54.38000000
2026-01-16,55.32000000,54.14000000
2026-01-20,51.39000000,50.73000000
2026-01-21,51.07000000,52.73000000
2026-01-22,54.32000000,53.90000000
2026-01-23,53.59000000,54.38000000
2026-01-26,54.47000000,55.08000000
2026-01-27,55.98000000,56.54000000
2026-01-28,57.70000000,57.06000000
2026-01-29,56.95000000,56.04000000
2026-01-30,55.01000000,54.00000000
2026-02-02,53.16000000,55.10000000
2026-02-03,55.64000000,52.52000000
2026-02-04,52.14000000,49.76000000
2026-02-05,48.39000000,47.64000000
2026-02-06,48.34000000,50.59000000
2026-02-09,50.06000000,51.74000000
2026-02-10,51.97000000,51.02000000
2026-02-11,52.21000000,51.40000000
2026-02-12,51.80000000,48.26000000
2026-02-13,48.15000000,48.47000000
2026-02-17,47.64000000,48.35000000
2026-02-18,48.53000000,49.39000000
2026-02-19,48.67000000,48.83000000
2026-02-20,47.96000000,50.06000000
2026-02-23,49.53000000,48.24000000
2026-02-24,48.45000000,49.78000000
2026-02-25,50.55000000,51.87000000
2026-02-26,51.63000000,50.05000000
2026-02-27,48.45000000,49.52000000
2026-03-02,47.46000000,49.70000000
2026-03-03,46.81000000,48.10000000
2026-03-04,48.69000000,50.26000000
2026-03-05,49.44000000,49.80000000
2026-03-06,47.66000000,47.54000000
2026-03-09,46.19000000,49.39000000
2026-03-10,49.41000000,49.40000000
2026-03-11,49.68000000,49.35000000
2026-03-12,48.15000000,46.83000000
2026-03-13,47.35000000,45.93000000
2026-03-16,47.37000000,47.46000000
2026-03-17,48.12000000,48.16000000
2026-03-18,47.72000000,46.10000000
2026-03-19,44.87000000,45.69000000
2026-03-20,45.18000000,43.08000000
2026-03-23,45.11000000,44.57000000
2026-03-24,43.83000000,43.62000000
2026-03-25,44.70000000,44.39000000
2026-03-26,43.23000000,41.23000000
2026-03-27,40.56000000,38.78000000
2026-03-30,39.75000000,37.89000000
2026-03-31,39.09000000,41.68000000
2026-04-01,42.63000000,43.23000000
2026-04-02,40.88000000,43.33000000
2026-04-06,43.60000000,44.10000000
2026-04-07,43.45000000,44.15000000
2026-04-08,48.64000000,48.00000000
2026-04-09,48.01000000,48.96000000
2026-04-10,49.35000000,49.17000000
2026-04-13,48.78000000,50.66000000
2026-04-14,51.39000000,53.41000000
2026-04-15,53.57000000,55.65000000
2026-04-16,56.13000000,56.43000000
2026-04-17,57.78000000,58.59000000
2026-04-20,58.40000000,58.08000000
2026-04-21,58.48000000,57.40000000
2026-04-22,58.93000000,60.21000000
2026-04-23,59.80000000,59.22000000
2026-04-24,61.08000000,62.56000000
2026-04-27,62.41000000,62.64000000
2026-04-28,60.72000000,60.74000000
2026-04-29,61.00000000,61.86000000
2026-04-30,62.89000000,63.54000000
2026-05-01,63.89000000,65.30000000
2026-05-04,65.44000000,64.91000000
2026-05-05,66.37000000,67.39000000
2026-05-06,69.25000000,71.57000000
2026-05-07,71.87000000,71.34000000
2026-05-08,72.82000000,76.28000000
2026-05-11,76.00000000,76.96000000
2026-05-12,75.30000000,74.96000000
2026-05-13,75.81000000,77.24000000
2026-05-14,77.29000000,78.95000000
2026-05-15,75.73000000,75.34000000
2026-05-18,76.13000000,74.32000000
2026-05-19,72.41000000,72.93000000
2026-05-20,74.09000000,76.51000000
2026-05-21,75.18000000,76.95000000
2026-05-22,78.04000000,77.84000000
2026-05-26,80.59000000,81.95000000
2026-05-27,82.87000000,81.67000000
2026-05-28,81.74000000,83.68000000
2026-05-29,84.41000000,84.56000000
2026-06-01,84.14000000,86.04000000
2026-06-02,85.94000000,87.22000000
2026-06-03,87.68000000,86.56000000
2026-06-04,83.47000000,85.22000000
2026-06-05,81.57000000,73.05000000
2026-06-08,76.86000000,76.27000000
2026-06-09,78.48000000,73.72000000
2026-06-10,71.68000000,69.27000000
2026-06-11,70.89000000,76.01000000
2026-06-12,76.34000000,77.52000000
2026-06-15,82.88000000,84.59000000
2026-06-16,84.19000000,79.93000000
2026-06-17,81.67000000,77.54000000
2026-06-18,82.10000000,82.87000000
2026-06-22,83.95000000,82.58000000
2026-06-23,75.12000000,74.44000000
2026-06-24,74.79000000,73.30000000
2026-06-25,77.96000000,74.95000000
2026-06-26,72.08000000,71.83000000
2026-06-29,74.12000000,77.19000000
2026-06-30,77.24000000,81.00000000
2026-07-01,78.72000000,77.46000000
2026-07-02,77.45000000,73.35000000
2026-07-06,75.54000000,76.42000000
2026-07-07,73.70000000,72.23000000
2026-07-08,70.79000000,72.72000000
2026-07-09,74.85000000,76.34000000
2026-07-10,75.53000000,77.03000000
2026-07-13,74.54000000,72.64000000
2026-07-14,75.20000000,75.02000000
2026-07-15,76.29000000,74.44000000
2026-07-16,72.61000000,70.74000000
2026-07-17,66.38000000,67.53000000
2026-07-20,69.47000000,67.65000000
2026-07-21,70.71000000,71.37000000
2026-07-22,69.77000000,70.28000000
2026-07-23,67.11000000,66.30000000
2026-07-24,65.78000000,64.00000000
2026-07-27,66.06000000,63.40000000
2026-07-28,61.77000000,61.56000000
2026-07-29,61.51000000,57.75000000
2026-07-30,61.13000000,63.30000000
2026-07-31,65.74000000,64.62000000
2026-08-03,64.71000000,67.96000000
2026-08-04,70.31000000,74.82000000
2026-08-05,75.61000000,72.84000000
2026-08-06,70.85000000,72.03000000
2026-08-07,73.66000000,74.47000000
2026-08-10,74.27000000,73.80000000
2026-08-11,74.54000000,73.06000000
2026-08-12,75.62000000,74.60000000
2026-08-13,75.04000000,77.15000000
2026-08-14,77.57000000,76.79000000
2026-08-17,77.38000000,76.40000000
2026-08-18,73.36000000,72.53000000
2026-08-19,73.37000000,72.06000000
2026-08-20,70.83000000,70.48000000
2026-08-21,71.70000000,71.17000000
2026-08-24,70.00000000,69.01000000
2026-08-25,70.42000000,70.27000000
2026-08-26,69.56000000,70.47000000
2026-08-27,72.08000000,73.30000000
2026-08-28,72.85000000,71.85000000
2026-08-31,71.44000000,71.92000000
2026-09-01,69.07000000,69.15000000
2026-09-02,68.97000000,69.60000000
2026-09-03,70.06000000,72.03000000
2026-09-04,72.49000000,72.37000000
2026-09-08,72.95000000,72.16000000
2026-09-09,71.54000000,71.55000000
2026-09-10,68.89000000,69.21000000
2026-09-11,71.19000000,70.98000000
2026-09-14,67.53000000,69.27000000
2026-09-15,69.13000000,67.90000000
2026-09-16,68.85000000,67.93000000
2026-09-17,71.13000000,71.38000000
2026-09-18,71.92000000,72.64000000
2026-09-21,74.83000000,78.91000000
2026-09-22,78.77000000,80.83000000
2026-09-23,80.53000000,78.66000000
2026-09-24,76.75000000,78.58000000
2026-09-25,79.09000000,79.60000000
2026-09-28,78.29000000,77.04000000
2026-09-29,78.13000000,77.46000000
2026-09-30,78.13000000,78.03000000
2026-10-01,78.88000000,78.73000000
2026-10-02,81.58000000,81.01000000
2026-10-05,80.95000000,83.12000000
